pitcherPCode,hitterPCode,AVG,PA,AB,H,2B,3B,HR,RBI,BB,HBP,SO,SLG,OBP,OPS
62360,52001,0.000,1,1,0,0,0,0,0,0,0,0,0.000,0.000,0.000
62360,79240,0.000,1,1,0,0,0,0,0,0,0,0,0.000,0.000,0.000
62360,79402,0.500,2,2,1,0,0,0,0,0,0,0,0.500,0.500,1.000
62360,64004,0.500,2,2,1,0,0,0,0,0,0,0,0.500,0.500,1.000
62360,51003,0.000,1,1,0,0,0,0,0,0,0,0,0.000,0.000,0.000
62360,64007,0.000,1,1,0,0,0,0,0,0,0,0,0.000,0.000,0.000
62360,66706,1.000,1,1,1,0,0,0,0,0,0,0,1.000,1.000,2.000
55455,52001,1.000,1,1,1,0,0,0,0,0,0,0,1.000,1.000,2.000
55455,78548,0.333,3,3,1,1,0,0,1,0,0,0,0.667,0.333,1.000
55455,79402,0.000,1,1,0,0,0,0,0,0,0,1,0.000,0.000,0.000
55455,64004,0.333,3,3,1,0,0,0,0,0,0,0,0.333,0.333,0.666
55455,67644,0.000,1,1,0,0,0,0,0,0,0,0,0.000,0.000,0.000
65062,52001,0.000,1,1,0,0,0,0,0,0,0,1,0.000,0.000,0.000
65062,79240,0.000,1,1,0,0,0,0,0,0,0,0,0.000,0.000,0.000
65062,78548,-,1,0,0,0,0,0,0,1,0,0,0.000,1.000,1.000
65062,79402,0.000,1,1,0,0,0,0,0,0,0,1,0.000,0.000,0.000
65062,64004,0.000,2,2,0,0,0,0,0,0,0,0,0.000,0.000,0.000
65062,66706,0.000,1,1,0,0,0,0,0,0,0,0,0.000,0.000,0.000
65062,67644,0.000,1,1,0,0,0,0,0,0,0,0,0.000,0.000,0.000
50464,52001,1.000,1,1,1,0,0,0,0,0,0,0,1.000,1.000,2.000
50464,79240,0.000,2,1,0,0,0,0,0,1,0,0,0.000,0.500,0.500
50464,79402,0.000,1,1,0,0,0,0,0,0,0,0,0.000,0.000,0.000
50464,64166,0.000,1,1,0,0,0,0,0,0,0,1,0.000,0.000,0.000
50464,64504,0.333,3,3,1,0,0,1,2,0,0,0,1.333,0.333,1.666
50464,64115,0.000,1,1,0,0,0,0,0,0,0,1,0.000,0.000,0.000
60146,52001,0.500,2,2,1,0,0,0,0,0,0,0,0.500,0.500,1.000
60146,79402,0.000,2,2,0,0,0,0,0,0,0,1,0.000,0.000,0.000
60146,64004,0.000,1,1,0,0,0,0,0,0,0,0,0.000,0.000,0.000
60146,51003,0.000,1,1,0,0,0,0,0,0,0,1,0.000,0.000,0.000
60146,64166,0.000,1,1,0,0,0,0,0,0,0,0,0.000,0.000,0.000
60146,64504,0.000,1,1,0,0,0,0,0,0,0,0,0.000,0.000,0.000
68415,52001,0.000,3,3,0,0,0,0,0,0,0,0,0.000,0.000,0.000
68415,79402,0.333,3,3,1,1,0,0,1,0,0,0,0.667,0.333,1.000
68415,51003,0.500,2,2,1,1,0,0,1,0,0,0,1.000,0.500,1.500
68415,66706,0.000,2,1,0,0,0,0,0,1,0,1,0.000,0.500,0.500
53375,52001,0.000,3,3,0,0,0,0,0,0,0,2,0.000,0.000,0.000
53375,79240,0.500,3,2,1,0,0,0,0,0,1,0,0.500,0.667,1.167
53375,78548,0.333,6,6,2,0,0,0,0,0,0,1,0.333,0.333,0.666
53375,79402,0.333,3,3,1,0,0,0,0,0,0,0,0.333,0.333,0.666
53375,64004,0.333,3,3,1,0,0,0,0,0,0,0,0.333,0.333,0.666
53375,51003,1.000,3,1,1,1,0,0,2,2,0,0,2.000,1.000,3.000
53375,64504,0.000,3,3,0,0,0,0,0,0,0,2,0.000,0.000,0.000
77446,79240,0.000,1,1,0,0,0,0,0,0,0,1,0.000,0.000,0.000
77446,64004,0.000,1,1,0,0,0,0,0,0,0,0,0.000,0.000,0.000
77446,51003,-,1,0,0,0,0,0,0,1,0,0,0.000,1.000,1.000
69446,52001,0.000,3,2,0,0,0,0,0,0,1,1,0.000,0.333,0.333
69446,79240,0.000,4,4,0,0,0,0,0,0,0,1,0.000,0.000,0.000
69446,78548,0.000,3,2,0,0,0,0,0,1,0,1,0.000,0.333,0.333
69446,79402,0.444,9,9,4,0,0,0,0,0,0,0,0.444,0.444,0.888
69446,64004,0.125,9,8,1,0,0,0,0,1,0,3,0.125,0.222,0.347
69446,51003,0.750,5,4,3,1,0,0,3,1,0,1,1.000,0.800,1.800
69446,64504,0.000,2,2,0,0,0,0,0,0,0,0,0.000,0.000,0.000
69446,67644,0.000,3,2,0,0,0,0,0,1,0,1,0.000,0.333,0.333
65320,52001,0.333,3,3,1,0,0,0,0,0,0,2,0.333,0.333,0.666
65320,79240,0.000,3,2,0,0,0,0,0,1,0,0,0.000,0.333,0.333
65320,78548,1.000,3,1,1,0,0,0,0,2,0,0,1.000,1.000,2.000
65320,79402,0.200,6,5,1,0,0,0,0,1,0,2,0.200,0.333,0.533
65320,64004,0.000,3,2,0,0,0,0,0,0,1,0,0.000,0.333,0.333
65320,51003,0.333,3,3,1,0,0,0,0,0,0,1,0.333,0.333,0.666
65320,64504,0.500,2,2,1,0,0,0,0,0,0,0,0.500,0.500,1.000
62360,69102,0.000,1,1,0,0,0,0,0,0,0,1,0.000,0.000,0.000
62360,62415,0.000,2,2,0,0,0,0,0,0,0,0,0.000,0.000,0.000
62360,68119,0.500,2,2,1,0,0,0,0,0,0,1,0.500,0.500,1.000
62360,65207,0.000,1,1,0,0,0,0,1,0,0,0,0.000,0.000,0.000
62360,79365,0.000,1,1,0,0,0,0,0,0,0,0,0.000,0.000,0.000
62360,53123,0.000,2,2,0,0,0,0,0,0,0,0,0.000,0.000,0.000
62360,79109,0.500,3,2,1,0,0,1,1,0,0,0,2.000,0.500,2.500
62360,69100,-,1,0,0,0,0,0,0,0,0,0,0.000,0.000,0.000
62360,66108,0.000,3,2,0,0,0,0,0,0,1,1,0.000,0.333,0.333
62360,50054,0.500,2,2,1,0,0,0,1,0,0,1,0.500,0.500,1.000
62360,68110,-,1,0,0,0,0,0,0,0,1,0,0.000,1.000,1.000
62360,52154,1.000,1,1,1,0,0,0,0,0,0,0,1.000,1.000,2.000
55455,69102,0.500,2,2,1,0,0,0,0,0,0,0,0.500,0.500,1.000
55455,62415,-,2,0,0,0,0,0,0,1,0,0,0.000,1.000,1.000
55455,68119,0.000,1,1,0,0,0,0,0,0,0,0,0.000,0.000,0.000
55455,53123,0.000,2,1,0,0,0,0,0,1,0,0,0.000,0.500,0.500
55455,79109,0.000,1,1,0,0,0,0,0,0,0,0,0.000,0.000,0.000
55455,69100,0.000,1,1,0,0,0,0,0,0,0,0,0.000,0.000,0.000
55455,66108,0.000,3,1,0,0,0,0,0,2,0,1,0.000,0.667,0.667
55455,50054,0.000,2,1,0,0,0,0,0,1,0,0,0.000,0.500,0.500
55455,68110,0.000,1,1,0,0,0,0,0,0,0,1,0.000,0.000,0.000
65062,62415,0.000,1,1,0,0,0,0,1,0,0,0,0.000,0.000,0.000
65062,68119,-,1,0,0,0,0,0,0,1,0,0,0.000,1.000,1.000
65062,79365,-,1,0,0,0,0,0,1,1,0,0,0.000,1.000,1.000
65062,53123,0.000,2,1,0,0,0,0,0,1,0,0,0.000,0.500,0.500
65062,66108,1.000,1,1,1,1,0,0,0,0,0,0,2.000,1.000,3.000
65062,50054,0.000,1,1,0,0,0,0,0,0,0,0,0.000,0.000,0.000
65062,68110,-,1,0,0,0,0,0,0,1,0,0,0.000,1.000,1.000
65062,52103,0.000,1,1,0,0,0,0,0,0,0,0,0.000,0.000,0.000
50464,69102,0.000,1,1,0,0,0,0,0,0,0,0,0.000,0.000,0.000
50464,62415,1.000,1,1,1,0,0,0,0,0,0,0,1.000,1.000,2.000
50464,68119,0.000,1,1,0,0,0,0,0,0,0,1,0.000,0.000,0.000
50464,65207,0.000,1,1,0,0,0,0,0,0,0,0,0.000,0.000,0.000
50464,79365,1.000,1,1,1,1,0,0,0,0,0,0,2.000,1.000,3.000
50464,53123,1.000,1,1,1,0,0,0,0,0,0,0,1.000,1.000,2.000
50464,79109,-,1,0,0,0,0,0,0,1,0,0,0.000,1.000,1.000
50464,69100,-,1,0,0,0,0,0,0,1,0,0,0.000,1.000,1.000
50464,66108,0.333,3,3,1,0,0,0,0,0,0,1,0.333,0.333,0.666
50464,50054,0.500,2,2,1,0,0,0,0,0,0,1,0.500,0.500,1.000
50464,68110,0.000,1,1,0,0,0,0,0,0,0,0,0.000,0.000,0.000
60146,62415,0.000,1,1,0,0,0,0,0,0,0,0,0.000,0.000,0.000
60146,65207,0.000,3,3,0,0,0,0,0,0,0,0,0.000,0.000,0.000
60146,79365,0.000,3,3,0,0,0,0,0,0,0,2,0.000,0.000,0.000
60146,53123,0.000,2,2,0,0,0,0,0,0,0,2,0.000,0.000,0.000
60146,79109,0.000,1,1,0,0,0,0,0,0,0,1,0.000,0.000,0.000
60146,69100,0.000,1,1,0,0,0,0,0,0,0,0,0.000,0.000,0.000
60146,66108,0.000,1,1,0,0,0,0,0,0,0,1,0.000,0.000,0.000
60146,68110,1.000,1,1,1,0,0,0,0,0,0,0,1.000,1.000,2.000
60146,52154,0.000,1,1,0,0,0,0,0,0,0,1,0.000,0.000,0.000
60146,51100,0.000,1,1,0,0,0,0,0,0,0,0,0.000,0.000,0.000
68415,69102,1.000,1,1,1,0,0,1,1,0,0,0,4.000,1.000,5.000
68415,62415,0.000,4,4,0,0,0,0,0,0,0,0,0.000,0.000,0.000
68415,68119,0.000,1,1,0,0,0,0,0,0,0,0,0.000,0.000,0.000
68415,65207,0.500,2,2,1,0,0,0,0,0,0,0,0.500,0.500,1.000
68415,79365,0.000,1,1,0,0,0,0,0,0,0,1,0.000,0.000,0.000
68415,53123,0.000,4,4,0,0,0,0,0,0,0,1,0.000,0.000,0.000
68415,79109,0.000,3,3,0,0,0,0,0,0,0,0,0.000,0.000,0.000
68415,69100,0.000,4,3,0,0,0,0,0,1,0,0,0.000,0.250,0.250
68415,66108,0.500,2,2,1,0,0,0,0,0,0,1,0.500,0.500,1.000
68415,50054,0.000,3,3,0,0,0,0,0,0,0,0,0.000,0.000,0.000
68415,68110,0.000,2,2,0,0,0,0,0,0,0,1,0.000,0.000,0.000
68415,52154,1.000,2,2,2,0,0,1,1,0,0,0,2.500,1.000,3.500
68415,52103,1.000,1,1,1,0,0,0,0,0,0,0,1.000,1.000,2.000
53375,69102,0.000,6,6,0,0,0,0,0,0,0,1,0.000,0.000,0.000
53375,62415,0.250,4,4,1,0,0,0,0,0,0,1,0.250,0.250,0.500
53375,68119,0.167,6,6,1,0,0,0,0,0,0,0,0.167,0.167,0.334
53375,65207,0.333,6,6,2,0,0,0,0,0,0,0,0.333,0.333,0.666
53375,79365,0.333,3,3,1,0,0,1,2,0,0,0,1.333,0.333,1.666
53375,53123,0.000,4,3,0,0,0,0,0,1,0,1,0.000,0.250,0.250
53375,79109,0.667,4,3,2,0,0,0,0,1,0,0,0.667,0.750,1.417
53375,66108,0.333,5,3,1,0,0,0,1,1,1,1,0.333,0.600,0.933
53375,50054,0.250,4,4,1,0,0,0,1,0,0,0,0.250,0.250,0.500
53375,68110,0.000,3,2,0,0,0,0,0,1,0,0,0.000,0.333,0.333
53375,52154,0.333,3,3,1,0,0,0,0,0,0,1,0.333,0.333,0.666
53375,51100,0.000,2,2,0,0,0,0,0,0,0,0,0.000,0.000,0.000
77446,69102,-,1,0,0,0,0,0,1,0,0,0,0.000,0.000,0.000
77446,62415,1.000,1,1,1,0,0,0,1,0,0,0,1.000,1.000,2.000
77446,65207,0.000,1,1,0,0,0,0,0,0,0,0,0.000,0.000,0.000
77446,79109,0.000,1,1,0,0,0,0,0,0,0,1,0.000,0.000,0.000
77446,69100,-,1,0,0,0,0,0,0,0,0,0,0.000,0.000,0.000
77446,66108,-,1,0,0,0,0,0,0,1,0,0,0.000,1.000,1.000
77446,52154,0.000,1,1,0,0,0,0,0,0,0,1,0.000,0.000,0.000
77446,51100,0.000,1,1,0,0,0,0,0,0,0,1,0.000,0.000,0.000
69446,69102,0.000,4,3,0,0,0,0,0,1,0,0,0.000,0.250,0.250
69446,62415,0.375,9,8,3,0,0,0,1,0,0,0,0.375,0.375,0.750
69446,68119,0.000,3,3,0,0,0,0,0,0,0,0,0.000,0.000,0.000
69446,65207,0.286,7,7,2,0,0,0,0,0,0,2,0.286,0.286,0.572
69446,79365,0.429,8,7,3,1,0,0,2,0,0,3,0.571,0.375,0.946
69446,53123,0.143,8,7,1,0,1,0,0,0,1,2,0.429,0.250,0.679
69446,79109,0.286,7,7,2,0,0,0,4,0,0,1,0.286,0.286,0.572
69446,69100,0.333,3,3,1,0,0,0,1,0,0,0,0.333,0.333,0.666
69446,66108,0.600,5,5,3,1,0,0,0,0,0,0,0.800,0.600,1.400
69446,50054,0.625,8,8,5,2,0,0,2,0,0,0,0.875,0.625,1.500
69446,68110,0.333,6,6,2,1,0,0,0,0,0,2,0.500,0.333,0.833
69446,51100,0.000,2,2,0,0,0,0,1,0,0,1,0.000,0.000,0.000
65320,69102,0.333,3,3,1,0,0,0,2,0,0,0,0.333,0.333,0.666
65320,62415,0.400,5,5,2,0,0,1,1,0,0,0,1.000,0.400,1.400
65320,68119,0.000,2,2,0,0,0,0,0,0,0,0,0.000,0.000,0.000
65320,79365,0.250,5,4,1,0,0,0,0,0,0,1,0.250,0.250,0.500
65320,53123,0.167,6,6,1,0,0,0,0,0,0,1,0.167,0.167,0.334
65320,79109,0.250,5,4,1,0,0,0,0,1,0,1,0.250,0.400,0.650
65320,69100,0.250,5,4,1,0,0,0,0,1,0,1,0.250,0.400,0.650
65320,66108,0.333,6,6,2,0,0,0,0,0,0,1,0.333,0.333,0.666
65320,50054,0.000,3,3,0,0,0,0,0,0,0,1,0.000,0.000,0.000
65320,68110,0.333,5,3,1,1,0,0,0,1,1,0,0.667,0.600,1.267
51454,69102,0.000,1,1,0,0,0,0,0,0,0,1,0.000,0.000,0.000
51454,62415,0.000,1,1,0,0,0,0,0,0,0,0,0.000,0.000,0.000
51454,68119,0.000,1,1,0,0,0,0,0,0,0,0,0.000,0.000,0.000
51454,79109,0.000,1,1,0,0,0,0,0,0,0,1,0.000,0.000,0.000
51454,69100,0.000,1,1,0,0,0,0,0,0,0,0,0.000,0.000,0.000
51454,66108,0.000,1,1,0,0,0,0,0,0,0,0,0.000,0.000,0.000
51454,68110,0.000,1,1,0,0,0,0,0,0,0,0,0.000,0.000,0.000
62360,68646,-,1,0,0,0,0,0,0,1,0,0,0.000,1.000,1.000
62360,52605,1.000,1,1,1,0,0,1,3,0,0,0,4.000,1.000,5.000
55455,65653,1.000,2,1,1,0,0,0,0,1,0,0,1.000,1.000,2.000
55455,62947,0.250,6,4,1,0,0,0,0,1,1,2,0.250,0.500,0.750
55455,78603,-,1,0,0,0,0,0,0,0,0,0,0.000,0.000,0.000
55455,78122,0.000,2,2,0,0,0,0,0,0,0,1,0.000,0.000,0.000
55455,52605,1.000,4,1,1,0,0,1,1,3,0,0,4.000,1.000,5.000
65062,65653,0.000,1,1,0,0,0,0,0,0,0,0,0.000,0.000,0.000
65062,62947,0.000,1,1,0,0,0,0,0,0,0,1,0.000,0.000,0.000
65062,78603,0.333,3,3,1,0,0,0,0,0,0,1,0.333,0.333,0.666
65062,68646,0.000,2,1,0,0,0,0,0,1,0,0,0.000,0.500,0.500
65062,78122,1.000,1,1,1,1,0,0,0,0,0,0,2.000,1.000,3.000
65062,52605,0.000,3,3,0,0,0,0,0,0,0,0,0.000,0.000,0.000
50464,65653,0.000,1,1,0,0,0,0,0,0,0,0,0.000,0.000,0.000
50464,62947,0.000,3,3,0,0,0,0,0,0,0,1,0.000,0.000,0.000
50464,78603,1.000,3,1,1,0,0,0,1,1,1,0,1.000,1.000,2.000
50464,68646,0.000,1,1,0,0,0,0,0,0,0,0,0.000,0.000,0.000
50464,78122,0.500,2,2,1,0,0,0,0,0,0,0,0.500,0.500,1.000
50464,52667,0.000,1,1,0,0,0,0,0,0,0,0,0.000,0.000,0.000
50464,69727,0.000,1,1,0,0,0,0,0,0,0,0,0.000,0.000,0.000
50464,52605,0.500,2,2,1,0,0,0,1,0,0,1,0.500,0.500,1.000
60146,69636,0.000,2,2,0,0,0,0,0,0,0,0,0.000,0.000,0.000
60146,65653,0.000,2,2,0,0,0,0,0,0,0,0,0.000,0.000,0.000
60146,62947,0.500,3,2,1,0,0,0,0,1,0,1,0.500,0.667,1.167
60146,78603,-,1,0,0,0,0,0,0,1,0,0,0.000,1.000,1.000
60146,68646,0.000,2,2,0,0,0,0,0,0,0,1,0.000,0.000,0.000
60146,78122,0.000,1,1,0,0,0,0,0,0,0,1,0.000,0.000,0.000
60146,66614,0.000,1,1,0,0,0,0,0,0,0,0,0.000,0.000,0.000
60146,52605,1.000,1,1,1,0,0,0,0,0,0,0,1.000,1.000,2.000
68415,65653,0.556,9,9,5,1,0,0,2,0,0,4,0.667,0.556,1.223
68415,62947,0.714,8,7,5,0,0,1,1,1,0,1,1.143,0.750,1.893
68415,78603,0.000,2,1,0,0,0,0,0,1,0,0,0.000,0.500,0.500
68415,78122,0.286,8,7,2,1,0,0,3,1,0,0,0.429,0.375,0.804
68415,66614,0.000,3,3,0,0,0,0,0,0,0,1,0.000,0.000,0.000
68415,52667,0.500,3,2,1,0,0,0,0,1,0,0,0.500,0.667,1.167
68415,52605,0.300,10,10,3,1,0,1,2,0,0,1,0.700,0.300,1.000
53375,65653,0.667,3,3,2,0,0,0,0,0,0,1,0.667,0.667,1.334
53375,62947,0.667,3,3,2,0,0,0,0,0,0,0,0.667,0.667,1.334
53375,78603,0.000,4,4,0,0,0,0,0,0,0,0,0.000,0.000,0.000
53375,78122,0.333,3,3,1,0,0,0,1,0,0,1,0.333,0.333,0.666
53375,52605,0.333,3,3,1,0,1,0,0,0,0,1,1.000,0.333,1.333
69446,65653,0.000,3,3,0,0,0,0,0,0,0,1,0.000,0.000,0.000
69446,62947,0.667,3,3,2,0,0,0,2,0,0,0,0.667,0.667,1.334
69446,78603,0.667,3,3,2,1,0,0,2,0,0,0,1.000,0.667,1.667
69446,68646,0.000,3,2,0,0,0,0,1,0,0,1,0.000,0.000,0.000
69446,78122,0.500,3,2,1,0,0,0,0,0,0,0,0.500,0.500,1.000
69446,52605,0.000,3,1,0,0,0,0,0,2,0,0,0.000,0.667,0.667
65320,65653,0.500,2,2,1,0,0,0,1,0,0,0,0.500,0.500,1.000
65320,62947,0.000,4,3,0,0,0,0,0,1,0,1,0.000,0.250,0.250
65320,78603,0.000,2,2,0,0,0,0,0,0,0,1,0.000,0.000,0.000
65320,68646,0.000,2,2,0,0,0,0,0,0,0,0,0.000,0.000,0.000
65320,78122,0.500,2,2,1,0,0,0,0,0,0,1,0.500,0.500,1.000
65320,66614,0.500,4,4,2,0,0,0,2,0,0,1,0.500,0.500,1.000
65320,52605,0.500,5,4,2,0,0,1,3,0,0,0,1.250,0.400,1.650
51454,65653,0.000,5,4,0,0,0,0,0,0,0,1,0.000,0.000,0.000
51454,62947,0.750,4,4,3,0,0,1,4,0,0,1,1.500,0.750,2.250
51454,78603,0.500,4,2,1,0,0,0,0,2,0,1,0.500,0.750,1.250
51454,68646,1.000,4,2,2,0,0,0,0,2,0,0,1.000,1.000,2.000
51454,78122,0.000,2,2,0,0,0,0,0,0,0,1,0.000,0.000,0.000
51454,52667,0.000,1,1,0,0,0,0,0,0,0,0,0.000,0.000,0.000
51454,52605,0.333,4,3,1,0,0,1,2,1,0,1,1.333,0.500,1.833
62360,79231,-,1,0,0,0,0,0,0,1,0,0,0.000,1.000,1.000
62360,76232,0.000,2,2,0,0,0,0,0,0,0,1,0.000,0.000,0.000
62360,55252,0.000,2,1,0,0,0,0,0,0,1,0,0.000,0.500,0.500
62360,64153,0.000,1,1,0,0,0,0,0,0,0,0,0.000,0.000,0.000
62360,53554,1.000,1,1,1,0,0,0,1,0,0,0,1.000,1.000,2.000
55455,79231,-,1,0,0,0,0,0,0,1,0,0,0.000,1.000,1.000
55455,76232,1.000,1,1,1,0,0,0,0,0,0,0,1.000,1.000,2.000
55455,63123,1.000,1,1,1,0,0,1,4,0,0,0,4.000,1.000,5.000
55455,67207,0.000,2,2,0,0,0,0,0,0,0,0,0.000,0.000,0.000
55455,55252,0.000,1,1,0,0,0,0,0,0,0,0,0.000,0.000,0.000
55455,51203,0.500,2,2,1,0,0,1,1,0,0,0,2.000,0.500,2.500
65062,79231,0.000,1,1,0,0,0,0,0,0,0,0,0.000,0.000,0.000
65062,76232,0.000,4,3,0,0,0,0,0,1,0,0,0.000,0.250,0.250
65062,63123,0.000,2,2,0,0,0,0,0,0,0,0,0.000,0.000,0.000
65062,50208,0.000,1,1,0,0,0,0,0,0,0,1,0.000,0.000,0.000
65062,67207,0.000,1,1,0,0,0,0,0,0,0,0,0.000,0.000,0.000
65062,55252,0.500,2,2,1,1,0,0,3,0,0,1,1.000,0.500,1.500
65062,64153,-,1,0,0,0,0,0,0,1,0,0,0.000,1.000,1.000
65062,53554,0.000,2,2,0,0,0,0,0,0,0,2,0.000,0.000,0.000
65062,63257,-,1,0,0,0,0,0,0,1,0,0,0.000,1.000,1.000
65062,51203,1.000,2,2,2,1,0,1,1,0,0,0,3.000,1.000,4.000
50464,79231,0.000,3,1,0,0,0,0,0,2,0,0,0.000,0.667,0.667
50464,76232,1.000,2,2,2,0,0,0,0,0,0,0,1.000,1.000,2.000
50464,63123,0.500,4,4,2,0,0,0,0,0,0,1,0.500,0.500,1.000
50464,67207,0.000,2,2,0,0,0,0,0,0,0,1,0.000,0.000,0.000
50464,55252,0.000,1,1,0,0,0,0,0,0,0,0,0.000,0.000,0.000
50464,53554,0.500,2,2,1,0,0,0,1,0,0,0,0.500,0.500,1.000
50464,51203,0.000,2,2,0,0,0,0,0,0,0,1,0.000,0.000,0.000
50464,66209,0.000,1,1,0,0,0,0,0,0,0,0,0.000,0.000,0.000
60146,79231,0.500,2,2,1,0,0,0,0,0,0,0,0.500,0.500,1.000
60146,63123,0.000,1,1,0,0,0,0,0,0,0,0,0.000,0.000,0.000
60146,67207,0.500,2,2,1,0,0,0,1,0,0,0,0.500,0.500,1.000
60146,64153,0.000,2,2,0,0,0,0,0,0,0,0,0.000,0.000,0.000
60146,53554,0.000,2,2,0,0,0,0,0,0,0,1,0.000,0.000,0.000
60146,51203,0.000,2,2,0,0,0,0,0,0,0,0,0.000,0.000,0.000
68415,79231,0.400,6,5,2,0,0,0,0,1,0,0,0.400,0.500,0.900
68415,76232,0.333,3,3,1,0,0,0,0,0,0,0,0.333,0.333,0.666
68415,63123,0.333,4,3,1,0,0,0,1,0,0,1,0.333,0.250,0.583
68415,67207,0.000,2,2,0,0,0,0,0,0,0,2,0.000,0.000,0.000
68415,64153,0.000,2,2,0,0,0,0,0,0,0,0,0.000,0.000,0.000
68415,53554,0.500,4,4,2,1,0,0,0,0,0,0,0.750,0.500,1.250
68415,66112,0.000,2,2,0,0,0,0,0,0,0,1,0.000,0.000,0.000
68415,51203,0.000,2,1,0,0,0,0,0,1,0,0,0.000,0.500,0.500
53375,79231,0.500,2,2,1,0,0,0,0,0,0,1,0.500,0.500,1.000
53375,76232,0.667,3,3,2,0,0,0,0,0,0,1,0.667,0.667,1.334
53375,63123,0.333,3,3,1,0,0,0,0,0,0,1,0.333,0.333,0.666
53375,55252,0.000,3,3,0,0,0,0,0,0,0,1,0.000,0.000,0.000
53375,64153,0.000,3,3,0,0,0,0,0,0,0,1,0.000,0.000,0.000
53375,53554,0.000,3,3,0,0,0,0,0,0,0,0,0.000,0.000,0.000
77446,79231,0.667,3,3,2,0,0,1,4,0,0,0,1.667,0.667,2.334
77446,53554,0.000,1,1,0,0,0,0,0,0,0,0,0.000,0.000,0.000
69446,79231,0.200,6,5,1,0,0,0,0,1,0,1,0.200,0.333,0.533
69446,76232,0.600,6,5,3,1,0,0,1,0,1,0,0.800,0.667,1.467
69446,50208,0.000,3,1,0,0,0,0,0,2,0,1,0.000,0.667,0.667
69446,67207,0.200,5,5,1,0,0,0,0,0,0,2,0.200,0.200,0.400
69446,55252,0.667,3,3,2,1,0,0,0,0,0,1,1.000,0.667,1.667
69446,53554,0.167,6,6,1,0,0,0,0,0,0,1,0.167,0.167,0.334
69446,51203,0.000,3,3,0,0,0,0,0,0,0,0,0.000,0.000,0.000
65320,79231,0.500,2,2,1,0,1,0,0,0,0,0,1.500,0.500,2.000
65320,76232,0.333,3,3,1,0,0,0,1,0,0,1,0.333,0.333,0.666
65320,55252,0.667,3,3,2,0,0,0,0,0,0,1,0.667,0.667,1.334
65320,64153,0.000,3,3,0,0,0,0,0,0,0,1,0.000,0.000,0.000
65320,53554,0.500,3,2,1,0,0,0,0,0,0,1,0.500,0.500,1.000
65320,51203,0.333,3,3,1,1,0,0,1,0,0,0,0.667,0.333,1.000
54404,76232,0.000,1,1,0,0,0,0,0,0,0,0,0.000,0.000,0.000
54404,63123,-,1,0,0,0,0,0,0,0,1,0,0.000,1.000,1.000
54404,64153,0.000,1,1,0,0,0,0,0,0,0,0,0.000,0.000,0.000
54404,53554,0.000,1,1,0,0,0,0,0,0,0,1,0.000,0.000,0.000
54404,51203,-,1,0,0,0,0,0,1,0,0,0,0.000,0.000,0.000
51454,79231,0.000,3,3,0,0,0,0,0,0,0,2,0.000,0.000,0.000
51454,76232,0.500,3,2,1,1,0,0,2,0,1,0,1.000,0.667,1.667
51454,63123,0.000,3,3,0,0,0,0,0,0,0,3,0.000,0.000,0.000
51454,67207,0.000,2,1,0,0,0,0,1,1,0,0,0.000,0.500,0.500
51454,55252,1.000,1,1,1,0,0,0,0,0,0,0,1.000,1.000,2.000
51454,64153,0.000,2,2,0,0,0,0,0,0,0,0,0.000,0.000,0.000
51454,51203,0.500,3,2,1,0,0,0,1,1,0,1,0.500,0.667,1.167
51454,66209,0.000,2,2,0,0,0,0,0,0,0,1,0.000,0.000,0.000
62360,51344,0.000,1,1,0,0,0,0,0,0,0,0,0.000,0.000,0.000
62360,68912,0.000,1,1,0,0,0,0,0,0,0,0,0.000,0.000,0.000
62360,67905,0.000,1,1,0,0,0,0,0,0,0,1,0.000,0.000,0.000
62360,50902,0.000,1,1,0,0,0,0,0,0,0,0,0.000,0.000,0.000
55455,51907,0.000,1,1,0,0,0,0,0,0,0,0,0.000,0.000,0.000
55455,62907,0.000,1,1,0,0,0,0,0,0,0,0,0.000,0.000,0.000
55455,68912,0.333,3,3,1,1,0,0,0,0,0,0,0.667,0.333,1.000
55455,69995,0.000,2,1,0,0,0,0,0,1,0,1,0.000,0.500,0.500
55455,69992,-,1,0,0,0,0,0,0,1,0,0,0.000,1.000,1.000
65062,51907,0.000,1,1,0,0,0,0,0,0,0,0,0.000,0.000,0.000
65062,51344,0.000,4,4,0,0,0,0,0,0,0,0,0.000,0.000,0.000
65062,62907,0.333,3,3,1,0,0,0,0,0,0,0,0.333,0.333,0.666
65062,63963,0.000,1,1,0,0,0,0,0,0,0,0,0.000,0.000,0.000
65062,79215,0.000,3,2,0,0,0,0,0,1,0,1,0.000,0.333,0.333
65062,68912,0.200,5,5,1,0,0,0,0,0,0,4,0.200,0.200,0.400
65062,63260,0.000,2,2,0,0,0,0,0,0,0,0,0.000,0.000,0.000
65062,67905,0.333,3,3,1,0,0,0,0,0,0,0,0.333,0.333,0.666
65062,69995,0.000,1,1,0,0,0,0,0,0,0,0,0.000,0.000,0.000
65062,68904,0.000,1,1,0,0,0,0,0,0,0,1,0.000,0.000,0.000
65062,69992,0.000,2,2,0,0,0,0,0,0,0,0,0.000,0.000,0.000
65062,64101,0.000,1,1,0,0,0,0,0,0,0,0,0.000,0.000,0.000
65062,50902,0.500,2,2,1,0,0,0,1,0,0,1,0.500,0.500,1.000
50464,51907,0.000,7,7,0,0,0,0,0,0,0,0,0.000,0.000,0.000
50464,51344,0.000,3,3,0,0,0,0,0,0,0,1,0.000,0.000,0.000
50464,62907,0.667,4,3,2,0,0,0,1,1,0,0,0.667,0.750,1.417
50464,63963,0.000,2,2,0,0,0,0,0,0,0,0,0.000,0.000,0.000
50464,79215,0.000,2,2,0,0,0,0,0,0,0,0,0.000,0.000,0.000
50464,68912,1.000,1,1,1,0,0,1,1,0,0,0,4.000,1.000,5.000
50464,63260,0.500,3,2,1,1,0,0,2,1,0,0,1.000,0.667,1.667
50464,67905,0.000,2,2,0,0,0,0,0,0,0,1,0.000,0.000,0.000
50464,69995,-,1,0,0,0,0,0,0,1,0,0,0.000,1.000,1.000
50464,68904,-,1,0,0,0,0,0,0,1,0,0,0.000,1.000,1.000
50464,69992,0.500,3,2,1,0,0,0,0,1,0,0,0.500,0.667,1.167
50464,64101,-,1,0,0,0,0,0,0,1,0,0,0.000,1.000,1.000
60146,51907,0.000,2,2,0,0,0,0,1,0,0,0,0.000,0.000,0.000
60146,51344,0.000,1,1,0,0,0,0,0,0,0,0,0.000,0.000,0.000
60146,62907,-,1,0,0,0,0,0,0,1,0,0,0.000,1.000,1.000
60146,79215,0.000,2,1,0,0,0,0,0,1,0,1,0.000,0.500,0.500
60146,68912,1.000,1,1,1,0,0,0,0,0,0,0,1.000,1.000,2.000
60146,63260,0.500,3,2,1,0,0,0,0,1,0,0,0.500,0.667,1.167
60146,67905,1.000,1,1,1,0,0,0,0,0,0,0,1.000,1.000,2.000
60146,69995,1.000,1,1,1,0,0,0,0,0,0,0,1.000,1.000,2.000
60146,69992,0.000,1,1,0,0,0,0,0,0,0,1,0.000,0.000,0.000
60146,64101,0.000,1,1,0,0,0,0,0,0,0,0,0.000,0.000,0.000
60146,50902,-,1,0,0,0,0,0,0,1,0,0,0.000,1.000,1.000
68415,51907,-,1,0,0,0,0,0,1,0,0,0,0.000,0.000,0.000
68415,63963,0.500,2,2,1,0,0,0,0,0,0,1,0.500,0.500,1.000
68415,79215,0.000,1,1,0,0,0,0,0,0,0,1,0.000,0.000,0.000
68415,68912,1.000,1,1,1,0,0,1,3,0,0,0,4.000,1.000,5.000
68415,63260,1.000,1,1,1,1,0,0,0,0,0,0,2.000,1.000,3.000
68415,67905,-,1,0,0,0,0,0,0,0,0,0,0.000,0.000,0.000
68415,69995,0.000,1,1,0,0,0,0,0,0,0,0,0.000,0.000,0.000
68415,68904,0.000,1,1,0,0,0,0,0,0,0,0,0.000,0.000,0.000
68415,64101,0.000,1,1,0,0,0,0,0,0,0,1,0.000,0.000,0.000
53375,51907,0.385,13,13,5,1,0,1,2,0,0,0,0.692,0.385,1.077
53375,51344,0.167,6,6,1,0,0,1,1,0,0,3,0.667,0.167,0.834
53375,62907,0.222,12,9,2,1,0,0,1,2,1,1,0.333,0.417,0.750
53375,63963,0.200,5,5,1,0,0,0,0,0,0,1,0.200,0.200,0.400
53375,79215,0.273,12,11,3,0,0,0,0,1,0,2,0.273,0.333,0.606
53375,68912,0.222,11,9,2,0,0,0,1,2,0,2,0.222,0.364,0.586
53375,63260,0.455,12,11,5,0,0,1,2,1,0,0,0.727,0.500,1.227
53375,67905,0.667,3,3,2,0,0,0,0,0,0,0,0.667,0.667,1.334
53375,69995,0.200,6,5,1,0,0,0,1,0,0,2,0.200,0.200,0.400
53375,68904,0.000,3,3,0,0,0,0,0,0,0,2,0.000,0.000,0.000
53375,69992,0.000,2,1,0,0,0,0,0,0,0,0,0.000,0.000,0.000
53375,64101,0.000,3,2,0,0,0,0,1,0,0,0,0.000,0.000,0.000
53375,50902,0.333,4,3,1,0,0,0,0,1,0,0,0.333,0.500,0.833
77446,51907,0.333,3,3,1,0,0,0,0,0,0,0,0.333,0.333,0.666
77446,62907,0.667,3,3,2,0,0,1,1,0,0,0,1.667,0.667,2.334
77446,63963,1.000,1,1,1,0,0,1,2,0,0,0,4.000,1.000,5.000
77446,79215,0.000,1,1,0,0,0,0,0,0,0,0,0.000,0.000,0.000
77446,63260,0.333,3,3,1,0,0,0,1,0,0,0,0.333,0.333,0.666
77446,69995,0.000,1,1,0,0,0,0,0,0,0,0,0.000,0.000,0.000
77446,69992,0.000,1,1,0,0,0,0,0,0,0,0,0.000,0.000,0.000
69446,51907,0.667,9,9,6,1,0,0,1,0,0,0,0.778,0.667,1.445
69446,51344,0.000,3,3,0,0,0,0,0,0,0,1,0.000,0.000,0.000
69446,62907,0.167,6,6,1,0,0,0,2,0,0,0,0.167,0.167,0.334
69446,63963,0.000,3,2,0,0,0,0,0,1,0,0,0.000,0.333,0.333
69446,79215,0.250,6,4,1,0,0,1,1,1,1,0,1.000,0.500,1.500
69446,68912,0.000,5,5,0,0,0,0,0,0,0,2,0.000,0.000,0.000
69446,63260,0.375,8,8,3,1,0,0,1,0,0,0,0.500,0.375,0.875
69446,67905,0.667,3,3,2,0,0,0,0,0,0,0,0.667,0.667,1.334
69446,69995,0.000,2,2,0,0,0,0,0,0,0,0,0.000,0.000,0.000
69446,68904,0.500,2,2,1,0,0,0,0,0,0,0,0.500,0.500,1.000
69446,69992,0.750,5,4,3,0,0,0,2,0,0,1,0.750,0.750,1.500
69446,50902,0.500,3,2,1,0,0,0,0,0,0,0,0.500,0.500,1.000
65320,51907,0.333,3,3,1,0,0,1,1,0,0,1,1.333,0.333,1.666
65320,62907,0.333,3,3,1,0,0,1,2,0,0,0,1.333,0.333,1.666
65320,79215,0.000,3,3,0,0,0,0,0,0,0,1,0.000,0.000,0.000
65320,68912,0.000,2,2,0,0,0,0,0,0,0,1,0.000,0.000,0.000
65320,63260,0.667,3,3,2,1,0,0,0,0,0,0,1.000,0.667,1.667
65320,69995,0.000,2,2,0,0,0,0,0,0,0,0,0.000,0.000,0.000
51454,51907,0.500,2,2,1,1,0,0,0,0,0,0,1.000,0.500,1.500
51454,51344,0.500,2,2,1,0,0,0,1,0,0,0,0.500,0.500,1.000
51454,62907,0.000,2,2,0,0,0,0,0,0,0,0,0.000,0.000,0.000
51454,63963,0.000,1,1,0,0,0,0,0,0,0,1,0.000,0.000,0.000
51454,79215,1.000,1,1,1,0,0,0,0,0,0,0,1.000,1.000,2.000
51454,68912,1.000,1,1,1,0,0,0,1,0,0,0,1.000,1.000,2.000
51454,67905,-,1,0,0,0,0,0,0,0,0,0,0.000,0.000,0.000
51454,69992,1.000,2,2,2,0,0,0,0,0,0,0,1.000,1.000,2.000
62360,52591,0.000,1,1,0,0,0,0,0,0,0,0,0.000,0.000,0.000
62360,68205,0.500,2,2,1,1,0,0,1,0,0,0,1.000,0.500,1.500
62360,52568,1.000,2,2,2,1,0,0,0,0,0,0,1.500,1.000,2.500
55455,54529,0.500,3,2,1,0,0,1,3,1,0,0,2.000,0.667,2.667
55455,69517,1.000,1,1,1,0,0,0,0,0,0,0,1.000,1.000,2.000
55455,51551,-,1,0,0,0,0,0,0,1,0,0,0.000,1.000,1.000
55455,50150,1.000,1,1,1,0,0,1,1,0,0,0,4.000,1.000,5.000
55455,68507,0.000,1,1,0,0,0,0,0,0,0,0,0.000,0.000,0.000
55455,50500,0.000,1,1,0,0,0,0,0,0,0,0,0.000,0.000,0.000
65062,54529,0.000,2,2,0,0,0,0,0,0,0,0,0.000,0.000,0.000
65062,69517,0.250,4,4,1,1,0,0,0,0,0,2,0.500,0.250,0.750
65062,52591,0.000,1,1,0,0,0,0,0,0,0,1,0.000,0.000,0.000
65062,68205,0.000,1,1,0,0,0,0,0,0,0,0,0.000,0.000,0.000
65062,68507,0.000,1,1,0,0,0,0,0,0,0,1,0.000,0.000,0.000
65062,50500,0.000,2,2,0,0,0,0,0,0,0,1,0.000,0.000,0.000
50464,54529,0.000,4,4,0,0,0,0,0,0,0,2,0.000,0.000,0.000
50464,69517,0.000,1,1,0,0,0,0,0,0,0,0,0.000,0.000,0.000
50464,78513,0.000,2,2,0,0,0,0,0,0,0,1,0.000,0.000,0.000
50464,52591,0.000,2,2,0,0,0,0,0,0,0,2,0.000,0.000,0.000
50464,51551,0.000,3,2,0,0,0,0,0,1,0,1,0.000,0.333,0.333
50464,50150,0.000,1,1,0,0,0,0,0,0,0,1,0.000,0.000,0.000
50464,68205,1.000,2,2,2,1,0,0,3,0,0,0,1.500,1.000,2.500
50464,61102,0.000,2,2,0,0,0,0,0,0,0,0,0.000,0.000,0.000
50464,50500,0.500,2,2,1,0,0,0,0,0,0,1,0.500,0.500,1.000
50464,52568,0.000,2,1,0,0,0,0,0,1,0,0,0.000,0.500,0.500
50464,55530,-,1,0,0,0,0,0,0,1,0,0,0.000,1.000,1.000
60146,54529,-,1,0,0,0,0,0,0,1,0,0,0.000,1.000,1.000
60146,69517,1.000,1,1,1,1,0,0,0,0,0,0,2.000,1.000,3.000
60146,52591,1.000,1,1,1,0,0,0,1,0,0,0,1.000,1.000,2.000
60146,51551,1.000,1,1,1,1,0,0,1,0,0,0,2.000,1.000,3.000
60146,50150,0.000,2,2,0,0,0,0,0,0,0,1,0.000,0.000,0.000
60146,68205,0.333,3,3,1,0,0,0,0,0,0,1,0.333,0.333,0.666
60146,68507,1.000,1,1,1,0,0,0,1,0,0,0,1.000,1.000,2.000
60146,50500,0.500,2,2,1,0,0,0,0,0,0,0,0.500,0.500,1.000
60146,52568,0.333,3,3,1,0,0,0,0,0,0,0,0.333,0.333,0.666
60146,55530,0.000,1,1,0,0,0,0,0,0,0,1,0.000,0.000,0.000
68415,54529,0.500,6,4,2,0,0,1,3,2,0,1,1.250,0.667,1.917
68415,69517,0.167,6,6,1,0,0,0,0,0,0,1,0.167,0.167,0.334
68415,78513,0.000,1,1,0,0,0,0,0,0,0,0,0.000,0.000,0.000
68415,51551,0.250,4,4,1,1,0,0,0,0,0,2,0.500,0.250,0.750
68415,50150,0.000,2,2,0,0,0,0,0,0,0,1,0.000,0.000,0.000
68415,68205,0.000,2,2,0,0,0,0,0,0,0,1,0.000,0.000,0.000
68415,61102,0.000,1,1,0,0,0,0,0,0,0,0,0.000,0.000,0.000
68415,68507,0.333,3,3,1,0,0,0,0,0,0,0,0.333,0.333,0.666
68415,50500,0.000,8,8,0,0,0,0,0,0,0,1,0.000,0.000,0.000
68415,52568,0.500,2,2,1,0,0,0,0,0,0,1,0.500,0.500,1.000
68415,55530,0.000,2,1,0,0,0,0,0,1,0,1,0.000,0.500,0.500
53375,54529,0.333,3,3,1,0,0,0,0,0,0,0,0.333,0.333,0.666
53375,78513,0.000,3,3,0,0,0,0,0,0,0,0,0.000,0.000,0.000
53375,52591,0.667,3,3,2,1,0,1,2,0,0,1,2.000,0.667,2.667
53375,50150,0.333,3,3,1,0,0,0,0,0,0,0,0.333,0.333,0.666
53375,68205,1.000,2,1,1,0,0,0,1,0,0,0,1.000,0.500,1.500
53375,61102,0.333,3,3,1,0,0,0,0,0,0,0,0.333,0.333,0.666
53375,68507,0.000,2,2,0,0,0,0,0,0,0,0,0.000,0.000,0.000
53375,52568,0.000,3,3,0,0,0,0,0,0,0,1,0.000,0.000,0.000
77446,54529,0.000,1,1,0,0,0,0,0,0,0,1,0.000,0.000,0.000
77446,52591,0.000,1,1,0,0,0,0,0,0,0,0,0.000,0.000,0.000
77446,50150,0.000,1,1,0,0,0,0,0,0,0,0,0.000,0.000,0.000
77446,77564,0.000,1,1,0,0,0,0,0,0,0,0,0.000,0.000,0.000
69446,54529,0.429,7,7,3,3,0,0,3,0,0,1,0.857,0.429,1.286
69446,69517,0.000,7,5,0,0,0,0,0,2,0,2,0.000,0.286,0.286
69446,52591,0.333,6,6,2,1,0,0,1,0,0,2,0.500,0.333,0.833
69446,51551,0.400,6,5,2,0,0,0,1,1,0,0,0.400,0.500,0.900
69446,68205,0.000,2,1,0,0,0,0,0,1,0,1,0.000,0.500,0.500
69446,61102,0.667,3,3,2,0,0,0,1,0,0,0,0.667,0.667,1.334
69446,50500,0.429,7,7,3,0,0,0,0,0,0,0,0.429,0.429,0.858
69446,52568,0.000,2,2,0,0,0,0,0,0,0,0,0.000,0.000,0.000
65320,54529,0.000,6,4,0,0,0,0,0,2,0,3,0.000,0.333,0.333
65320,69517,1.000,2,2,2,0,0,2,2,0,0,0,4.000,1.000,5.000
65320,78513,0.667,3,3,2,0,0,0,0,0,0,1,0.667,0.667,1.334
65320,52591,0.400,5,5,2,0,0,0,0,0,0,2,0.400,0.400,0.800
65320,51551,0.000,3,3,0,0,0,0,0,0,0,0,0.000,0.000,0.000
65320,50150,0.333,3,3,1,0,0,1,1,0,0,0,1.333,0.333,1.666
65320,68205,0.000,4,4,0,0,0,0,0,0,0,2,0.000,0.000,0.000
65320,61102,0.000,2,2,0,0,0,0,0,0,0,1,0.000,0.000,0.000
65320,50500,0.200,5,5,1,0,0,0,0,0,0,2,0.200,0.200,0.400
65320,52568,0.500,2,2,1,1,0,0,0,0,0,0,1.000,0.500,1.500
54404,54529,1.000,1,1,1,0,0,1,2,0,0,0,4.000,1.000,5.000
54404,52591,0.000,1,1,0,0,0,0,0,0,0,1,0.000,0.000,0.000
54404,50150,0.000,1,1,0,0,0,0,0,0,0,1,0.000,0.000,0.000
54404,68205,-,1,0,0,0,0,0,0,1,0,0,0.000,1.000,1.000
54404,68507,-,1,0,0,0,0,0,0,0,0,0,0.000,0.000,0.000
51454,51551,1.000,1,1,1,0,0,0,0,0,0,0,1.000,1.000,2.000
51454,52568,0.000,1,1,0,0,0,0,0,0,0,0,0.000,0.000,0.000
62360,54812,0.000,1,1,0,0,0,0,0,0,0,0,0.000,0.000,0.000
62360,53827,0.000,1,1,0,0,0,0,0,0,0,0,0.000,0.000,0.000
62360,51865,0.000,2,1,0,0,0,0,0,1,0,0,0.000,0.500,0.500
62360,66864,0.000,1,1,0,0,0,0,0,0,0,0,0.000,0.000,0.000
62360,62934,0.000,1,1,0,0,0,0,0,0,0,0,0.000,0.000,0.000
55455,50854,0.000,3,2,0,0,0,0,0,1,0,1,0.000,0.333,0.333
55455,67893,0.500,4,2,1,0,0,0,0,2,0,1,0.500,0.750,1.250
55455,62895,-,1,0,0,0,0,0,0,1,0,0,0.000,1.000,1.000
55455,54812,0.000,2,1,0,0,0,0,1,0,0,1,0.000,0.000,0.000
55455,53827,-,3,0,0,0,0,0,0,3,0,0,0.000,1.000,1.000
55455,75847,0.000,1,1,0,0,0,0,0,0,0,1,0.000,0.000,0.000
55455,66864,0.000,1,1,0,0,0,0,0,0,0,0,0.000,0.000,0.000
55455,60558,0.000,1,1,0,0,0,0,0,0,0,0,0.000,0.000,0.000
55455,62934,0.000,1,1,0,0,0,0,0,0,0,0,0.000,0.000,0.000
65062,50854,0.000,2,2,0,0,0,0,0,0,0,0,0.000,0.000,0.000
65062,67893,0.000,1,1,0,0,0,0,0,0,0,1,0.000,0.000,0.000
65062,62895,0.333,4,3,1,0,0,0,0,1,0,1,0.333,0.500,0.833
65062,54812,0.000,2,1,0,0,0,0,0,1,0,0,0.000,0.500,0.500
65062,53827,0.000,3,3,0,0,0,0,0,0,0,0,0.000,0.000,0.000
65062,75847,0.000,3,2,0,0,0,0,0,0,1,1,0.000,0.333,0.333
65062,51865,1.000,1,1,1,0,0,0,1,0,0,0,1.000,1.000,2.000
65062,66864,-,1,0,0,0,0,0,0,0,0,0,0.000,0.000,0.000
65062,60558,0.500,4,4,2,1,0,0,2,0,0,2,0.750,0.500,1.250
65062,68868,-,1,0,0,0,0,0,0,1,0,0,0.000,1.000,1.000
65062,62934,0.000,1,1,0,0,0,0,0,0,0,1,0.000,0.000,0.000
50464,50854,0.000,5,5,0,0,0,0,0,0,0,1,0.000,0.000,0.000
50464,67893,0.500,2,2,1,0,0,0,0,0,0,0,0.500,0.500,1.000
50464,62895,-,1,0,0,0,0,0,0,1,0,0,0.000,1.000,1.000
50464,51868,1.000,1,1,1,0,0,1,1,0,0,0,4.000,1.000,5.000
50464,54812,0.000,3,3,0,0,0,0,0,0,0,1,0.000,0.000,0.000
50464,53827,0.000,1,1,0,0,0,0,0,0,0,1,0.000,0.000,0.000
50464,75847,0.000,2,2,0,0,0,0,0,0,0,2,0.000,0.000,0.000
50464,51865,-,1,0,0,0,0,0,0,0,0,0,0.000,0.000,0.000
50464,66864,0.500,2,2,1,0,0,0,0,0,0,0,0.500,0.500,1.000
50464,60558,0.000,3,3,0,0,0,0,0,0,0,0,0.000,0.000,0.000
50464,79456,0.000,2,2,0,0,0,0,0,0,0,0,0.000,0.000,0.000
50464,62934,0.000,1,1,0,0,0,0,0,0,0,0,0.000,0.000,0.000
60146,50854,0.667,3,3,2,1,0,0,3,0,0,0,1.000,0.667,1.667
60146,67893,1.000,1,1,1,0,0,0,0,0,0,0,1.000,1.000,2.000
60146,62895,-,2,0,0,0,0,0,0,2,0,0,0.000,1.000,1.000
60146,51868,0.000,1,1,0,0,0,0,0,0,0,0,0.000,0.000,0.000
60146,54812,-,1,0,0,0,0,0,0,0,0,0,0.000,0.000,0.000
60146,53827,0.750,4,4,3,1,0,0,2,0,0,0,1.000,0.750,1.750
60146,75847,0.500,2,2,1,0,1,0,0,0,0,0,1.500,0.500,2.000
60146,51865,1.000,2,2,2,1,0,1,3,0,0,0,3.000,1.000,4.000
60146,66864,-,1,0,0,0,0,0,0,0,0,0,0.000,0.000,0.000
60146,60558,1.000,2,2,2,0,0,0,1,0,0,0,1.000,1.000,2.000
60146,79456,0.500,2,2,1,0,0,0,0,0,0,0,0.500,0.500,1.000
60146,68868,0.000,1,1,0,0,0,0,0,0,0,0,0.000,0.000,0.000
60146,62934,0.000,2,2,0,0,0,0,0,0,0,1,0.000,0.000,0.000
68415,50854,0.750,4,4,3,0,0,0,0,0,0,0,0.750,0.750,1.500
68415,67893,0.500,4,4,2,1,0,0,1,0,0,0,0.750,0.500,1.250
68415,62895,0.000,1,1,0,0,0,0,0,0,0,1,0.000,0.000,0.000
68415,51868,0.000,3,2,0,0,0,0,0,1,0,0,0.000,0.333,0.333
68415,54812,0.333,6,6,2,0,0,0,0,0,0,0,0.333,0.333,0.666
68415,53827,0.400,5,5,2,0,0,1,2,0,0,0,1.000,0.400,1.400
68415,75847,0.250,6,4,1,0,0,0,1,0,2,1,0.250,0.500,0.750
68415,51865,0.250,4,4,1,0,0,0,0,0,0,1,0.250,0.250,0.500
68415,66864,0.250,5,4,1,0,0,1,3,1,0,1,1.000,0.400,1.400
68415,60558,0.000,2,2,0,0,0,0,0,0,0,2,0.000,0.000,0.000
68415,79456,0.000,2,2,0,0,0,0,0,0,0,0,0.000,0.000,0.000
53375,50854,0.111,9,9,1,0,0,0,1,0,0,0,0.111,0.111,0.222
53375,67893,0.300,10,10,3,0,0,0,0,0,0,1,0.300,0.300,0.600
53375,62895,0.200,6,5,1,0,0,0,0,1,0,0,0.200,0.333,0.533
53375,54812,0.100,10,10,1,0,0,0,0,0,0,3,0.100,0.100,0.200
53375,53827,0.500,9,8,4,0,0,1,2,0,1,0,0.875,0.556,1.431
53375,75847,0.143,7,7,1,0,0,0,0,0,0,3,0.143,0.143,0.286
53375,51865,0.000,3,3,0,0,0,0,0,0,0,1,0.000,0.000,0.000
53375,66864,0.400,6,5,2,0,0,0,3,1,0,0,0.400,0.500,0.900
53375,60558,0.167,6,6,1,0,0,0,0,0,0,3,0.167,0.167,0.334
53375,79456,0.200,6,5,1,0,0,0,0,0,0,0,0.200,0.200,0.400
77446,50854,0.000,4,4,0,0,0,0,0,0,0,1,0.000,0.000,0.000
77446,67893,0.500,2,2,1,0,0,0,0,0,0,0,0.500,0.500,1.000
77446,51868,1.000,1,1,1,0,0,1,1,0,0,0,4.000,1.000,5.000
77446,54812,0.000,2,1,0,0,0,0,0,1,0,1,0.000,0.500,0.500
77446,53827,0.000,1,1,0,0,0,0,0,0,0,0,0.000,0.000,0.000
77446,66864,0.000,1,1,0,0,0,0,0,0,0,0,0.000,0.000,0.000
77446,60558,0.000,1,1,0,0,0,0,0,0,0,0,0.000,0.000,0.000
77446,79456,0.500,2,2,1,0,0,0,0,0,0,0,0.500,0.500,1.000
77446,62934,1.000,1,1,1,1,0,0,0,0,0,0,2.000,1.000,3.000
69446,50854,0.500,2,2,1,0,0,0,0,0,0,0,0.500,0.500,1.000
69446,67893,0.667,3,3,2,1,0,0,1,0,0,1,1.000,0.667,1.667
69446,51868,0.000,2,2,0,0,0,0,0,0,0,1,0.000,0.000,0.000
69446,54812,0.500,2,2,1,0,1,0,0,0,0,0,1.500,0.500,2.000
69446,53827,0.333,3,3,1,1,0,0,0,0,0,1,0.667,0.333,1.000
69446,75847,0.000,3,2,0,0,0,0,1,0,0,1,0.000,0.000,0.000
69446,51865,0.000,2,2,0,0,0,0,0,0,0,1,0.000,0.000,0.000
65320,50854,0.333,7,6,2,0,0,0,1,1,0,1,0.333,0.429,0.762
65320,67893,0.429,10,7,3,0,0,0,1,3,0,1,0.429,0.600,1.029
65320,62895,0.333,7,6,2,0,0,0,0,1,0,1,0.333,0.429,0.762
65320,51868,0.500,3,2,1,0,0,1,1,1,0,1,2.000,0.667,2.667
65320,54812,0.222,11,9,2,1,0,0,0,2,0,0,0.333,0.364,0.697
65320,53827,0.250,8,8,2,0,0,0,2,0,0,2,0.250,0.250,0.500
65320,75847,0.000,2,2,0,0,0,0,0,0,0,0,0.000,0.000,0.000
65320,51865,0.500,2,2,1,0,0,0,0,0,0,1,0.500,0.500,1.000
65320,66864,0.200,5,5,1,0,0,0,0,0,0,2,0.200,0.200,0.400
65320,60558,0.000,5,5,0,0,0,0,0,0,0,2,0.000,0.000,0.000
65320,79456,0.333,4,3,1,1,0,0,1,1,0,0,0.667,0.500,1.167
65320,68868,0.000,3,3,0,0,0,0,0,0,0,1,0.000,0.000,0.000
65320,62934,0.500,5,4,2,0,0,0,0,1,0,0,0.500,0.600,1.100
62360,53764,0.000,1,1,0,0,0,0,0,0,0,1,0.000,0.000,0.000
62360,65703,0.000,1,1,0,0,0,0,0,0,0,0,0.000,0.000,0.000
62360,68700,0.000,1,1,0,0,0,0,0,0,0,0,0.000,0.000,0.000
62360,50707,0.000,1,1,0,0,0,0,0,0,0,1,0.000,0.000,0.000
55455,69737,0.250,5,4,1,0,0,0,1,1,0,0,0.250,0.400,0.650
55455,53764,0.333,3,3,1,0,0,0,0,0,0,1,0.333,0.333,0.666
55455,79192,0.000,3,3,0,0,0,0,0,0,0,1,0.000,0.000,0.000
55455,66704,0.000,2,1,0,0,0,0,0,1,0,0,0.000,0.500,0.500
55455,65703,0.000,1,1,0,0,0,0,0,0,0,0,0.000,0.000,0.000
65062,69737,0.000,4,4,0,0,0,0,0,0,0,1,0.000,0.000,0.000
65062,53764,0.000,1,1,0,0,0,0,0,0,0,0,0.000,0.000,0.000
65062,79192,0.000,1,1,0,0,0,0,0,0,0,1,0.000,0.000,0.000
65062,66657,0.000,1,1,0,0,0,0,0,0,0,0,0.000,0.000,0.000
65062,66704,0.000,3,3,0,0,0,0,0,0,0,2,0.000,0.000,0.000
65062,65703,0.000,4,3,0,0,0,0,0,1,0,1,0.000,0.250,0.250
65062,64006,0.000,2,2,0,0,0,0,0,0,0,1,0.000,0.000,0.000
65062,68700,0.000,1,1,0,0,0,0,0,0,0,0,0.000,0.000,0.000
65062,50707,0.000,1,1,0,0,0,0,0,0,0,0,0.000,0.000,0.000
50464,69737,0.000,1,1,0,0,0,0,0,0,0,0,0.000,0.000,0.000
50464,53764,0.333,3,3,1,1,0,0,1,0,0,1,0.667,0.333,1.000
50464,79192,1.000,2,1,1,0,0,0,1,1,0,0,1.000,1.000,2.000
50464,66657,1.000,1,1,1,0,0,0,0,0,0,0,1.000,1.000,2.000
50464,78288,-,1,0,0,0,0,0,0,1,0,0,0.000,1.000,1.000
50464,66704,1.000,1,1,1,0,0,0,0,0,0,0,1.000,1.000,2.000
50464,54795,-,1,0,0,0,0,0,1,1,0,0,0.000,1.000,1.000
50464,65703,0.333,3,3,1,0,0,0,0,0,0,0,0.333,0.333,0.666
50464,64006,0.000,4,3,0,0,0,0,0,0,0,1,0.000,0.000,0.000
60146,69737,0.000,1,1,0,0,0,0,0,0,0,0,0.000,0.000,0.000
60146,53764,0.500,3,2,1,0,0,0,1,1,0,0,0.500,0.667,1.167
60146,79192,1.000,2,1,1,0,0,1,1,1,0,0,4.000,1.000,5.000
60146,66657,0.500,2,2,1,0,0,0,0,0,0,0,0.500,0.500,1.000
60146,78288,-,1,0,0,0,0,0,0,1,0,0,0.000,1.000,1.000
60146,66704,-,2,0,0,0,0,0,0,1,0,0,0.000,1.000,1.000
60146,54795,0.000,1,1,0,0,0,0,0,0,0,0,0.000,0.000,0.000
60146,64006,0.000,1,1,0,0,0,0,0,0,0,0,0.000,0.000,0.000
60146,68700,1.000,2,2,2,0,0,0,0,0,0,0,1.000,1.000,2.000
68415,69737,0.250,6,4,1,1,0,0,0,1,1,0,0.500,0.500,1.000
68415,53764,0.143,8,7,1,0,0,0,0,1,0,0,0.143,0.250,0.393
68415,79192,0.000,3,3,0,0,0,0,0,0,0,0,0.000,0.000,0.000
68415,65703,0.400,6,5,2,0,0,0,0,1,0,2,0.400,0.500,0.900
68415,64006,0.000,5,3,0,0,0,0,0,1,1,1,0.000,0.400,0.400
68415,68700,0.500,8,6,3,0,0,0,2,0,2,2,0.500,0.625,1.125
53375,69737,0.333,6,6,2,0,0,0,1,0,0,0,0.333,0.333,0.666
53375,53764,0.333,9,9,3,0,1,0,0,0,0,1,0.556,0.333,0.889
53375,79192,0.333,3,3,1,0,0,0,0,0,0,1,0.333,0.333,0.666
53375,66657,0.000,3,3,0,0,0,0,0,0,0,0,0.000,0.000,0.000
53375,78288,0.333,3,3,1,0,0,0,0,0,0,0,0.333,0.333,0.666
53375,66704,0.000,7,5,0,0,0,0,0,1,0,0,0.000,0.167,0.167
53375,54795,0.500,2,2,1,0,0,0,1,0,0,0,0.500,0.500,1.000
53375,65703,0.222,9,9,2,2,0,0,0,0,0,0,0.444,0.222,0.666
53375,64006,0.000,2,2,0,0,0,0,0,0,0,0,0.000,0.000,0.000
53375,68700,0.333,3,3,1,0,0,0,0,0,0,1,0.333,0.333,0.666
77446,53764,0.000,3,2,0,0,0,0,0,1,0,0,0.000,0.333,0.333
77446,66657,1.000,1,1,1,0,0,0,2,0,0,0,1.000,1.000,2.000
77446,54795,-,1,0,0,0,0,0,0,0,0,0,0.000,0.000,0.000
77446,65703,0.500,3,2,1,0,0,0,0,1,0,0,0.500,0.667,1.167
77446,64006,0.000,2,1,0,0,0,0,0,1,0,1,0.000,0.500,0.500
77446,68700,0.000,1,1,0,0,0,0,0,0,0,0,0.000,0.000,0.000
69446,69737,0.000,2,2,0,0,0,0,0,0,0,2,0.000,0.000,0.000
69446,53764,0.000,3,3,0,0,0,0,0,0,0,1,0.000,0.000,0.000
69446,66657,0.667,3,3,2,1,0,0,0,0,0,0,1.000,0.667,1.667
69446,66704,1.000,2,2,2,1,0,0,0,0,0,0,1.500,1.000,2.500
69446,64006,0.000,2,2,0,0,0,0,0,0,0,0,0.000,0.000,0.000
65320,69737,0.000,3,2,0,0,0,0,0,1,0,1,0.000,0.333,0.333
65320,53764,0.500,6,4,2,1,0,1,1,2,0,2,1.500,0.667,2.167
65320,79192,0.200,5,5,1,0,0,0,0,0,0,0,0.200,0.200,0.400
65320,78288,0.500,2,2,1,0,0,0,0,0,0,0,0.500,0.500,1.000
65320,65703,0.750,5,4,3,0,0,0,0,1,0,0,0.750,0.800,1.550
65320,64006,0.250,4,4,1,0,0,0,1,0,0,1,0.250,0.250,0.500
65320,68700,0.667,3,3,2,0,0,0,0,0,0,0,0.667,0.667,1.334
65320,50707,0.333,3,3,1,0,0,0,0,0,0,1,0.333,0.333,0.666
51454,69737,0.500,2,2,1,1,0,0,0,0,0,0,1.000,0.500,1.500
51454,53764,0.000,2,2,0,0,0,0,0,0,0,1,0.000,0.000,0.000
51454,79192,0.000,2,2,0,0,0,0,0,0,0,0,0.000,0.000,0.000
51454,65703,0.333,3,3,1,0,0,0,0,0,0,0,0.333,0.333,0.666
51454,64006,1.000,1,1,1,0,0,0,0,0,0,0,1.000,1.000,2.000
51454,68700,0.000,3,3,0,0,0,0,0,0,0,0,0.000,0.000,0.000
62360,50167,0.000,1,1,0,0,0,0,0,0,0,0,0.000,0.000,0.000
62360,76267,1.000,1,1,1,1,0,0,0,0,0,0,2.000,1.000,3.000
62360,53312,0.000,4,4,0,0,0,0,0,0,0,1,0.000,0.000,0.000
62360,50357,0.000,1,1,0,0,0,0,0,0,0,0,0.000,0.000,0.000
62360,55397,0.000,1,1,0,0,0,0,0,0,0,0,0.000,0.000,0.000
62360,78756,0.000,1,1,0,0,0,0,0,0,0,1,0.000,0.000,0.000
62360,64346,0.000,1,1,0,0,0,0,0,0,0,0,0.000,0.000,0.000
62360,62332,1.000,1,1,1,0,0,0,0,0,0,0,1.000,1.000,2.000
55455,76267,-,1,0,0,0,0,0,0,1,0,0,0.000,1.000,1.000
55455,64340,0.333,3,3,1,0,0,0,0,0,0,1,0.333,0.333,0.666
55455,55392,1.000,2,1,1,0,0,0,0,0,1,0,1.000,1.000,2.000
55455,53312,0.000,2,2,0,0,0,0,0,0,0,1,0.000,0.000,0.000
55455,50357,-,1,0,0,0,0,0,0,1,0,0,0.000,1.000,1.000
55455,78756,0.000,1,1,0,0,0,0,0,0,0,0,0.000,0.000,0.000
55455,64346,0.000,1,1,0,0,0,0,0,0,0,1,0.000,0.000,0.000
65062,76267,0.000,4,2,0,0,0,0,0,2,0,0,0.000,0.500,0.500
65062,53312,0.000,2,2,0,0,0,0,0,0,0,1,0.000,0.000,0.000
65062,78756,1.000,1,1,1,0,0,0,0,0,0,0,1.000,1.000,2.000
65062,64346,0.000,2,2,0,0,0,0,0,0,0,0,0.000,0.000,0.000
50464,76267,0.000,3,1,0,0,0,0,0,2,0,1,0.000,0.667,0.667
50464,64340,0.000,1,1,0,0,0,0,0,0,0,0,0.000,0.000,0.000
50464,53312,0.000,2,2,0,0,0,0,0,0,0,0,0.000,0.000,0.000
50464,50357,0.333,3,3,1,0,0,0,0,0,0,1,0.333,0.333,0.666
50464,55397,0.000,1,1,0,0,0,0,0,0,0,0,0.000,0.000,0.000
50464,78756,0.000,2,2,0,0,0,0,0,0,0,0,0.000,0.000,0.000
60146,55392,1.000,1,1,1,0,0,0,0,0,0,0,1.000,1.000,2.000
60146,53312,0.000,1,1,0,0,0,0,0,0,0,1,0.000,0.000,0.000
60146,50357,0.000,1,1,0,0,0,0,0,0,0,1,0.000,0.000,0.000
60146,78756,0.000,1,1,0,0,0,0,0,0,0,1,0.000,0.000,0.000
60146,64346,0.000,2,2,0,0,0,0,0,0,0,0,0.000,0.000,0.000
60146,62332,0.000,1,1,0,0,0,0,0,0,0,0,0.000,0.000,0.000
68415,64346,0.500,2,2,1,0,0,0,0,0,0,0,0.500,0.500,1.000
77446,76267,0.000,1,1,0,0,0,0,0,0,0,0,0.000,0.000,0.000
77446,64340,0.000,1,1,0,0,0,0,0,0,0,1,0.000,0.000,0.000
69446,76267,0.000,5,4,0,0,0,0,0,1,0,1,0.000,0.200,0.200
69446,64340,0.333,3,3,1,0,0,0,0,0,0,1,0.333,0.333,0.666
69446,53312,0.500,7,6,3,1,0,0,0,1,0,1,0.667,0.571,1.238
69446,50357,0.000,7,7,0,0,0,0,0,0,0,1,0.000,0.000,0.000
69446,69332,0.333,3,3,1,0,0,0,0,0,0,1,0.333,0.333,0.666
69446,78756,0.000,3,3,0,0,0,0,0,0,0,2,0.000,0.000,0.000
69446,64346,0.000,3,2,0,0,0,0,0,1,0,0,0.000,0.333,0.333
65320,76267,0.200,6,5,1,0,0,0,0,1,0,0,0.200,0.333,0.533
65320,55392,0.333,3,3,1,0,0,0,0,0,0,0,0.333,0.333,0.666
65320,53312,0.250,8,8,2,2,0,0,3,0,0,1,0.500,0.250,0.750
65320,50357,0.333,3,3,1,1,0,0,0,0,0,1,0.667,0.333,1.000
65320,55397,0.000,2,2,0,0,0,0,0,0,0,0,0.000,0.000,0.000
65320,78756,0.000,2,2,0,0,0,0,0,0,0,0,0.000,0.000,0.000
65320,64346,0.000,5,5,0,0,0,0,0,0,0,3,0.000,0.000,0.000
51454,76267,0.500,2,2,1,0,0,0,0,0,0,1,0.500,0.500,1.000
51454,64340,0.500,2,2,1,0,0,0,1,0,0,0,0.500,0.500,1.000
51454,53312,-,2,0,0,0,0,0,0,2,0,0,0.000,1.000,1.000
51454,50357,0.333,3,3,1,1,0,0,0,0,0,0,0.667,0.333,1.000
51454,78756,1.000,1,1,1,0,0,0,0,0,0,0,1.000,1.000,2.000
52060,62404,0.000,1,1,0,0,0,0,0,0,0,0,0.000,0.000,0.000
52060,52415,0.000,1,1,0,0,0,0,0,0,0,1,0.000,0.000,0.000
52060,67449,0.000,1,1,0,0,0,0,0,0,0,1,0.000,0.000,0.000
52060,52430,0.000,1,1,0,0,0,0,0,0,0,0,0.000,0.000,0.000
52060,62234,0.333,3,3,1,0,0,0,0,0,0,1,0.333,0.333,0.666
52060,50458,0.000,2,1,0,0,0,0,0,1,0,0,0.000,0.500,0.500
52060,69418,0.000,2,1,0,0,0,0,0,1,0,0,0.000,0.500,0.500
52060,65586,-,1,0,0,0,0,0,0,1,0,0,0.000,1.000,1.000
69041,54400,1.000,1,1,1,0,0,0,0,0,0,0,1.000,1.000,2.000
69041,62404,0.000,1,1,0,0,0,0,0,0,0,0,0.000,0.000,0.000
69041,52415,0.500,2,2,1,0,0,1,3,0,0,0,2.000,0.500,2.500
69041,67449,0.000,1,1,0,0,0,0,0,0,0,0,0.000,0.000,0.000
69041,74540,0.000,2,1,0,0,0,0,0,1,0,0,0.000,0.500,0.500
69041,62234,0.000,3,3,0,0,0,0,0,0,0,2,0.000,0.000,0.000
69041,50458,0.500,2,2,1,0,0,0,0,0,0,0,0.500,0.500,1.000
69041,69418,0.000,2,2,0,0,0,0,0,0,0,1,0.000,0.000,0.000
69041,65586,0.000,3,3,0,0,0,0,0,0,0,0,0.000,0.000,0.000
65048,52415,0.000,1,1,0,0,0,0,0,0,0,0,0.000,0.000,0.000
65048,67449,0.500,2,2,1,0,0,0,0,0,0,0,0.500,0.500,1.000
65048,52430,1.000,1,1,1,0,0,0,0,0,0,0,1.000,1.000,2.000
65048,74540,0.000,2,2,0,0,0,0,0,0,0,0,0.000,0.000,0.000
65048,62234,0.000,2,2,0,0,0,0,0,0,0,0,0.000,0.000,0.000
65048,50458,0.500,2,2,1,0,0,0,0,0,0,0,0.500,0.500,1.000
65048,69418,1.000,1,1,1,0,0,0,1,0,0,0,1.000,1.000,2.000
73117,52415,0.000,1,1,0,0,0,0,0,0,0,0,0.000,0.000,0.000
73117,52430,0.000,1,1,0,0,0,0,0,0,0,1,0.000,0.000,0.000
73117,74540,0.000,1,1,0,0,0,0,0,0,0,1,0.000,0.000,0.000
69054,54400,0.500,2,2,1,0,0,1,3,0,0,1,2.000,0.500,2.500
69054,62404,0.000,2,1,0,0,0,0,0,1,0,0,0.000,0.500,0.500
69054,52415,0.000,1,1,0,0,0,0,0,0,0,0,0.000,0.000,0.000
69054,67449,1.000,1,1,1,0,0,0,0,0,0,0,1.000,1.000,2.000
69054,62234,1.000,2,1,1,0,0,0,0,1,0,0,1.000,1.000,2.000
69054,50458,1.000,1,1,1,0,0,0,1,0,0,0,1.000,1.000,2.000
69054,69418,1.000,2,1,1,1,0,0,1,0,0,0,2.000,0.500,2.500
69054,61404,0.000,1,1,0,0,0,0,0,0,0,0,0.000,0.000,0.000
65060,54400,0.500,2,2,1,0,0,0,1,0,0,0,0.500,0.500,1.000
65060,62404,-,2,0,0,0,0,0,0,1,1,0,0.000,1.000,1.000
65060,67449,0.500,3,2,1,0,0,0,0,0,0,0,0.500,0.500,1.000
65060,62234,0.000,1,1,0,0,0,0,0,0,0,0,0.000,0.000,0.000
65060,50458,0.500,2,2,1,0,0,0,0,0,0,0,0.500,0.500,1.000
65060,69418,1.000,1,1,1,0,0,0,0,0,0,0,1.000,1.000,2.000
65060,65586,0.000,2,2,0,0,0,0,0,0,0,1,0.000,0.000,0.000
64001,54400,0.000,6,6,0,0,0,0,0,0,0,2,0.000,0.000,0.000
64001,62404,0.500,6,6,3,2,0,0,4,0,0,1,0.833,0.500,1.333
64001,67449,0.333,6,6,2,0,0,0,0,0,0,0,0.333,0.333,0.666
64001,74540,0.000,2,2,0,0,0,0,0,0,0,2,0.000,0.000,0.000
64001,62234,0.000,4,4,0,0,0,0,0,0,0,0,0.000,0.000,0.000
64001,50458,0.500,6,4,2,0,0,0,0,0,0,0,0.500,0.500,1.000
64001,65586,0.000,5,5,0,0,0,0,0,0,0,1,0.000,0.000,0.000
50030,54400,0.667,3,3,2,0,0,1,3,0,0,0,1.667,0.667,2.334
50030,62404,0.333,3,3,1,1,0,0,0,0,0,1,0.667,0.333,1.000
50030,52415,0.000,1,1,0,0,0,0,0,0,0,0,0.000,0.000,0.000
50030,67449,0.000,1,1,0,0,0,0,0,0,0,1,0.000,0.000,0.000
50030,52430,0.000,3,3,0,0,0,0,0,0,0,2,0.000,0.000,0.000
50030,74540,0.667,3,3,2,1,0,0,2,0,0,1,1.000,0.667,1.667
50030,62234,1.000,3,2,2,1,0,0,0,1,0,0,1.500,1.000,2.500
50030,50458,0.250,4,4,1,0,0,0,0,0,0,0,0.250,0.250,0.500
50859,54400,0.400,6,5,2,1,0,0,1,1,0,2,0.600,0.500,1.100
50859,62404,0.000,6,6,0,0,0,0,0,0,0,2,0.000,0.000,0.000
50859,52415,0.500,2,2,1,1,0,0,0,0,0,0,1.000,0.500,1.500
50859,67449,0.333,3,3,1,0,0,0,0,0,0,0,0.333,0.333,0.666
50859,74540,0.000,2,2,0,0,0,0,0,0,0,0,0.000,0.000,0.000
50859,62234,0.200,5,5,1,1,0,0,1,0,0,2,0.400,0.200,0.600
50859,50458,0.600,5,5,3,0,0,0,1,0,0,0,0.600,0.600,1.200
50859,69418,0.000,3,2,0,0,0,0,0,1,0,0,0.000,0.333,0.333
50859,65586,0.000,5,5,0,0,0,0,0,0,0,4,0.000,0.000,0.000
69047,54400,0.400,5,5,2,1,0,0,1,0,0,1,0.600,0.400,1.000
69047,62404,0.500,5,4,2,0,0,0,0,1,0,1,0.500,0.600,1.100
69047,67449,0.333,3,3,1,1,0,0,0,0,0,0,0.667,0.333,1.000
69047,62234,0.667,4,3,2,0,0,0,1,0,0,0,0.667,0.500,1.167
69047,50458,-,1,0,0,0,0,0,0,1,0,0,0.000,1.000,1.000
69047,65586,-,1,0,0,0,0,0,0,1,0,0,0.000,1.000,1.000
52060,69102,0.000,3,2,0,0,0,0,1,0,0,0,0.000,0.000,0.000
52060,62415,0.500,4,2,1,0,0,0,0,2,0,0,0.500,0.750,1.250
52060,68119,0.000,4,4,0,0,0,0,0,0,0,1,0.000,0.000,0.000
52060,65207,0.000,1,1,0,0,0,0,0,0,0,1,0.000,0.000,0.000
52060,79365,0.500,4,4,2,0,0,1,2,0,0,1,1.250,0.500,1.750
52060,53123,1.000,4,3,3,0,0,1,3,1,0,0,2.000,1.000,3.000
52060,79109,0.500,2,2,1,0,0,0,2,0,0,1,0.500,0.500,1.000
52060,69100,0.000,3,3,0,0,0,0,0,0,0,0,0.000,0.000,0.000
52060,66108,0.333,3,3,1,0,0,0,0,0,0,1,0.333,0.333,0.666
52060,50054,0.333,4,3,1,0,0,0,0,1,0,1,0.333,0.500,0.833
52060,68110,0.000,2,2,0,0,0,0,0,0,0,0,0.000,0.000,0.000
52060,52154,0.000,2,2,0,0,0,0,0,0,0,0,0.000,0.000,0.000
69041,69102,0.000,4,1,0,0,0,0,0,3,0,0,0.000,0.750,0.750
69041,62415,-,1,0,0,0,0,0,0,0,1,0,0.000,1.000,1.000
69041,68119,0.000,1,1,0,0,0,0,0,0,0,0,0.000,0.000,0.000
69041,65207,0.000,2,2,0,0,0,0,0,0,0,1,0.000,0.000,0.000
69041,79365,0.000,2,1,0,0,0,0,1,1,0,0,0.000,0.500,0.500
69041,53123,0.333,4,3,1,0,0,0,0,1,0,0,0.333,0.500,0.833
69041,79109,0.000,3,3,0,0,0,0,0,0,0,2,0.000,0.000,0.000
69041,66108,0.000,3,3,0,0,0,0,0,0,0,1,0.000,0.000,0.000
69041,50054,0.000,1,1,0,0,0,0,0,0,0,0,0.000,0.000,0.000
69041,68110,0.333,3,3,1,0,0,0,0,0,0,0,0.333,0.333,0.666
65048,69102,0.000,3,2,0,0,0,0,0,1,0,0,0.000,0.333,0.333
65048,62415,0.000,3,2,0,0,0,0,0,1,0,1,0.000,0.333,0.333
65048,68119,1.000,1,1,1,0,0,0,1,0,0,0,1.000,1.000,2.000
65048,65207,0.000,1,1,0,0,0,0,0,0,0,0,0.000,0.000,0.000
65048,79365,0.500,2,2,1,0,0,0,0,0,0,1,0.500,0.500,1.000
65048,53123,0.000,5,4,0,0,0,0,0,1,0,2,0.000,0.200,0.200
65048,79109,0.000,3,3,0,0,0,0,0,0,0,0,0.000,0.000,0.000
65048,69100,0.250,4,4,1,0,0,0,0,0,0,0,0.250,0.250,0.500
65048,66108,0.500,2,2,1,0,0,0,0,0,0,0,0.500,0.500,1.000
65048,50054,0.500,3,2,1,0,0,0,0,0,0,0,0.500,0.500,1.000
65048,68110,0.000,1,1,0,0,0,0,1,0,0,0,0.000,0.000,0.000
65048,51100,0.000,1,1,0,0,0,0,1,0,0,0,0.000,0.000,0.000
73117,62415,0.000,2,2,0,0,0,0,0,0,0,0,0.000,0.000,0.000
73117,79365,0.000,1,1,0,0,0,0,0,0,0,0,0.000,0.000,0.000
73117,53123,0.000,2,2,0,0,0,0,0,0,0,1,0.000,0.000,0.000
73117,69100,0.000,1,1,0,0,0,0,0,0,0,0,0.000,0.000,0.000
73117,68110,0.000,1,1,0,0,0,0,0,0,0,1,0.000,0.000,0.000
73117,52154,0.000,1,1,0,0,0,0,0,0,0,1,0.000,0.000,0.000
69054,69102,0.000,2,2,0,0,0,0,0,0,0,0,0.000,0.000,0.000
69054,79365,0.000,2,2,0,0,0,0,0,0,0,0,0.000,0.000,0.000
69054,79109,0.000,3,2,0,0,0,0,0,1,0,0,0.000,0.333,0.333
69054,50054,0.000,1,1,0,0,0,0,0,0,0,0,0.000,0.000,0.000
69054,68110,0.000,1,1,0,0,0,0,0,0,0,0,0.000,0.000,0.000
65060,69102,1.000,1,1,1,0,0,0,0,0,0,0,1.000,1.000,2.000
65060,62415,0.000,2,2,0,0,0,0,0,0,0,1,0.000,0.000,0.000
65060,65207,0.000,4,4,0,0,0,0,0,0,0,1,0.000,0.000,0.000
65060,79365,0.000,1,1,0,0,0,0,0,0,0,0,0.000,0.000,0.000
65060,53123,0.000,1,1,0,0,0,0,0,0,0,0,0.000,0.000,0.000
65060,79109,0.500,2,2,1,0,0,0,0,0,0,0,0.500,0.500,1.000
65060,69100,0.000,1,1,0,0,0,0,0,0,0,1,0.000,0.000,0.000
65060,66108,0.000,2,2,0,0,0,0,0,0,0,1,0.000,0.000,0.000
65060,50054,1.000,1,1,1,0,0,0,0,0,0,0,1.000,1.000,2.000
65060,68110,1.000,2,2,2,1,0,0,1,0,0,0,1.500,1.000,2.500
65060,51100,0.000,1,1,0,0,0,0,0,0,0,0,0.000,0.000,0.000
64001,69102,0.333,6,6,2,0,0,1,2,0,0,2,0.833,0.333,1.166
64001,62415,0.200,5,5,1,0,1,0,0,0,0,0,0.600,0.200,0.800
64001,68119,0.333,3,3,1,0,0,0,0,0,0,0,0.333,0.333,0.666
64001,65207,0.200,5,5,1,0,0,0,0,0,0,0,0.200,0.200,0.400
64001,79365,0.000,7,5,0,0,0,0,0,2,0,3,0.000,0.286,0.286
64001,53123,0.222,9,9,2,1,0,0,0,0,0,4,0.333,0.222,0.555
64001,79109,0.429,7,7,3,0,0,1,1,0,0,2,0.857,0.429,1.286
64001,69100,0.333,3,3,1,0,0,0,0,0,0,0,0.333,0.333,0.666
64001,66108,0.000,4,3,0,0,0,0,0,0,1,1,0.000,0.250,0.250
64001,50054,0.000,3,3,0,0,0,0,0,0,0,2,0.000,0.000,0.000
64001,68110,0.444,9,9,4,1,0,0,0,0,0,1,0.556,0.444,1.000
64001,52154,0.000,2,2,0,0,0,0,0,0,0,0,0.000,0.000,0.000
64001,51100,0.000,3,3,0,0,0,0,0,0,0,2,0.000,0.000,0.000
50030,69102,0.375,8,8,3,0,0,0,0,0,0,0,0.375,0.375,0.750
50030,62415,0.250,10,8,2,0,0,0,1,0,0,0,0.250,0.222,0.472
50030,68119,0.250,4,4,1,0,0,0,1,0,0,2,0.250,0.250,0.500
50030,65207,0.286,7,7,2,0,0,0,0,0,0,0,0.286,0.286,0.572
50030,79365,0.375,10,8,3,1,0,0,1,1,1,0,0.500,0.500,1.000
50030,53123,0.667,11,9,6,1,0,0,2,2,0,0,0.778,0.727,1.505
50030,79109,0.111,10,9,1,1,0,0,1,0,0,2,0.222,0.111,0.333
50030,69100,0.400,5,5,2,0,0,0,0,0,0,1,0.400,0.400,0.800
50030,66108,0.375,10,8,3,0,0,0,0,2,0,2,0.375,0.500,0.875
50030,50054,0.333,3,3,1,0,0,0,0,0,0,1,0.333,0.333,0.666
50030,68110,0.571,7,7,4,2,0,0,2,0,0,1,0.857,0.571,1.428
50030,51100,0.000,2,2,0,0,0,0,0,0,0,0,0.000,0.000,0.000
69047,69102,0.000,1,1,0,0,0,0,0,0,0,1,0.000,0.000,0.000
69047,62415,0.250,5,4,1,0,0,0,0,0,1,1,0.250,0.400,0.650
69047,68119,0.000,2,2,0,0,0,0,0,0,0,0,0.000,0.000,0.000
69047,65207,0.000,5,4,0,0,0,0,0,1,0,2,0.000,0.200,0.200
69047,53123,0.000,2,2,0,0,0,0,0,0,0,1,0.000,0.000,0.000
69047,79109,0.000,1,1,0,0,0,0,0,0,0,0,0.000,0.000,0.000
69047,69100,0.000,2,1,0,0,0,0,0,1,0,0,0.000,0.500,0.500
69047,66108,0.333,8,6,2,0,0,0,0,2,0,2,0.333,0.500,0.833
69047,50054,0.000,1,1,0,0,0,0,0,0,0,0,0.000,0.000,0.000
52060,69636,0.000,1,1,0,0,0,0,0,0,0,1,0.000,0.000,0.000
52060,65653,0.000,2,2,0,0,0,0,0,0,0,1,0.000,0.000,0.000
52060,68646,0.000,2,2,0,0,0,0,0,0,0,0,0.000,0.000,0.000
52060,66614,0.000,2,2,0,0,0,0,0,0,0,1,0.000,0.000,0.000
52060,52605,0.000,1,1,0,0,0,0,0,0,0,0,0.000,0.000,0.000
69041,69636,1.000,1,1,1,1,0,0,0,0,0,0,2.000,1.000,3.000
69041,65653,-,2,0,0,0,0,0,2,1,0,0,0.000,0.500,0.500
69041,62947,1.000,2,1,1,1,0,0,1,1,0,0,2.000,1.000,3.000
69041,78603,1.000,1,1,1,0,0,0,1,0,0,0,1.000,1.000,2.000
69041,68646,0.000,4,3,0,0,0,0,0,1,0,2,0.000,0.250,0.250
69041,66614,0.000,2,1,0,0,0,0,1,0,0,1,0.000,0.000,0.000
69041,61353,-,1,0,0,0,0,0,1,0,0,0,0.000,0.000,0.000
69041,52605,0.500,2,2,1,0,0,0,0,0,0,0,0.500,0.500,1.000
65048,65653,0.333,3,3,1,0,0,0,0,0,0,1,0.333,0.333,0.666
65048,62947,0.750,4,4,3,1,0,0,6,0,0,0,1.000,0.750,1.750
65048,78603,0.000,3,2,0,0,0,0,0,1,0,0,0.000,0.333,0.333
65048,68646,0.500,2,2,1,0,0,0,0,0,0,0,0.500,0.500,1.000
65048,66614,0.500,2,2,1,0,0,0,1,0,0,1,0.500,0.500,1.000
65048,61353,0.000,1,1,0,0,0,0,0,0,0,0,0.000,0.000,0.000
65048,52605,1.000,4,1,1,0,0,0,2,3,0,0,1.000,1.000,2.000
73117,65653,1.000,2,2,2,0,0,0,0,0,0,0,1.000,1.000,2.000
73117,68646,0.500,2,2,1,0,0,0,0,0,0,0,0.500,0.500,1.000
73117,78122,0.000,2,2,0,0,0,0,0,0,0,0,0.000,0.000,0.000
73117,66614,0.000,3,3,0,0,0,0,0,0,0,0,0.000,0.000,0.000
73117,52605,1.000,1,1,1,0,0,0,0,0,0,0,1.000,1.000,2.000
69054,65653,0.000,1,1,0,0,0,0,0,0,0,0,0.000,0.000,0.000
69054,62947,0.000,2,2,0,0,0,0,0,0,0,0,0.000,0.000,0.000
69054,78603,0.000,2,2,0,0,0,0,0,0,0,0,0.000,0.000,0.000
69054,68646,1.000,1,1,1,0,0,0,0,0,0,0,1.000,1.000,2.000
69054,69727,1.000,1,1,1,0,0,0,0,0,0,0,1.000,1.000,2.000
69054,52605,0.000,2,2,0,0,0,0,0,0,0,2,0.000,0.000,0.000
65060,65653,0.000,3,3,0,0,0,0,0,0,0,2,0.000,0.000,0.000
65060,62947,0.000,1,1,0,0,0,0,0,0,0,0,0.000,0.000,0.000
65060,78603,0.500,2,2,1,0,0,0,0,0,0,0,0.500,0.500,1.000
65060,78122,0.000,1,1,0,0,0,0,0,0,0,0,0.000,0.000,0.000
65060,66614,1.000,1,1,1,0,0,0,1,0,0,0,1.000,1.000,2.000
65060,69727,-,1,0,0,0,0,0,0,1,0,0,0.000,1.000,1.000
65060,52605,0.000,3,3,0,0,0,0,0,0,0,0,0.000,0.000,0.000
64001,65653,0.333,3,3,1,1,0,0,0,0,0,2,0.667,0.333,1.000
64001,62947,0.000,3,3,0,0,0,0,0,0,0,2,0.000,0.000,0.000
64001,78603,0.667,3,3,2,1,0,0,0,0,0,0,1.000,0.667,1.667
64001,68646,0.000,2,2,0,0,0,0,0,0,0,2,0.000,0.000,0.000
64001,66614,0.000,2,2,0,0,0,0,0,0,0,2,0.000,0.000,0.000
64001,52605,0.667,3,3,2,0,0,0,2,0,0,1,0.667,0.667,1.334
50030,65653,0.333,3,3,1,0,0,0,0,0,0,0,0.333,0.333,0.666
50030,62947,0.000,2,2,0,0,0,0,0,0,0,0,0.000,0.000,0.000
50030,78603,0.000,3,2,0,0,0,0,0,1,0,1,0.000,0.333,0.333
50030,52605,0.333,3,3,1,0,0,0,1,0,0,1,0.333,0.333,0.666
50859,69636,0.000,3,2,0,0,0,0,0,1,0,0,0.000,0.333,0.333
50859,65653,0.167,8,6,1,0,0,0,0,2,0,1,0.167,0.375,0.542
50859,62947,0.333,4,3,1,0,0,0,1,1,0,1,0.333,0.500,0.833
50859,78603,0.600,7,5,3,1,0,0,2,2,0,1,0.800,0.714,1.514
50859,68646,0.500,2,2,1,0,0,0,0,0,0,0,0.500,0.500,1.000
50859,78122,0.333,5,3,1,0,0,1,2,1,0,0,1.333,0.400,1.733
50859,52667,0.500,2,2,1,0,0,0,2,0,0,0,0.500,0.500,1.000
50859,52605,0.000,7,6,0,0,0,0,0,1,0,3,0.000,0.143,0.143
69047,65653,1.000,1,1,1,0,0,0,0,0,0,0,1.000,1.000,2.000
69047,62947,0.500,4,2,1,0,0,0,0,2,0,1,0.500,0.750,1.250
69047,78603,-,1,0,0,0,0,0,0,1,0,0,0.000,1.000,1.000
69047,68646,-,2,0,0,0,0,0,0,2,0,0,0.000,1.000,1.000
69047,78122,0.000,1,1,0,0,0,0,0,0,0,0,0.000,0.000,0.000
69047,66614,-,1,0,0,0,0,0,0,1,0,0,0.000,1.000,1.000
69047,52605,1.000,1,1,1,1,0,0,2,0,0,0,2.000,1.000,3.000
52060,79231,0.000,3,3,0,0,0,0,0,0,0,0,0.000,0.000,0.000
52060,76232,0.500,3,2,1,0,0,0,0,1,0,1,0.500,0.667,1.167
52060,63123,1.000,1,1,1,0,0,0,0,0,0,0,1.000,1.000,2.000
52060,50208,0.000,1,1,0,0,0,0,0,0,0,0,0.000,0.000,0.000
52060,55252,0.500,2,2,1,0,0,0,0,0,0,0,0.500,0.500,1.000
52060,64153,0.500,2,2,1,0,0,0,0,0,0,0,0.500,0.500,1.000
52060,53554,0.333,3,3,1,0,0,0,1,0,0,1,0.333,0.333,0.666
52060,63257,0.333,3,3,1,0,0,0,0,0,0,1,0.333,0.333,0.666
52060,51203,0.000,1,1,0,0,0,0,0,0,0,0,0.000,0.000,0.000
52060,66209,0.500,2,2,1,0,1,0,0,0,0,0,1.500,0.500,2.000
69041,79231,0.000,1,1,0,0,0,0,0,0,0,0,0.000,0.000,0.000
69041,76232,1.000,2,1,1,0,0,0,1,1,0,0,1.000,1.000,2.000
69041,50208,0.000,1,1,0,0,0,0,0,0,0,0,0.000,0.000,0.000
69041,55252,0.000,2,2,0,0,0,0,0,0,0,1,0.000,0.000,0.000
69041,64153,0.000,1,1,0,0,0,0,0,0,0,0,0.000,0.000,0.000
69041,63257,0.000,1,1,0,0,0,0,0,0,0,1,0.000,0.000,0.000
69041,51203,0.000,3,3,0,0,0,0,0,0,0,0,0.000,0.000,0.000
69041,66209,0.500,2,2,1,0,0,0,0,0,0,0,0.500,0.500,1.000
65048,79231,1.000,1,1,1,1,0,0,0,0,0,0,2.000,1.000,3.000
65048,63123,0.000,1,1,0,0,0,0,0,0,0,1,0.000,0.000,0.000
65048,67207,0.000,1,1,0,0,0,0,0,0,0,0,0.000,0.000,0.000
65048,53554,0.500,2,2,1,0,0,0,1,0,0,0,0.500,0.500,1.000
65048,66112,0.000,1,1,0,0,0,0,0,0,0,0,0.000,0.000,0.000
65048,66209,0.500,3,2,1,0,0,0,0,0,0,0,0.500,0.500,1.000
73117,76232,0.000,1,1,0,0,0,0,0,0,0,0,0.000,0.000,0.000
73117,63123,0.000,1,1,0,0,0,0,0,0,0,0,0.000,0.000,0.000
73117,50208,0.000,1,1,0,0,0,0,0,0,0,0,0.000,0.000,0.000
73117,53554,0.500,2,2,1,0,0,1,1,0,0,0,2.000,0.500,2.500
69054,76232,0.000,1,1,0,0,0,0,0,0,0,0,0.000,0.000,0.000
69054,63123,0.000,1,1,0,0,0,0,0,0,0,0,0.000,0.000,0.000
69054,67207,0.000,1,1,0,0,0,0,0,0,0,0,0.000,0.000,0.000
69054,55252,0.000,2,2,0,0,0,0,0,0,0,1,0.000,0.000,0.000
69054,53554,0.000,1,1,0,0,0,0,0,0,0,0,0.000,0.000,0.000
69054,66209,1.000,1,1,1,0,0,0,0,0,0,0,1.000,1.000,2.000
65060,79231,0.250,4,4,1,0,0,0,0,0,0,0,0.250,0.250,0.500
65060,67207,0.000,2,2,0,0,0,0,0,0,0,0,0.000,0.000,0.000
65060,53554,0.000,1,1,0,0,0,0,0,0,0,1,0.000,0.000,0.000
65060,51203,0.000,2,2,0,0,0,0,1,0,0,0,0.000,0.000,0.000
65060,66209,0.000,1,1,0,0,0,0,0,0,0,0,0.000,0.000,0.000
64001,79231,0.333,6,6,2,0,0,0,0,0,0,1,0.333,0.333,0.666
64001,76232,0.143,9,7,1,0,0,0,1,1,0,2,0.143,0.222,0.365
64001,63123,0.000,3,2,0,0,0,0,0,0,0,1,0.000,0.000,0.000
64001,67207,0.400,6,5,2,0,1,0,1,1,0,2,0.800,0.500,1.300
64001,55252,0.000,3,2,0,0,0,0,0,1,0,1,0.000,0.333,0.333
64001,53554,0.375,9,8,3,1,0,0,0,1,0,0,0.500,0.444,0.944
64001,51203,0.000,6,6,0,0,0,0,0,0,0,1,0.000,0.000,0.000
64001,66209,0.429,7,7,3,0,0,0,0,0,0,0,0.429,0.429,0.858
50030,79231,0.333,4,3,1,0,0,1,1,0,1,0,1.333,0.500,1.833
50030,76232,0.250,8,8,2,1,0,1,1,0,0,2,0.750,0.250,1.000
50030,50208,0.000,2,2,0,0,0,0,0,0,0,2,0.000,0.000,0.000
50030,67207,0.000,4,4,0,0,0,0,0,0,0,1,0.000,0.000,0.000
50030,55252,0.167,6,6,1,0,0,0,0,0,0,4,0.167,0.167,0.334
50030,64153,0.500,5,4,2,1,0,0,1,0,0,0,0.750,0.400,1.150
50030,53554,0.333,6,6,2,0,0,0,0,0,0,2,0.333,0.333,0.666
50030,63257,0.500,2,2,1,1,0,0,0,0,0,0,1.000,0.500,1.500
50030,51203,0.429,8,7,3,0,0,0,1,1,0,0,0.429,0.500,0.929
50030,66209,0.000,3,3,0,0,0,0,0,0,0,1,0.000,0.000,0.000
50859,79231,0.200,5,5,1,0,0,0,0,0,0,2,0.200,0.200,0.400
50859,76232,0.000,2,1,0,0,0,0,0,1,0,0,0.000,0.500,0.500
50859,63123,0.000,4,3,0,0,0,0,0,1,0,0,0.000,0.250,0.250
50859,67207,0.500,2,2,1,0,0,0,0,0,0,1,0.500,0.500,1.000
50859,55252,0.000,2,2,0,0,0,0,0,0,0,1,0.000,0.000,0.000
50859,53554,0.400,5,5,2,0,0,0,0,0,0,1,0.400,0.400,0.800
50859,51203,0.000,2,2,0,0,0,0,0,0,0,0,0.000,0.000,0.000
50859,66209,0.250,4,4,1,0,0,0,0,0,0,2,0.250,0.250,0.500
69047,79231,0.500,3,2,1,0,0,0,1,1,0,0,0.500,0.667,1.167
69047,76232,0.000,2,2,0,0,0,0,0,0,0,0,0.000,0.000,0.000
69047,63123,0.500,2,2,1,0,0,0,0,0,0,0,0.500,0.500,1.000
69047,50208,0.000,1,1,0,0,0,0,0,0,0,1,0.000,0.000,0.000
69047,67207,0.000,1,1,0,0,0,0,0,0,0,1,0.000,0.000,0.000
69047,63257,0.000,1,1,0,0,0,0,0,0,0,1,0.000,0.000,0.000
69047,51203,1.000,2,1,1,0,0,0,2,0,1,0,1.000,1.000,2.000
69047,66209,0.000,3,3,0,0,0,0,0,0,0,1,0.000,0.000,0.000
67419,53554,-,1,0,0,0,0,0,0,1,0,0,0.000,1.000,1.000
52060,51907,0.000,1,1,0,0,0,0,0,0,0,0,0.000,0.000,0.000
52060,63963,0.000,2,2,0,0,0,0,0,0,0,1,0.000,0.000,0.000
52060,79215,1.000,1,1,1,0,0,0,0,0,0,0,1.000,1.000,2.000
52060,68912,0.000,1,1,0,0,0,0,0,0,0,1,0.000,0.000,0.000
52060,63260,0.000,1,1,0,0,0,0,0,0,0,0,0.000,0.000,0.000
52060,67905,0.000,1,1,0,0,0,0,0,0,0,1,0.000,0.000,0.000
52060,69995,0.250,4,4,1,1,0,0,0,0,0,1,0.500,0.250,0.750
52060,64101,0.000,1,1,0,0,0,0,0,0,0,1,0.000,0.000,0.000
69041,51907,1.000,2,2,2,0,0,1,1,0,0,0,2.500,1.000,3.500
69041,62907,0.000,3,3,0,0,0,0,0,0,0,1,0.000,0.000,0.000
69041,63963,0.000,1,1,0,0,0,0,0,0,0,0,0.000,0.000,0.000
69041,79215,1.000,2,1,1,0,0,0,0,1,0,0,1.000,1.000,2.000
69041,68912,0.333,4,3,1,1,0,0,1,0,0,0,0.667,0.250,0.917
69041,63260,0.500,2,2,1,0,0,0,0,0,0,0,0.500,0.500,1.000
69041,67905,0.333,3,3,1,0,0,0,0,0,0,0,0.333,0.333,0.666
69041,69995,0.000,1,1,0,0,0,0,0,0,0,0,0.000,0.000,0.000
69041,69992,0.000,1,1,0,0,0,0,0,0,0,0,0.000,0.000,0.000
65048,51344,1.000,1,1,1,0,0,0,0,0,0,0,1.000,1.000,2.000
65048,63963,0.000,1,1,0,0,0,0,0,0,0,0,0.000,0.000,0.000
65048,79215,0.000,1,1,0,0,0,0,0,0,0,0,0.000,0.000,0.000
65048,68912,0.000,1,1,0,0,0,0,0,0,0,0,0.000,0.000,0.000
65048,63260,-,1,0,0,0,0,0,0,1,0,0,0.000,1.000,1.000
65048,67905,1.000,1,1,1,0,0,0,0,0,0,0,1.000,1.000,2.000
65048,69995,0.000,2,2,0,0,0,0,0,0,0,1,0.000,0.000,0.000
73117,51907,1.000,1,1,1,0,0,0,0,0,0,0,1.000,1.000,2.000
73117,51344,0.333,3,3,1,0,0,0,1,0,0,0,0.333,0.333,0.666
73117,63963,-,1,0,0,0,0,0,0,1,0,0,0.000,1.000,1.000
73117,79215,0.667,3,3,2,0,0,0,0,0,0,0,0.667,0.667,1.334
73117,63260,0.000,1,1,0,0,0,0,0,0,0,1,0.000,0.000,0.000
73117,67905,0.500,2,2,1,1,0,0,0,0,0,0,1.000,0.500,1.500
73117,69995,0.000,1,1,0,0,0,0,0,0,0,0,0.000,0.000,0.000
73117,68904,0.000,1,1,0,0,0,0,0,0,0,0,0.000,0.000,0.000
73117,64101,0.000,1,1,0,0,0,0,0,0,0,0,0.000,0.000,0.000
69054,51907,0.000,1,1,0,0,0,0,0,0,0,0,0.000,0.000,0.000
69054,51344,0.000,2,1,0,0,0,0,0,1,0,1,0.000,0.500,0.500
69054,62907,0.000,1,1,0,0,0,0,0,0,0,0,0.000,0.000,0.000
69054,79215,0.000,2,2,0,0,0,0,0,0,0,0,0.000,0.000,0.000
69054,68912,0.000,1,1,0,0,0,0,0,0,0,1,0.000,0.000,0.000
69054,63260,0.000,1,1,0,0,0,0,0,0,0,0,0.000,0.000,0.000
65060,51907,0.000,1,1,0,0,0,0,0,0,0,0,0.000,0.000,0.000
65060,62907,0.000,1,1,0,0,0,0,0,0,0,0,0.000,0.000,0.000
65060,63963,0.000,1,1,0,0,0,0,0,0,0,0,0.000,0.000,0.000
65060,79215,1.000,1,1,1,0,0,0,0,0,0,0,1.000,1.000,2.000
65060,68912,0.000,1,1,0,0,0,0,0,0,0,0,0.000,0.000,0.000
65060,67905,0.000,1,1,0,0,0,0,0,0,0,0,0.000,0.000,0.000
65060,69995,0.000,1,1,0,0,0,0,0,0,0,0,0.000,0.000,0.000
65060,68904,0.000,2,2,0,0,0,0,0,0,0,0,0.000,0.000,0.000
65060,69992,0.000,5,5,0,0,0,0,0,0,0,1,0.000,0.000,0.000
65060,64101,1.000,1,1,1,0,0,0,0,0,0,0,1.000,1.000,2.000
65060,50902,0.000,3,2,0,0,0,0,0,0,1,1,0.000,0.333,0.333
64001,51907,0.333,9,9,3,0,0,1,3,0,0,2,0.667,0.333,1.000
64001,51344,0.000,5,3,0,0,0,0,1,1,1,0,0.000,0.400,0.400
64001,62907,0.125,9,8,1,0,0,0,0,1,0,1,0.125,0.222,0.347
64001,79215,0.111,9,9,1,0,0,0,1,0,0,3,0.111,0.111,0.222
64001,68912,0.500,6,6,3,1,0,0,3,0,0,3,0.667,0.500,1.167
64001,63260,0.250,9,8,2,1,0,0,1,1,0,0,0.375,0.333,0.708
64001,69995,0.667,3,3,2,0,0,0,2,0,0,0,0.667,0.667,1.334
64001,68904,0.000,1,1,0,0,0,0,0,0,0,0,0.000,0.000,0.000
64001,69992,0.833,6,6,5,0,0,0,0,0,0,1,0.833,0.833,1.666
64001,64101,0.143,7,7,1,0,0,0,0,0,0,2,0.143,0.143,0.286
50030,51907,0.000,3,2,0,0,0,0,0,1,0,1,0.000,0.333,0.333
50030,51344,0.333,3,3,1,0,0,0,0,0,0,1,0.333,0.333,0.666
50030,62907,0.000,3,3,0,0,0,0,0,0,0,1,0.000,0.000,0.000
50030,79215,0.000,3,3,0,0,0,0,0,0,0,2,0.000,0.000,0.000
50030,68912,0.000,2,2,0,0,0,0,0,0,0,1,0.000,0.000,0.000
50030,63260,0.000,3,3,0,0,0,0,0,0,0,1,0.000,0.000,0.000
50030,69992,0.667,3,3,2,0,0,0,0,0,0,1,0.667,0.667,1.334
50859,51907,0.333,9,6,2,0,0,0,0,3,0,1,0.333,0.556,0.889
50859,51344,0.200,5,5,1,1,0,0,0,0,0,2,0.400,0.200,0.600
50859,62907,0.333,6,6,2,1,0,0,1,0,0,1,0.500,0.333,0.833
50859,63963,0.000,5,4,0,0,0,0,0,1,0,1,0.000,0.200,0.200
50859,79215,0.250,8,8,2,0,0,1,2,0,0,1,0.625,0.250,0.875
50859,68912,0.000,4,3,0,0,0,0,0,1,0,1,0.000,0.250,0.250
50859,63260,0.375,8,8,3,2,0,0,1,0,0,2,0.625,0.375,1.000
50859,67905,0.250,4,4,1,0,0,0,0,0,0,0,0.250,0.250,0.500
50859,69995,0.167,7,6,1,0,0,0,0,1,0,1,0.167,0.286,0.453
50859,69992,0.000,2,2,0,0,0,0,0,0,0,0,0.000,0.000,0.000
50859,50902,0.000,1,1,0,0,0,0,0,0,0,0,0.000,0.000,0.000
69047,51907,0.250,4,4,1,0,0,0,0,0,0,2,0.250,0.250,0.500
69047,62907,0.000,5,3,0,0,0,0,0,1,0,1,0.000,0.250,0.250
69047,68912,-,1,0,0,0,0,0,0,1,0,0,0.000,1.000,1.000
69047,67905,1.000,1,1,1,1,0,0,0,0,0,0,2.000,1.000,3.000
69047,69992,0.000,3,3,0,0,0,0,0,0,0,0,0.000,0.000,0.000
69047,64101,1.000,2,1,1,0,0,0,0,0,0,0,1.000,1.000,2.000
52060,54529,1.000,1,1,1,0,0,0,0,0,0,0,1.000,1.000,2.000
52060,69517,0.000,2,1,0,0,0,0,1,0,0,0,0.000,0.000,0.000
52060,78513,0.000,1,1,0,0,0,0,0,0,0,1,0.000,0.000,0.000
52060,52591,0.000,1,1,0,0,0,0,0,0,0,1,0.000,0.000,0.000
52060,51551,1.000,1,1,1,0,0,0,0,0,0,0,1.000,1.000,2.000
52060,50150,0.500,2,2,1,1,0,0,1,0,0,1,1.000,0.500,1.500
52060,68205,0.000,1,1,0,0,0,0,0,0,0,1,0.000,0.000,0.000
52060,61102,0.000,1,1,0,0,0,0,0,0,0,1,0.000,0.000,0.000
52060,68507,0.000,1,1,0,0,0,0,0,0,0,1,0.000,0.000,0.000
52060,50500,0.000,2,2,0,0,0,0,0,0,0,2,0.000,0.000,0.000
52060,52568,0.000,1,1,0,0,0,0,0,0,0,0,0.000,0.000,0.000
52060,55530,0.000,1,1,0,0,0,0,0,0,0,0,0.000,0.000,0.000
69041,54529,1.000,1,1,1,0,0,0,0,0,0,0,1.000,1.000,2.000
69041,69517,0.000,1,1,0,0,0,0,0,0,0,0,0.000,0.000,0.000
69041,78513,0.000,1,1,0,0,0,0,0,0,0,0,0.000,0.000,0.000
69041,51551,0.000,1,1,0,0,0,0,0,0,0,1,0.000,0.000,0.000
69041,50150,0.000,1,1,0,0,0,0,0,0,0,0,0.000,0.000,0.000
69041,68205,1.000,1,1,1,0,0,0,0,0,0,0,1.000,1.000,2.000
69041,50500,0.500,2,2,1,0,0,0,1,0,0,0,0.500,0.500,1.000
69041,77564,1.000,1,1,1,0,0,1,2,0,0,0,4.000,1.000,5.000
65048,78513,0.000,1,1,0,0,0,0,0,0,0,0,0.000,0.000,0.000
65048,52591,1.000,1,1,1,1,0,0,0,0,0,0,2.000,1.000,3.000
65048,61102,0.000,1,1,0,0,0,0,0,0,0,1,0.000,0.000,0.000
65048,77564,0.000,1,1,0,0,0,0,0,0,0,0,0.000,0.000,0.000
73117,54529,1.000,1,1,1,0,0,0,0,0,0,0,1.000,1.000,2.000
73117,78513,1.000,1,1,1,0,0,0,1,0,0,0,1.000,1.000,2.000
73117,52591,0.000,1,1,0,0,0,0,0,0,0,1,0.000,0.000,0.000
73117,51551,0.000,1,1,0,0,0,0,0,0,0,0,0.000,0.000,0.000
73117,50150,0.000,1,1,0,0,0,0,0,0,0,0,0.000,0.000,0.000
73117,68205,0.000,2,2,0,0,0,0,0,0,0,0,0.000,0.000,0.000
73117,50500,1.000,1,1,1,0,0,0,0,0,0,0,1.000,1.000,2.000
69054,69517,1.000,1,1,1,0,0,0,0,0,0,0,1.000,1.000,2.000
69054,52591,0.000,3,3,0,0,0,0,1,0,0,1,0.000,0.000,0.000
69054,51551,0.000,2,1,0,0,0,0,0,1,0,0,0.000,0.500,0.500
69054,68205,0.500,2,2,1,1,0,0,1,0,0,0,1.000,0.500,1.500
69054,61102,0.000,1,1,0,0,0,0,0,0,0,0,0.000,0.000,0.000
69054,50500,1.000,1,1,1,0,0,0,1,0,0,0,1.000,1.000,2.000
65060,54529,1.000,3,2,2,1,0,1,2,1,0,0,3.000,1.000,4.000
65060,69517,-,1,0,0,0,0,0,0,1,0,0,0.000,1.000,1.000
65060,78513,1.000,2,2,2,0,0,0,0,0,0,0,1.000,1.000,2.000
65060,52591,0.500,3,2,1,0,0,0,1,1,0,0,0.500,0.667,1.167
65060,51551,1.000,1,1,1,0,0,0,1,0,0,0,1.000,1.000,2.000
65060,50150,0.000,1,1,0,0,0,0,0,0,0,1,0.000,0.000,0.000
65060,68205,0.000,3,3,0,0,0,0,0,0,0,0,0.000,0.000,0.000
65060,50500,0.000,1,1,0,0,0,0,0,0,0,0,0.000,0.000,0.000
65060,77564,0.000,1,1,0,0,0,0,0,0,0,0,0.000,0.000,0.000
64001,54529,0.333,6,6,2,0,0,0,0,0,0,1,0.333,0.333,0.666
64001,69517,0.667,3,3,2,0,0,0,1,0,0,0,0.667,0.667,1.334
64001,78513,1.000,2,1,1,0,0,0,0,1,0,0,1.000,1.000,2.000
64001,52591,0.250,4,4,1,0,0,0,0,0,0,1,0.250,0.250,0.500
64001,51551,0.000,2,2,0,0,0,0,0,0,0,1,0.000,0.000,0.000
64001,68205,0.000,4,4,0,0,0,0,0,0,0,3,0.000,0.000,0.000
64001,61102,0.000,2,2,0,0,0,0,0,0,0,2,0.000,0.000,0.000
64001,50500,0.333,6,6,2,1,0,0,0,0,0,2,0.500,0.333,0.833
64001,52568,0.500,2,2,1,0,0,0,0,0,0,0,0.500,0.500,1.000
64001,55530,0.500,2,2,1,0,0,0,0,0,0,1,0.500,0.500,1.000
50030,54529,0.333,6,6,2,0,0,0,3,0,0,1,0.333,0.333,0.666
50030,69517,0.600,5,5,3,1,0,0,0,0,0,1,0.800,0.600,1.400
50030,78513,0.000,3,3,0,0,0,0,0,0,0,0,0.000,0.000,0.000
50030,52591,0.000,6,6,0,0,0,0,0,0,0,1,0.000,0.000,0.000
50030,51551,0.333,3,3,1,0,0,0,0,0,0,0,0.333,0.333,0.666
50030,68205,0.500,2,2,1,0,0,0,0,0,0,1,0.500,0.500,1.000
50030,68507,0.000,3,2,0,0,0,0,0,1,0,0,0.000,0.333,0.333
50030,50500,0.000,3,3,0,0,0,0,0,0,0,1,0.000,0.000,0.000
50030,54598,0.000,2,2,0,0,0,0,0,0,0,1,0.000,0.000,0.000
50859,54529,0.667,3,3,2,0,0,0,1,0,0,0,0.667,0.667,1.334
50859,78513,0.500,2,2,1,0,0,0,0,0,0,1,0.500,0.500,1.000
50859,52591,0.000,3,3,0,0,0,0,0,0,0,2,0.000,0.000,0.000
50859,50150,0.500,2,2,1,1,0,0,0,0,0,1,1.000,0.500,1.500
50859,68205,0.000,2,1,0,0,0,0,0,1,0,0,0.000,0.500,0.500
50859,50500,0.000,2,2,0,0,0,0,0,0,0,0,0.000,0.000,0.000
50859,77564,0.000,2,2,0,0,0,0,0,0,0,1,0.000,0.000,0.000
69047,54529,0.000,3,3,0,0,0,0,0,0,0,0,0.000,0.000,0.000
69047,69517,0.333,4,3,1,0,0,0,0,1,0,0,0.333,0.500,0.833
69047,51551,0.000,1,1,0,0,0,0,1,0,0,0,0.000,0.000,0.000
69047,50500,0.667,3,3,2,1,0,0,0,0,0,1,1.000,0.667,1.667
69047,55530,0.000,1,1,0,0,0,0,0,0,0,1,0.000,0.000,0.000
52060,50854,0.000,1,1,0,0,0,0,0,0,0,1,0.000,0.000,0.000
52060,67893,0.333,3,3,1,1,0,0,0,0,0,1,0.667,0.333,1.000
52060,51868,0.000,1,1,0,0,0,0,0,0,0,0,0.000,0.000,0.000
52060,54812,0.000,1,1,0,0,0,0,0,0,0,1,0.000,0.000,0.000
52060,53827,0.250,4,4,1,0,0,1,1,0,0,1,1.000,0.250,1.250
52060,75847,0.000,2,2,0,0,0,0,1,0,0,0,0.000,0.000,0.000
52060,60558,1.000,1,1,1,1,0,0,0,0,0,0,2.000,1.000,3.000
52060,62934,-,1,0,0,0,0,0,0,1,0,0,0.000,1.000,1.000
69041,50854,1.000,2,1,1,0,1,0,0,1,0,0,3.000,1.000,4.000
69041,67893,0.000,3,3,0,0,0,0,0,0,0,0,0.000,0.000,0.000
69041,62895,0.000,2,2,0,0,0,0,0,0,0,0,0.000,0.000,0.000
69041,54812,0.000,4,3,0,0,0,0,1,0,0,0,0.000,0.000,0.000
69041,53827,0.000,1,1,0,0,0,0,0,0,0,0,0.000,0.000,0.000
69041,75847,0.000,1,1,0,0,0,0,0,0,0,0,0.000,0.000,0.000
69041,51865,1.000,1,1,1,0,0,0,0,0,0,0,1.000,1.000,2.000
69041,60558,0.000,4,2,0,0,0,0,0,2,0,0,0.000,0.500,0.500
69041,68868,1.000,1,1,1,0,0,0,0,0,0,0,1.000,1.000,2.000
69041,62934,0.000,1,1,0,0,0,0,0,0,0,1,0.000,0.000,0.000
65048,50854,0.000,5,4,0,0,0,0,0,1,0,1,0.000,0.200,0.200
65048,67893,0.000,3,2,0,0,0,0,0,1,0,0,0.000,0.333,0.333
65048,62895,0.000,1,1,0,0,0,0,0,0,0,0,0.000,0.000,0.000
65048,54812,0.000,2,1,0,0,0,0,0,1,0,0,0.000,0.500,0.500
65048,53827,0.000,2,2,0,0,0,0,0,0,0,1,0.000,0.000,0.000
65048,75847,1.000,1,1,1,0,0,1,1,0,0,0,4.000,1.000,5.000
65048,51865,0.000,4,4,0,0,0,0,0,0,0,0,0.000,0.000,0.000
65048,60558,1.000,1,1,1,1,0,0,0,0,0,0,2.000,1.000,3.000
65048,68868,0.000,1,1,0,0,0,0,0,0,0,1,0.000,0.000,0.000
73117,67893,1.000,1,1,1,0,0,0,0,0,0,0,1.000,1.000,2.000
73117,51868,0.000,2,2,0,0,0,0,0,0,0,0,0.000,0.000,0.000
73117,54812,0.500,2,2,1,0,0,0,0,0,0,0,0.500,0.500,1.000
73117,53827,0.000,2,1,0,0,0,0,0,1,0,0,0.000,0.500,0.500
73117,66864,0.000,1,1,0,0,0,0,0,0,0,0,0.000,0.000,0.000
73117,79456,0.000,2,2,0,0,0,0,0,0,0,1,0.000,0.000,0.000
73117,62934,0.000,1,1,0,0,0,0,0,0,0,0,0.000,0.000,0.000
69054,50854,0.000,1,1,0,0,0,0,0,0,0,0,0.000,0.000,0.000
69054,67893,0.000,2,2,0,0,0,0,0,0,0,1,0.000,0.000,0.000
69054,51868,0.000,1,1,0,0,0,0,0,0,0,1,0.000,0.000,0.000
69054,51865,0.000,3,3,0,0,0,0,0,0,0,1,0.000,0.000,0.000
69054,60558,0.000,1,1,0,0,0,0,0,0,0,0,0.000,0.000,0.000
65060,50854,0.250,4,4,1,0,0,0,1,0,0,1,0.250,0.250,0.500
65060,67893,0.000,6,5,0,0,0,0,0,1,0,1,0.000,0.167,0.167
65060,51868,0.000,1,1,0,0,0,0,0,0,0,0,0.000,0.000,0.000
65060,54812,0.500,5,4,2,0,0,0,0,0,0,0,0.500,0.500,1.000
65060,53827,0.667,3,3,2,1,0,0,0,0,0,0,1.000,0.667,1.667
65060,75847,0.000,3,2,0,0,0,0,0,1,0,0,0.000,0.333,0.333
65060,51865,0.000,4,4,0,0,0,0,0,0,0,0,0.000,0.000,0.000
65060,60558,0.333,3,3,1,0,0,0,0,0,0,0,0.333,0.333,0.666
65060,68868,0.000,1,1,0,0,0,0,0,0,0,0,0.000,0.000,0.000
64001,50854,0.400,5,5,2,2,0,0,0,0,0,1,0.800,0.400,1.200
64001,67893,0.167,6,6,1,0,0,0,0,0,0,1,0.167,0.167,0.334
64001,62895,0.000,2,2,0,0,0,0,0,0,0,1,0.000,0.000,0.000
64001,51868,0.000,3,3,0,0,0,0,0,0,0,0,0.000,0.000,0.000
64001,54812,0.667,6,6,4,0,0,0,0,0,0,1,0.667,0.667,1.334
64001,53827,0.400,6,5,2,0,0,1,2,1,0,0,1.000,0.500,1.500
64001,75847,0.333,3,3,1,0,0,0,1,0,0,1,0.333,0.333,0.666
64001,51865,0.000,2,2,0,0,0,0,0,0,0,0,0.000,0.000,0.000
64001,60558,0.500,2,2,1,0,0,0,0,0,0,0,0.500,0.500,1.000
64001,62934,0.500,2,2,1,0,0,0,0,0,0,0,0.500,0.500,1.000
50030,50854,0.000,2,2,0,0,0,0,0,0,0,1,0.000,0.000,0.000
50030,67893,1.000,3,3,3,0,0,0,1,0,0,0,1.000,1.000,2.000
50030,51868,0.000,2,2,0,0,0,0,0,0,0,1,0.000,0.000,0.000
50030,54812,0.333,3,3,1,0,0,0,0,0,0,0,0.333,0.333,0.666
50030,53827,0.667,3,3,2,0,0,0,2,0,0,0,0.667,0.667,1.334
50030,75847,1.000,3,3,3,0,0,0,1,0,0,0,1.000,1.000,2.000
50030,51865,0.500,2,2,1,1,0,0,0,0,0,0,1.000,0.500,1.500
50859,50854,0.429,7,7,3,0,0,0,0,0,0,2,0.429,0.429,0.858
50859,67893,0.333,8,6,2,0,0,0,0,2,0,1,0.333,0.500,0.833
50859,54812,0.750,5,4,3,0,0,0,1,0,0,0,0.750,0.750,1.500
50859,53827,0.667,8,6,4,0,0,1,6,2,0,0,1.167,0.750,1.917
50859,75847,0.250,5,4,1,0,0,0,0,1,0,2,0.250,0.400,0.650
50859,51865,0.250,4,4,1,1,0,0,2,0,0,2,0.500,0.250,0.750
50859,66864,0.333,3,3,1,0,0,0,0,0,0,1,0.333,0.333,0.666
50859,60558,0.250,4,4,1,0,0,0,0,0,0,0,0.250,0.250,0.500
50859,79456,0.000,2,2,0,0,0,0,0,0,0,0,0.000,0.000,0.000
50859,62934,0.250,5,4,1,0,0,1,1,0,1,1,1.000,0.400,1.400
69047,50854,0.000,3,2,0,0,0,0,0,1,0,0,0.000,0.333,0.333
69047,62895,0.000,1,1,0,0,0,0,0,0,0,1,0.000,0.000,0.000
69047,54812,0.000,2,2,0,0,0,0,0,0,0,0,0.000,0.000,0.000
69047,53827,0.500,2,2,1,0,0,0,1,0,0,0,0.500,0.500,1.000
69047,75847,-,1,0,0,0,0,0,0,1,0,0,0.000,1.000,1.000
69047,62934,-,1,0,0,0,0,0,0,1,0,0,0.000,1.000,1.000
69047,50868,0.000,1,1,0,0,0,0,0,0,0,1,0.000,0.000,0.000
67419,50854,0.500,2,2,1,0,0,1,1,0,0,0,2.000,0.500,2.500
67419,67893,0.667,3,3,2,2,0,0,0,0,0,0,1.333,0.667,2.000
67419,54812,0.500,2,2,1,0,0,0,0,0,0,0,0.500,0.500,1.000
67419,53827,0.000,2,2,0,0,0,0,0,0,0,2,0.000,0.000,0.000
67419,75847,0.000,2,2,0,0,0,0,0,0,0,0,0.000,0.000,0.000
67419,51865,0.500,2,2,1,0,0,1,1,0,0,0,2.000,0.500,2.500
52060,69737,0.000,2,1,0,0,0,0,0,1,0,0,0.000,0.500,0.500
52060,53764,0.000,2,2,0,0,0,0,0,0,0,0,0.000,0.000,0.000
52060,66657,1.000,1,1,1,0,0,0,0,0,0,0,1.000,1.000,2.000
52060,66704,-,1,0,0,0,0,0,1,0,0,0,0.000,0.000,0.000
52060,54795,0.000,2,1,0,0,0,0,0,1,0,0,0.000,0.500,0.500
52060,65703,1.000,1,1,1,0,0,0,0,0,0,0,1.000,1.000,2.000
52060,64006,0.000,3,3,0,0,0,0,0,0,0,0,0.000,0.000,0.000
52060,50707,0.000,2,1,0,0,0,0,0,1,0,0,0.000,0.500,0.500
69041,69737,0.000,2,2,0,0,0,0,0,0,0,2,0.000,0.000,0.000
69041,53764,0.000,1,1,0,0,0,0,0,0,0,0,0.000,0.000,0.000
69041,79192,1.000,1,1,1,0,0,0,0,0,0,0,1.000,1.000,2.000
69041,66704,1.000,1,1,1,0,0,0,0,0,0,0,1.000,1.000,2.000
69041,54795,0.000,1,1,0,0,0,0,0,0,0,0,0.000,0.000,0.000
69041,65703,0.000,3,3,0,0,0,0,0,0,0,1,0.000,0.000,0.000
69041,64006,0.500,2,2,1,0,0,0,1,0,0,0,0.500,0.500,1.000
65048,69737,0.000,2,2,0,0,0,0,0,0,0,2,0.000,0.000,0.000
65048,53764,0.000,2,1,0,0,0,0,0,1,0,0,0.000,0.500,0.500
65048,79192,-,1,0,0,0,0,0,0,0,1,0,0.000,1.000,1.000
65048,66704,0.000,1,1,0,0,0,0,0,0,0,0,0.000,0.000,0.000
65048,65703,0.000,1,1,0,0,0,0,0,0,0,0,0.000,0.000,0.000
65048,64006,0.000,1,1,0,0,0,0,0,0,0,0,0.000,0.000,0.000
65048,68700,0.000,1,1,0,0,0,0,0,0,0,0,0.000,0.000,0.000
73117,69737,1.000,1,1,1,0,0,0,0,0,0,0,1.000,1.000,2.000
73117,79192,1.000,1,1,1,0,0,0,1,0,0,0,1.000,1.000,2.000
73117,66657,1.000,1,1,1,0,0,0,1,0,0,0,1.000,1.000,2.000
73117,78288,1.000,1,1,1,0,0,0,0,0,0,0,1.000,1.000,2.000
73117,66704,0.000,2,2,0,0,0,0,0,0,0,0,0.000,0.000,0.000
73117,54795,0.000,1,1,0,0,0,0,0,0,0,0,0.000,0.000,0.000
73117,65703,1.000,1,1,1,1,0,0,2,0,0,0,2.000,1.000,3.000
73117,64006,0.333,6,6,2,0,0,1,3,0,0,2,0.833,0.333,1.166
73117,68700,0.000,2,1,0,0,0,0,0,1,0,0,0.000,0.500,0.500
69054,64006,1.000,1,1,1,0,0,0,0,0,0,0,1.000,1.000,2.000
69054,68700,0.000,1,1,0,0,0,0,0,0,0,0,0.000,0.000,0.000
65060,69737,0.000,3,1,0,0,0,0,0,2,0,1,0.000,0.667,0.667
65060,53764,0.000,2,2,0,0,0,0,0,0,0,0,0.000,0.000,0.000
65060,79192,0.000,2,2,0,0,0,0,0,0,0,0,0.000,0.000,0.000
65060,54795,0.000,1,1,0,0,0,0,0,0,0,0,0.000,0.000,0.000
65060,65703,0.000,2,2,0,0,0,0,0,0,0,0,0.000,0.000,0.000
65060,50707,1.000,1,1,1,0,0,0,0,0,0,0,1.000,1.000,2.000
64001,69737,0.111,9,9,1,0,0,0,0,0,0,2,0.111,0.111,0.222
64001,53764,0.500,9,8,4,1,0,2,4,1,0,1,1.375,0.556,1.931
64001,79192,0.333,6,6,2,0,0,0,0,0,0,2,0.333,0.333,0.666
64001,78288,0.000,3,1,0,0,0,0,0,0,1,1,0.000,0.500,0.500
64001,66704,0.000,3,2,0,0,0,0,0,0,0,2,0.000,0.000,0.000
64001,65703,0.400,5,5,2,0,0,0,0,0,0,1,0.400,0.400,0.800
64001,64006,0.333,6,6,2,0,0,0,1,0,0,2,0.333,0.333,0.666
64001,68700,0.000,4,4,0,0,0,0,0,0,0,3,0.000,0.000,0.000
64001,50707,0.000,1,1,0,0,0,0,0,0,0,0,0.000,0.000,0.000
50030,69737,0.000,9,9,0,0,0,0,0,0,0,4,0.000,0.000,0.000
50030,53764,0.444,9,9,4,1,0,0,1,0,0,1,0.556,0.444,1.000
50030,79192,1.000,2,2,2,0,0,0,0,0,0,0,1.000,1.000,2.000
50030,66704,0.000,5,5,0,0,0,0,0,0,0,2,0.000,0.000,0.000
50030,54795,0.000,2,2,0,0,0,0,0,0,0,0,0.000,0.000,0.000
50030,65703,0.250,4,4,1,0,0,0,0,0,0,1,0.250,0.250,0.500
50030,64006,0.333,6,6,2,0,0,1,3,0,0,0,0.833,0.333,1.166
50030,68700,0.500,3,2,1,0,0,0,0,1,0,0,0.500,0.667,1.167
50030,50707,0.500,6,6,3,0,0,0,0,0,0,0,0.500,0.500,1.000
50859,69737,0.250,4,4,1,0,0,1,3,0,0,1,1.000,0.250,1.250
50859,53764,0.600,5,5,3,1,0,0,1,0,0,1,0.800,0.600,1.400
50859,79192,0.000,2,2,0,0,0,0,0,0,0,1,0.000,0.000,0.000
50859,66657,0.000,1,1,0,0,0,0,0,0,0,0,0.000,0.000,0.000
50859,66704,1.000,1,1,1,0,0,0,1,0,0,0,1.000,1.000,2.000
50859,65703,0.000,2,2,0,0,0,0,0,0,0,1,0.000,0.000,0.000
50859,64006,0.500,2,2,1,0,0,0,0,0,0,1,0.500,0.500,1.000
50859,50707,0.500,2,2,1,1,0,0,0,0,0,0,1.000,0.500,1.500
69047,69737,0.000,1,1,0,0,0,0,0,0,0,1,0.000,0.000,0.000
69047,53764,0.333,6,6,2,1,0,0,1,0,0,1,0.500,0.333,0.833
69047,65703,0.000,1,1,0,0,0,0,0,0,0,1,0.000,0.000,0.000
69047,64006,0.000,2,2,0,0,0,0,0,0,0,0,0.000,0.000,0.000
69047,50707,0.500,3,2,1,0,0,0,0,1,0,0,0.500,0.667,1.167
52060,50167,0.000,2,2,0,0,0,0,0,0,0,1,0.000,0.000,0.000
52060,76267,0.333,4,3,1,0,0,0,0,1,0,1,0.333,0.500,0.833
52060,53312,0.000,4,4,0,0,0,0,0,0,0,1,0.000,0.000,0.000
52060,50357,0.000,2,1,0,0,0,0,0,1,0,0,0.000,0.500,0.500
52060,78756,0.000,1,1,0,0,0,0,0,0,0,1,0.000,0.000,0.000
52060,64346,0.500,2,2,1,1,0,0,0,0,0,0,1.000,0.500,1.500
69041,76267,0.333,4,3,1,0,0,0,0,0,0,1,0.333,0.333,0.666
69041,53312,0.000,2,1,0,0,0,0,0,1,0,1,0.000,0.500,0.500
69041,69332,0.000,1,1,0,0,0,0,0,0,0,1,0.000,0.000,0.000
69041,78756,0.000,1,1,0,0,0,0,0,0,0,0,0.000,0.000,0.000
69041,64346,0.500,2,2,1,0,0,0,0,0,0,0,0.500,0.500,1.000
65048,50167,0.000,1,1,0,0,0,0,0,0,0,1,0.000,0.000,0.000
65048,76267,1.000,1,1,1,0,0,0,0,0,0,0,1.000,1.000,2.000
65048,53312,0.000,2,2,0,0,0,0,0,0,0,1,0.000,0.000,0.000
65048,50357,0.500,2,2,1,0,0,0,0,0,0,0,0.500,0.500,1.000
65048,78756,0.500,2,2,1,0,0,0,0,0,0,0,0.500,0.500,1.000
65048,64346,0.000,1,1,0,0,0,0,0,0,0,1,0.000,0.000,0.000
73117,50167,0.000,1,1,0,0,0,0,0,0,0,0,0.000,0.000,0.000
73117,53312,0.200,5,5,1,0,0,0,0,0,0,3,0.200,0.200,0.400
73117,69332,0.000,1,1,0,0,0,0,0,0,0,0,0.000,0.000,0.000
73117,78756,0.000,1,1,0,0,0,0,0,0,0,1,0.000,0.000,0.000
73117,64346,1.000,1,1,1,0,0,1,1,0,0,0,4.000,1.000,5.000
69054,64346,1.000,1,1,1,0,0,1,1,0,0,0,4.000,1.000,5.000
65060,50167,-,1,0,0,0,0,0,0,0,0,0,0.000,0.000,0.000
65060,76267,1.000,1,1,1,0,1,0,0,0,0,0,3.000,1.000,4.000
65060,53312,-,1,0,0,0,0,0,0,1,0,0,0.000,1.000,1.000
65060,50357,0.000,2,1,0,0,0,0,0,1,0,0,0.000,0.500,0.500
64001,50167,0.167,6,6,1,0,0,0,0,0,0,1,0.167,0.167,0.334
64001,76267,0.400,5,5,2,0,0,2,5,0,0,0,1.600,0.400,2.000
64001,53312,0.000,2,2,0,0,0,0,0,0,0,0,0.000,0.000,0.000
64001,50357,0.125,8,8,1,0,0,1,1,0,0,2,0.500,0.125,0.625
64001,64346,0.200,5,5,1,1,0,0,0,0,0,2,0.400,0.200,0.600
50030,50167,0.333,3,3,1,1,0,0,0,0,0,0,0.667,0.333,1.000
50030,76267,0.000,1,1,0,0,0,0,0,0,0,0,0.000,0.000,0.000
50030,53312,0.500,6,6,3,0,0,0,0,0,0,1,0.500,0.500,1.000
50030,50357,0.333,3,3,1,1,0,0,0,0,0,1,0.667,0.333,1.000
50030,64346,0.000,1,1,0,0,0,0,0,0,0,1,0.000,0.000,0.000
50859,50167,0.000,1,1,0,0,0,0,0,0,0,0,0.000,0.000,0.000
50859,53312,0.200,5,5,1,1,0,0,2,0,0,3,0.400,0.200,0.600
50859,50357,0.333,3,3,1,0,0,0,0,0,0,1,0.333,0.333,0.666
50859,69332,0.000,2,2,0,0,0,0,0,0,0,0,0.000,0.000,0.000
50859,78756,0.500,2,2,1,0,0,0,0,0,0,0,0.500,0.500,1.000
50859,64346,0.500,5,4,2,1,0,0,0,0,1,1,0.750,0.600,1.350
69047,50167,1.000,1,1,1,1,0,0,1,0,0,0,2.000,1.000,3.000
69047,76267,0.333,3,3,1,0,0,0,1,0,0,1,0.333,0.333,0.666
69047,53312,0.000,1,1,0,0,0,0,0,0,0,0,0.000,0.000,0.000
69047,50357,0.000,3,2,0,0,0,0,0,1,0,2,0.000,0.333,0.333
69047,64346,0.000,3,1,0,0,0,0,0,0,2,1,0.000,0.667,0.667
67419,76267,-,2,0,0,0,0,0,2,1,0,0,0.000,0.500,0.500
67419,53312,0.000,1,1,0,0,0,0,0,0,0,0,0.000,0.000,0.000
67419,78756,0.000,1,1,0,0,0,0,0,0,0,0,0.000,0.000,0.000
67419,64346,0.000,2,2,0,0,0,0,0,0,0,1,0.000,0.000,0.000
75867,62404,0.000,3,2,0,0,0,0,0,1,0,0,0.000,0.333,0.333
75867,52415,0.000,1,1,0,0,0,0,0,0,0,0,0.000,0.000,0.000
75867,67449,0.500,2,2,1,0,0,0,0,0,0,1,0.500,0.500,1.000
75867,50458,0.000,2,1,0,0,0,0,0,1,0,1,0.000,0.500,0.500
75867,69418,1.000,1,1,1,1,0,0,0,0,0,0,2.000,1.000,3.000
75867,65586,1.000,1,1,1,0,0,0,0,0,0,0,1.000,1.000,2.000
55167,54400,0.333,3,3,1,0,0,0,0,0,0,0,0.333,0.333,0.666
55167,52415,0.000,1,1,0,0,0,0,0,0,0,0,0.000,0.000,0.000
55167,52430,1.000,1,1,1,0,0,0,1,0,0,0,1.000,1.000,2.000
55167,62234,0.000,2,1,0,0,0,0,0,1,0,0,0.000,0.500,0.500
55167,69418,1.000,1,1,1,1,0,0,0,0,0,0,2.000,1.000,3.000
55167,65586,-,1,0,0,0,0,0,0,1,0,0,0.000,1.000,1.000
63950,54400,0.000,3,1,0,0,0,0,0,2,0,0,0.000,0.667,0.667
63950,62404,0.000,3,3,0,0,0,0,0,0,0,0,0.000,0.000,0.000
63950,67449,0.500,3,2,1,1,0,0,0,1,0,0,1.000,0.667,1.667
63950,52430,0.500,2,2,1,0,0,0,0,0,0,1,0.500,0.500,1.000
63950,74540,0.000,2,2,0,0,0,0,0,0,0,0,0.000,0.000,0.000
63950,62234,0.000,3,3,0,0,0,0,0,0,0,0,0.000,0.000,0.000
63950,50458,0.000,3,3,0,0,0,0,0,0,0,1,0.000,0.000,0.000
63950,69418,0.750,4,4,3,1,0,0,0,0,0,0,1.000,0.750,1.750
63950,65586,0.333,3,3,1,0,0,1,4,0,0,1,1.333,0.333,1.666
69134,54400,0.667,4,3,2,0,0,2,5,1,0,1,2.667,0.750,3.417
69134,62404,0.750,4,4,3,0,0,0,1,0,0,0,0.750,0.750,1.500
69134,67449,1.000,1,1,1,0,0,0,1,0,0,0,1.000,1.000,2.000
69134,74540,0.500,4,2,1,0,0,0,2,1,1,0,0.500,0.750,1.250
69134,62234,0.000,4,3,0,0,0,0,1,1,0,0,0.000,0.250,0.250
69134,50458,0.400,6,5,2,0,0,0,0,1,0,0,0.400,0.500,0.900
69134,69418,1.000,3,2,2,0,0,0,0,1,0,0,1.000,1.000,2.000
69134,61404,1.000,1,1,1,0,1,0,1,0,0,0,3.000,1.000,4.000
69134,66409,0.000,1,1,0,0,0,0,0,0,0,0,0.000,0.000,0.000
69134,65586,0.333,4,3,1,0,0,0,0,1,0,0,0.333,0.500,0.833
63248,54400,0.500,2,2,1,0,0,0,0,0,0,1,0.500,0.500,1.000
63248,62404,1.000,1,1,1,0,0,0,1,0,0,0,1.000,1.000,2.000
63248,52415,1.000,1,1,1,0,0,1,1,0,0,0,4.000,1.000,5.000
63248,67449,-,1,0,0,0,0,0,0,1,0,0,0.000,1.000,1.000
63248,62234,0.000,1,1,0,0,0,0,0,0,0,0,0.000,0.000,0.000
67143,54400,0.000,1,1,0,0,0,0,0,0,0,1,0.000,0.000,0.000
67143,62404,0.000,2,2,0,0,0,0,0,0,0,2,0.000,0.000,0.000
67143,67449,-,1,0,0,0,0,0,0,1,0,0,0.000,1.000,1.000
67143,52430,0.500,2,2,1,0,0,1,1,0,0,1,2.000,0.500,2.500
67143,62234,-,1,0,0,0,0,0,0,0,0,0,0.000,0.000,0.000
67143,50458,0.000,2,1,0,0,0,0,0,1,0,0,0.000,0.500,0.500
67143,61404,0.000,1,1,0,0,0,0,0,0,0,0,0.000,0.000,0.000
67143,65586,-,1,0,0,0,0,0,0,1,0,0,0.000,1.000,1.000
51111,54400,0.333,3,3,1,0,0,0,0,0,0,0,0.333,0.333,0.666
51111,62404,0.333,3,3,1,0,0,0,0,0,0,0,0.333,0.333,0.666
51111,52415,1.000,2,2,2,0,0,1,4,0,0,0,2.500,1.000,3.500
51111,74540,0.500,2,2,1,0,0,1,1,0,0,0,2.000,0.500,2.500
51111,62234,0.000,3,3,0,0,0,0,0,0,0,0,0.000,0.000,0.000
51111,50458,0.000,2,2,0,0,0,0,0,0,0,0,0.000,0.000,0.000
51111,69418,0.500,3,2,1,0,0,0,0,1,0,0,0.500,0.667,1.167
51111,65586,0.500,2,2,1,0,0,0,0,0,0,1,0.500,0.500,1.000
61101,54400,0.333,6,6,2,0,0,0,3,0,0,4,0.333,0.333,0.666
61101,62404,0.500,5,4,2,1,0,0,0,1,0,1,0.750,0.600,1.350
61101,52415,0.400,5,5,2,0,0,0,0,0,0,0,0.400,0.400,0.800
61101,67449,0.333,3,3,1,0,0,0,0,0,0,1,0.333,0.333,0.666
61101,52430,0.000,2,2,0,0,0,0,0,0,0,1,0.000,0.000,0.000
61101,74540,0.250,4,4,1,0,0,0,0,0,0,0,0.250,0.250,0.500
61101,62234,0.167,6,6,1,0,0,0,0,0,0,0,0.167,0.167,0.334
61101,50458,0.125,9,8,1,0,0,0,0,1,0,0,0.125,0.222,0.347
61101,69418,0.500,2,2,1,0,0,0,0,0,0,0,0.500,0.500,1.000
61101,61404,1.000,2,2,2,0,0,0,0,0,0,0,1.000,1.000,2.000
61101,65586,0.667,4,3,2,0,0,1,3,1,0,0,1.667,0.750,2.417
61145,62404,1.000,1,1,1,0,0,0,0,0,0,0,1.000,1.000,2.000
75867,79240,0.667,3,3,2,0,0,1,2,0,0,0,1.667,0.667,2.334
75867,78548,0.000,3,2,0,0,0,0,0,1,0,0,0.000,0.333,0.333
75867,79402,0.500,2,2,1,0,0,0,0,0,0,0,0.500,0.500,1.000
75867,64004,0.000,2,2,0,0,0,0,0,0,0,0,0.000,0.000,0.000
75867,51003,0.000,1,1,0,0,0,0,0,0,0,1,0.000,0.000,0.000
55167,52001,0.500,2,2,1,0,1,0,0,0,0,0,1.500,0.500,2.000
55167,79240,0.000,2,2,0,0,0,0,0,0,0,0,0.000,0.000,0.000
55167,78548,0.667,3,3,2,1,0,0,2,0,0,1,1.000,0.667,1.667
55167,79402,0.000,1,1,0,0,0,0,0,0,0,0,0.000,0.000,0.000
55167,64004,0.000,1,1,0,0,0,0,0,0,0,0,0.000,0.000,0.000
55167,51003,0.500,2,2,1,0,0,0,0,0,0,1,0.500,0.500,1.000
63950,79402,1.000,1,1,1,0,0,0,0,0,0,0,1.000,1.000,2.000
63950,64004,1.000,1,1,1,0,0,0,2,0,0,0,1.000,1.000,2.000
63950,51003,0.500,2,2,1,1,0,0,0,0,0,1,1.000,0.500,1.500
63950,64166,0.000,1,1,0,0,0,0,0,0,0,0,0.000,0.000,0.000
50106,52001,0.000,1,1,0,0,0,0,0,0,0,0,0.000,0.000,0.000
50106,79240,-,1,0,0,0,0,0,0,1,0,0,0.000,1.000,1.000
50106,67644,1.000,1,1,1,0,0,0,0,0,0,0,1.000,1.000,2.000
69134,52001,1.000,2,1,1,0,0,0,0,0,1,0,1.000,1.000,2.000
69134,79240,0.500,2,2,1,0,0,0,0,0,0,0,0.500,0.500,1.000
69134,78548,1.000,2,1,1,0,0,0,0,1,0,0,1.000,1.000,2.000
69134,79402,0.143,7,7,1,0,0,0,0,0,0,1,0.143,0.143,0.286
69134,64004,0.500,6,6,3,1,0,0,2,0,0,0,0.667,0.500,1.167
69134,51003,0.500,2,2,1,1,0,0,0,0,0,1,1.000,0.500,1.500
69134,64166,0.000,2,2,0,0,0,0,0,0,0,0,0.000,0.000,0.000
69134,64504,0.000,4,3,0,0,0,0,0,1,0,0,0.000,0.250,0.250
69134,64115,0.000,2,2,0,0,0,0,0,0,0,0,0.000,0.000,0.000
69134,67644,1.000,1,1,1,0,0,0,1,0,0,0,1.000,1.000,2.000
65109,52001,0.000,1,1,0,0,0,0,0,0,0,1,0.000,0.000,0.000
65109,79402,1.000,1,1,1,0,0,0,2,0,0,0,1.000,1.000,2.000
65109,64115,-,1,0,0,0,0,0,0,1,0,0,0.000,1.000,1.000
63248,52001,0.000,1,1,0,0,0,0,0,0,0,0,0.000,0.000,0.000
63248,79240,0.000,2,2,0,0,0,0,0,0,0,0,0.000,0.000,0.000
63248,78548,0.000,3,2,0,0,0,0,0,1,0,0,0.000,0.333,0.333
63248,79402,0.667,3,3,2,0,0,0,0,0,0,0,0.667,0.667,1.334
63248,64004,0.000,1,1,0,0,0,0,0,0,0,1,0.000,0.000,0.000
63248,64166,0.000,1,1,0,0,0,0,0,0,0,0,0.000,0.000,0.000
63248,64504,0.000,1,1,0,0,0,0,0,0,0,0,0.000,0.000,0.000
63248,67644,0.000,1,1,0,0,0,0,0,0,0,0,0.000,0.000,0.000
63248,68089,0.000,1,1,0,0,0,0,0,0,0,1,0.000,0.000,0.000
55146,52001,-,1,0,0,0,0,0,0,1,0,0,0.000,1.000,1.000
55146,79240,1.000,1,1,1,0,0,0,1,0,0,0,1.000,1.000,2.000
55146,67644,1.000,1,1,1,0,0,0,1,0,0,0,1.000,1.000,2.000
67143,52001,0.000,2,1,0,0,0,0,0,0,1,0,0.000,0.500,0.500
67143,79240,0.000,1,1,0,0,0,0,0,0,0,1,0.000,0.000,0.000
67143,78548,1.000,1,1,1,0,0,0,1,0,0,0,1.000,1.000,2.000
67143,64004,-,1,0,0,0,0,0,0,0,1,0,0.000,1.000,1.000
67143,51003,1.000,1,1,1,0,0,0,0,0,0,0,1.000,1.000,2.000
67143,64166,0.000,1,1,0,0,0,0,0,0,0,0,0.000,0.000,0.000
67143,64504,0.000,1,1,0,0,0,0,0,0,0,0,0.000,0.000,0.000
51111,52001,0.000,2,1,0,0,0,0,0,1,0,0,0.000,0.500,0.500
51111,79240,0.500,2,2,1,0,0,0,0,0,0,0,0.500,0.500,1.000
51111,78548,0.000,2,2,0,0,0,0,0,0,0,1,0.000,0.000,0.000
51111,51003,0.500,2,2,1,0,0,0,1,0,0,0,0.500,0.500,1.000
51111,64504,0.500,2,2,1,1,0,0,0,0,0,0,1.000,0.500,1.500
51111,68089,0.000,2,1,0,0,0,0,0,1,0,0,0.000,0.500,0.500
61101,52001,0.286,9,7,2,1,0,1,2,0,2,0,0.857,0.444,1.301
61101,79240,0.400,10,10,4,0,0,0,1,0,0,0,0.400,0.400,0.800
61101,78548,0.250,5,4,1,1,0,0,1,1,0,1,0.500,0.400,0.900
61101,79402,0.273,13,11,3,0,0,0,0,2,0,0,0.273,0.385,0.658
61101,64004,0.143,7,7,1,1,0,0,0,0,0,1,0.286,0.143,0.429
61101,51003,0.200,6,5,1,0,0,0,1,1,0,1,0.200,0.333,0.533
61101,64166,0.000,3,3,0,0,0,0,0,0,0,1,0.000,0.000,0.000
61101,66706,0.000,1,1,0,0,0,0,0,0,0,1,0.000,0.000,0.000
61101,64115,0.000,2,2,0,0,0,0,0,0,0,1,0.000,0.000,0.000
61101,67644,0.000,1,1,0,0,0,0,0,0,0,0,0.000,0.000,0.000
61101,68089,0.000,2,2,0,0,0,0,0,0,0,0,0.000,0.000,0.000
61145,79402,0.000,1,1,0,0,0,0,0,0,0,1,0.000,0.000,0.000
61145,64004,-,1,0,0,0,0,0,0,1,0,0,0.000,1.000,1.000
61145,64504,1.000,1,1,1,0,0,0,0,0,0,0,1.000,1.000,2.000
61145,64115,0.000,2,2,0,0,0,0,0,0,0,0,0.000,0.000,0.000
75867,69636,0.000,1,1,0,0,0,0,0,0,0,0,0.000,0.000,0.000
75867,65653,1.000,1,1,1,1,0,0,0,0,0,0,2.000,1.000,3.000
75867,68646,1.000,1,1,1,1,0,0,1,0,0,0,2.000,1.000,3.000
75867,78122,-,1,0,0,0,0,0,0,1,0,0,0.000,1.000,1.000
75867,66614,0.000,2,2,0,0,0,0,1,0,0,0,0.000,0.000,0.000
75867,52667,0.000,1,1,0,0,0,0,0,0,0,0,0.000,0.000,0.000
75867,52605,0.000,1,1,0,0,0,0,0,0,0,1,0.000,0.000,0.000
55167,65653,0.500,2,2,1,0,0,0,0,0,0,0,0.500,0.500,1.000
55167,62947,0.000,1,1,0,0,0,0,0,0,0,0,0.000,0.000,0.000
55167,78603,-,1,0,0,0,0,0,0,1,0,0,0.000,1.000,1.000
55167,68646,0.000,2,1,0,0,0,0,0,1,0,1,0.000,0.500,0.500
55167,78122,0.000,1,1,0,0,0,0,0,0,0,0,0.000,0.000,0.000
55167,69727,0.000,1,1,0,0,0,0,0,0,0,0,0.000,0.000,0.000
63950,65653,0.250,4,4,1,0,0,0,0,0,0,1,0.250,0.250,0.500
63950,62947,0.333,3,3,1,0,0,1,1,0,0,0,1.333,0.333,1.666
63950,78603,0.000,3,3,0,0,0,0,0,0,0,0,0.000,0.000,0.000
63950,68646,0.500,4,4,2,1,0,0,0,0,0,0,0.750,0.500,1.250
63950,66614,0.000,2,1,0,0,0,0,1,1,0,0,0.000,0.500,0.500
63950,52667,0.333,3,3,1,0,0,0,0,0,0,1,0.333,0.333,0.666
63950,52605,0.000,4,3,0,0,0,0,0,1,0,0,0.000,0.250,0.250
50106,69636,0.000,1,1,0,0,0,0,0,0,0,1,0.000,0.000,0.000
50106,78603,-,1,0,0,0,0,0,0,1,0,0,0.000,1.000,1.000
50106,68646,0.000,1,1,0,0,0,0,0,0,0,0,0.000,0.000,0.000
69134,69636,0.000,1,1,0,0,0,0,0,0,0,0,0.000,0.000,0.000
69134,65653,-,1,0,0,0,0,0,0,1,0,0,0.000,1.000,1.000
69134,62947,-,1,0,0,0,0,0,0,0,1,0,0.000,1.000,1.000
69134,78603,0.000,1,1,0,0,0,0,0,0,0,0,0.000,0.000,0.000
69134,68646,0.000,1,1,0,0,0,0,0,0,0,0,0.000,0.000,0.000
69134,52667,0.000,2,2,0,0,0,0,0,0,0,1,0.000,0.000,0.000
69134,52605,1.000,1,1,1,1,0,0,0,0,0,0,2.000,1.000,3.000
65109,65653,-,1,0,0,0,0,0,0,1,0,0,0.000,1.000,1.000
65109,62947,0.500,2,2,1,0,0,0,0,0,0,1,0.500,0.500,1.000
65109,78603,0.000,2,2,0,0,0,0,0,0,0,0,0.000,0.000,0.000
65109,68646,0.000,1,1,0,0,0,0,0,0,0,0,0.000,0.000,0.000
65109,52605,-,1,0,0,0,0,0,0,1,0,0,0.000,1.000,1.000
63248,69636,0.000,2,2,0,0,0,0,0,0,0,0,0.000,0.000,0.000
63248,65653,0.000,1,1,0,0,0,0,0,0,0,0,0.000,0.000,0.000
63248,68646,-,1,0,0,0,0,0,0,0,1,0,0.000,1.000,1.000
63248,78122,0.000,3,3,0,0,0,0,0,0,0,0,0.000,0.000,0.000
63248,66614,0.000,2,2,0,0,0,0,0,0,0,0,0.000,0.000,0.000
55146,65653,0.000,2,2,0,0,0,0,0,0,0,2,0.000,0.000,0.000
55146,62947,0.500,3,2,1,0,0,0,0,1,0,1,0.500,0.667,1.167
55146,78603,0.000,2,2,0,0,0,0,0,0,0,0,0.000,0.000,0.000
55146,78122,1.000,2,1,1,0,0,0,0,1,0,0,1.000,1.000,2.000
55146,52605,0.333,3,3,1,0,0,0,0,0,0,0,0.333,0.333,0.666
67143,62947,0.667,3,3,2,1,0,0,1,0,0,0,1.000,0.667,1.667
67143,78603,0.000,2,1,0,0,0,0,0,1,0,0,0.000,0.500,0.500
67143,78122,0.000,1,1,0,0,0,0,0,0,0,0,0.000,0.000,0.000
67143,66614,0.500,2,2,1,0,0,0,0,0,0,0,0.500,0.500,1.000
67143,52605,0.000,3,2,0,0,0,0,1,0,1,1,0.000,0.333,0.333
51111,69636,0.333,3,3,1,0,0,1,1,0,0,1,1.333,0.333,1.666
51111,65653,0.500,4,4,2,1,0,0,0,0,0,1,0.750,0.500,1.250
51111,62947,0.000,4,4,0,0,0,0,0,0,0,2,0.000,0.000,0.000
51111,78603,0.400,5,5,2,0,0,0,0,0,0,0,0.400,0.400,0.800
51111,78122,0.250,4,4,1,0,0,0,0,0,0,0,0.250,0.250,0.500
51111,52667,0.000,1,1,0,0,0,0,0,0,0,1,0.000,0.000,0.000
51111,52605,0.000,4,3,0,0,0,0,0,1,0,1,0.000,0.250,0.250
61145,69636,0.000,1,1,0,0,0,0,0,0,0,1,0.000,0.000,0.000
61145,62947,0.000,1,1,0,0,0,0,0,0,0,1,0.000,0.000,0.000
61145,78603,1.000,1,1,1,0,0,0,0,0,0,0,1.000,1.000,2.000
61145,52605,0.000,1,1,0,0,0,0,0,0,0,0,0.000,0.000,0.000
75867,79231,0.500,3,2,1,0,0,0,0,0,0,1,0.500,0.500,1.000
75867,76232,0.000,2,2,0,0,0,0,0,0,0,0,0.000,0.000,0.000
75867,55252,0.000,1,1,0,0,0,0,0,0,0,0,0.000,0.000,0.000
75867,53554,0.333,3,3,1,1,0,0,0,0,0,1,0.667,0.333,1.000
75867,51203,0.000,3,3,0,0,0,0,0,0,0,0,0.000,0.000,0.000
75867,66209,1.000,1,1,1,0,0,0,0,0,0,0,1.000,1.000,2.000
55167,79231,0.000,1,1,0,0,0,0,0,0,0,1,0.000,0.000,0.000
55167,76232,0.500,2,2,1,0,0,0,0,0,0,1,0.500,0.500,1.000
55167,50208,0.000,2,2,0,0,0,0,0,0,0,0,0.000,0.000,0.000
55167,67207,0.000,2,2,0,0,0,0,0,0,0,0,0.000,0.000,0.000
55167,55252,0.000,1,1,0,0,0,0,0,0,0,0,0.000,0.000,0.000
55167,64153,0.000,1,1,0,0,0,0,0,0,0,1,0.000,0.000,0.000
55167,53554,0.333,3,3,1,0,0,0,0,0,0,1,0.333,0.333,0.666
55167,66112,0.000,1,1,0,0,0,0,0,0,0,0,0.000,0.000,0.000
55167,51203,0.000,2,2,0,0,0,0,0,0,0,1,0.000,0.000,0.000
63950,79231,1.000,1,1,1,0,0,0,0,0,0,0,1.000,1.000,2.000
63950,76232,-,1,0,0,0,0,0,0,0,1,0,0.000,1.000,1.000
63950,50208,0.000,1,1,0,0,0,0,0,0,0,0,0.000,0.000,0.000
63950,55252,0.000,1,1,0,0,0,0,0,0,0,0,0.000,0.000,0.000
63950,53554,0.000,1,1,0,0,0,0,0,0,0,0,0.000,0.000,0.000
63950,66112,1.000,1,1,1,0,0,0,0,0,0,0,1.000,1.000,2.000
63950,63257,0.000,1,1,0,0,0,0,0,0,0,1,0.000,0.000,0.000
63950,51203,0.000,1,1,0,0,0,0,0,0,0,0,0.000,0.000,0.000
50106,63123,0.000,1,1,0,0,0,0,0,0,0,1,0.000,0.000,0.000
69134,79231,0.250,4,4,1,0,0,0,0,0,0,1,0.250,0.250,0.500
69134,50208,0.000,3,3,0,0,0,0,0,0,0,0,0.000,0.000,0.000
69134,64153,0.000,2,1,0,0,0,0,1,0,0,0,0.000,0.000,0.000
69134,53554,0.500,2,2,1,0,0,0,0,0,0,0,0.500,0.500,1.000
69134,51203,0.000,2,2,0,0,0,0,0,0,0,1,0.000,0.000,0.000
63248,79231,0.500,2,2,1,0,0,0,0,0,0,0,0.500,0.500,1.000
63248,76232,0.000,2,2,0,0,0,0,0,0,0,1,0.000,0.000,0.000
63248,67207,0.000,1,1,0,0,0,0,0,0,0,1,0.000,0.000,0.000
63248,55252,1.000,2,2,2,1,0,0,1,0,0,0,1.500,1.000,2.500
63248,53554,0.000,1,1,0,0,0,0,0,0,0,1,0.000,0.000,0.000
63248,66112,0.000,1,1,0,0,0,0,0,0,0,0,0.000,0.000,0.000
63248,66209,0.000,1,1,0,0,0,0,0,0,0,0,0.000,0.000,0.000
67143,79231,0.000,1,1,0,0,0,0,0,0,0,0,0.000,0.000,0.000
67143,76232,0.500,2,2,1,0,0,0,0,0,0,1,0.500,0.500,1.000
67143,63123,0.000,1,1,0,0,0,0,0,0,0,1,0.000,0.000,0.000
67143,67207,0.000,1,1,0,0,0,0,0,0,0,0,0.000,0.000,0.000
67143,55252,0.000,1,1,0,0,0,0,0,0,0,0,0.000,0.000,0.000
67143,64153,0.000,2,2,0,0,0,0,0,0,0,2,0.000,0.000,0.000
67143,53554,0.500,2,2,1,0,0,0,0,0,0,0,0.500,0.500,1.000
67143,66112,0.000,2,2,0,0,0,0,0,0,0,1,0.000,0.000,0.000
67143,66209,0.000,1,1,0,0,0,0,0,0,0,0,0.000,0.000,0.000
51111,79231,0.250,4,4,1,0,0,0,0,0,0,2,0.250,0.250,0.500
51111,76232,0.000,2,2,0,0,0,0,0,0,0,0,0.000,0.000,0.000
51111,67207,0.000,2,2,0,0,0,0,0,0,0,1,0.000,0.000,0.000
51111,55252,0.500,6,6,3,1,0,1,3,0,0,1,1.167,0.500,1.667
51111,64153,0.500,2,2,1,0,0,0,0,0,0,0,0.500,0.500,1.000
51111,53554,0.500,2,2,1,0,0,0,0,0,0,1,0.500,0.500,1.000
51111,51203,0.000,3,3,0,0,0,0,0,0,0,1,0.000,0.000,0.000
61101,79231,0.250,9,8,2,0,0,0,0,0,0,2,0.250,0.250,0.500
61101,76232,0.273,12,11,3,1,0,0,2,0,0,0,0.364,0.250,0.614
61101,50208,0.000,2,2,0,0,0,0,0,0,0,0,0.000,0.000,0.000
61101,67207,0.333,5,3,1,0,0,0,0,1,1,1,0.333,0.600,0.933
61101,55252,0.000,9,7,0,0,0,0,0,1,1,1,0.000,0.222,0.222
61101,64153,0.400,5,5,2,0,0,0,0,0,0,1,0.400,0.400,0.800
61101,53554,0.222,9,9,2,0,0,0,0,0,0,0,0.222,0.222,0.444
61101,66112,0.000,2,2,0,0,0,0,0,0,0,1,0.000,0.000,0.000
61101,51203,0.250,8,8,2,0,0,0,0,0,0,2,0.250,0.250,0.500
61101,66209,0.500,3,2,1,0,0,0,0,1,0,0,0.500,0.667,1.167
61145,79231,0.000,1,1,0,0,0,0,0,0,0,0,0.000,0.000,0.000
61145,76232,0.000,1,1,0,0,0,0,0,0,0,1,0.000,0.000,0.000
61145,55252,0.000,1,1,0,0,0,0,0,0,0,0,0.000,0.000,0.000
61145,53554,0.000,1,1,0,0,0,0,0,0,0,0,0.000,0.000,0.000
61145,51203,0.000,1,1,0,0,0,0,0,0,0,0,0.000,0.000,0.000
61145,66209,-,1,0,0,0,0,0,0,1,0,0,0.000,1.000,1.000
75867,51907,0.200,5,5,1,0,0,0,0,0,0,0,0.200,0.200,0.400
75867,51344,1.000,1,1,1,0,0,0,0,0,0,0,1.000,1.000,2.000
75867,62907,0.000,4,4,0,0,0,0,0,0,0,3,0.000,0.000,0.000
75867,63963,1.000,1,1,1,1,0,0,0,0,0,0,2.000,1.000,3.000
75867,79215,0.000,3,3,0,0,0,0,0,0,0,1,0.000,0.000,0.000
75867,68912,0.000,2,2,0,0,0,0,0,0,0,2,0.000,0.000,0.000
75867,63260,0.000,1,1,0,0,0,0,0,0,0,0,0.000,0.000,0.000
75867,67905,0.000,1,1,0,0,0,0,0,0,0,0,0.000,0.000,0.000
75867,69995,0.667,3,3,2,0,0,1,1,0,0,1,1.667,0.667,2.334
75867,64101,0.000,2,2,0,0,0,0,0,0,0,0,0.000,0.000,0.000
55167,51907,0.000,1,1,0,0,0,0,0,0,0,0,0.000,0.000,0.000
55167,62907,0.500,2,2,1,0,0,0,0,0,0,0,0.500,0.500,1.000
55167,63963,-,1,0,0,0,0,0,0,1,0,0,0.000,1.000,1.000
55167,79215,-,1,0,0,0,0,0,0,1,0,0,0.000,1.000,1.000
55167,68912,0.000,2,1,0,0,0,0,0,0,0,1,0.000,0.000,0.000
55167,63260,0.000,1,1,0,0,0,0,0,0,0,0,0.000,0.000,0.000
55167,69995,1.000,1,1,1,0,0,0,0,0,0,0,1.000,1.000,2.000
55167,64101,1.000,1,1,1,0,0,1,3,0,0,0,4.000,1.000,5.000
55167,50600,1.000,1,1,1,0,0,0,0,0,0,0,1.000,1.000,2.000
55167,50902,0.333,3,3,1,0,0,0,0,0,0,1,0.333,0.333,0.666
63950,51907,0.500,6,6,3,0,0,0,1,0,0,0,0.500,0.500,1.000
63950,51344,0.667,3,3,2,1,0,0,0,0,0,0,1.000,0.667,1.667
63950,62907,0.500,6,6,3,0,0,0,1,0,0,0,0.500,0.500,1.000
63950,79215,0.200,5,5,1,0,0,1,1,0,0,1,0.800,0.200,1.000
63950,68912,0.250,4,4,1,0,0,0,0,0,0,0,0.250,0.250,0.500
63950,63260,0.400,5,5,2,0,0,0,0,0,0,0,0.400,0.400,0.800
63950,67905,1.000,2,2,2,0,0,0,0,0,0,0,1.000,1.000,2.000
63950,69992,0.000,2,2,0,0,0,0,0,0,0,1,0.000,0.000,0.000
63950,50902,0.000,2,2,0,0,0,0,0,0,0,1,0.000,0.000,0.000
50106,51907,0.000,2,2,0,0,0,0,0,0,0,0,0.000,0.000,0.000
50106,62907,0.000,2,2,0,0,0,0,0,0,0,1,0.000,0.000,0.000
50106,69995,0.000,1,1,0,0,0,0,0,0,0,0,0.000,0.000,0.000
50106,69992,1.000,1,1,1,0,0,0,0,0,0,0,1.000,1.000,2.000
69134,51907,1.000,2,2,2,1,0,0,0,0,0,0,1.500,1.000,2.500
69134,51344,1.000,2,1,1,0,0,0,1,0,1,0,1.000,1.000,2.000
69134,62907,1.000,1,1,1,1,0,0,2,0,0,0,2.000,1.000,3.000
69134,79215,0.000,2,1,0,0,0,0,0,1,0,1,0.000,0.500,0.500
69134,68912,1.000,2,2,2,0,0,0,1,0,0,0,1.000,1.000,2.000
69134,67905,0.500,2,2,1,0,0,0,0,0,0,0,0.500,0.500,1.000
69134,69995,0.000,1,1,0,0,0,0,0,0,0,0,0.000,0.000,0.000
69134,69992,0.000,2,2,0,0,0,0,0,0,0,0,0.000,0.000,0.000
63248,51344,0.000,1,1,0,0,0,0,0,0,0,1,0.000,0.000,0.000
63248,62907,0.000,1,1,0,0,0,0,0,0,0,0,0.000,0.000,0.000
63248,63963,1.000,2,2,2,1,0,0,1,0,0,0,1.500,1.000,2.500
63248,79215,1.000,1,1,1,0,0,0,0,0,0,0,1.000,1.000,2.000
63248,68912,0.000,2,2,0,0,0,0,0,0,0,1,0.000,0.000,0.000
63248,63260,1.000,1,1,1,0,0,0,0,0,0,0,1.000,1.000,2.000
63248,67905,0.000,1,1,0,0,0,0,0,0,0,0,0.000,0.000,0.000
63248,69995,0.000,1,1,0,0,0,0,0,0,0,0,0.000,0.000,0.000
63248,50902,0.000,1,1,0,0,0,0,0,0,0,0,0.000,0.000,0.000
67143,51907,0.000,2,1,0,0,0,0,0,1,0,0,0.000,0.500,0.500
67143,62907,-,1,0,0,0,0,0,0,1,0,0,0.000,1.000,1.000
67143,63963,-,1,0,0,0,0,0,0,1,0,0,0.000,1.000,1.000
67143,68912,-,1,0,0,0,0,0,1,1,0,0,0.000,1.000,1.000
67143,63260,0.000,1,1,0,0,0,0,0,0,0,0,0.000,0.000,0.000
67143,67905,1.000,1,1,1,0,0,0,0,0,0,0,1.000,1.000,2.000
67143,69995,0.000,1,1,0,0,0,0,0,0,0,0,0.000,0.000,0.000
51111,51907,0.200,5,5,1,0,0,0,0,0,0,1,0.200,0.200,0.400
51111,51344,0.500,2,2,1,0,0,0,0,0,0,1,0.500,0.500,1.000
51111,62907,0.333,6,6,2,1,0,0,1,0,0,0,0.500,0.333,0.833
51111,63963,1.000,2,1,1,0,0,1,1,1,0,0,4.000,1.000,5.000
51111,79215,0.167,7,6,1,0,0,0,1,0,0,1,0.167,0.143,0.310
51111,68912,1.000,3,2,2,0,0,0,0,1,0,0,1.000,1.000,2.000
51111,63260,0.714,7,7,5,1,0,0,1,0,0,0,0.857,0.714,1.571
51111,67905,0.000,2,2,0,0,0,0,0,0,0,1,0.000,0.000,0.000
51111,69995,0.000,1,1,0,0,0,0,0,0,0,0,0.000,0.000,0.000
51111,69992,0.000,2,2,0,0,0,0,0,0,0,0,0.000,0.000,0.000
51111,64101,0.500,3,2,1,0,0,0,0,1,0,1,0.500,0.667,1.167
51111,50902,0.500,3,2,1,1,0,0,0,0,0,1,1.000,0.500,1.500
61101,51907,0.000,3,3,0,0,0,0,0,0,0,0,0.000,0.000,0.000
61101,51344,0.000,2,2,0,0,0,0,0,0,0,1,0.000,0.000,0.000
61101,62907,0.000,3,3,0,0,0,0,0,0,0,1,0.000,0.000,0.000
61101,63963,0.000,3,2,0,0,0,0,0,1,0,0,0.000,0.333,0.333
61101,79215,0.000,3,2,0,0,0,0,0,1,0,0,0.000,0.333,0.333
61101,68912,0.000,2,2,0,0,0,0,0,0,0,1,0.000,0.000,0.000
61101,63260,0.000,2,2,0,0,0,0,0,0,0,1,0.000,0.000,0.000
61101,67905,1.000,2,1,1,0,0,0,0,0,1,0,1.000,1.000,2.000
61145,51907,0.000,1,1,0,0,0,0,0,0,0,1,0.000,0.000,0.000
61145,51344,0.000,1,1,0,0,0,0,0,0,0,0,0.000,0.000,0.000
61145,62907,-,1,0,0,0,0,0,0,1,0,0,0.000,1.000,1.000
61145,63260,0.000,1,1,0,0,0,0,0,0,0,0,0.000,0.000,0.000
61145,67905,0.000,1,1,0,0,0,0,0,0,0,0,0.000,0.000,0.000
61145,69992,0.500,2,2,1,0,0,0,0,0,0,1,0.500,0.500,1.000
75867,54529,1.000,3,1,1,0,0,0,1,1,0,0,1.000,0.667,1.667
75867,69517,0.000,3,2,0,0,0,0,0,1,0,1,0.000,0.333,0.333
75867,78513,0.333,3,3,1,1,0,0,0,0,0,0,0.667,0.333,1.000
75867,52591,0.000,1,1,0,0,0,0,0,0,0,0,0.000,0.000,0.000
75867,50150,0.000,1,1,0,0,0,0,0,0,0,0,0.000,0.000,0.000
75867,68205,0.000,3,3,0,0,0,0,0,0,0,1,0.000,0.000,0.000
75867,61102,0.500,2,2,1,1,0,0,0,0,0,1,1.000,0.500,1.500
75867,68507,0.500,4,4,2,0,0,0,0,0,0,1,0.500,0.500,1.000
75867,50500,0.000,4,3,0,0,0,0,0,0,0,1,0.000,0.000,0.000
75867,54598,0.000,1,1,0,0,0,0,0,0,0,0,0.000,0.000,0.000
55167,54529,0.000,3,2,0,0,0,0,0,1,0,0,0.000,0.333,0.333
55167,69517,0.500,2,2,1,0,0,0,1,0,0,0,0.500,0.500,1.000
55167,68507,0.500,2,2,1,0,0,0,1,0,0,0,0.500,0.500,1.000
55167,50500,0.000,2,1,0,0,0,0,0,1,0,1,0.000,0.500,0.500
55167,52568,-,1,0,0,0,0,0,0,1,0,0,0.000,1.000,1.000
55167,77564,0.000,1,1,0,0,0,0,0,0,0,1,0.000,0.000,0.000
63950,54529,1.000,3,3,3,0,0,1,2,0,0,0,2.000,1.000,3.000
63950,69517,0.000,1,1,0,0,0,0,0,0,0,0,0.000,0.000,0.000
63950,78513,0.000,1,1,0,0,0,0,0,0,0,1,0.000,0.000,0.000
63950,52591,0.000,2,1,0,0,0,0,0,1,0,0,0.000,0.500,0.500
63950,51551,0.000,1,1,0,0,0,0,0,0,0,1,0.000,0.000,0.000
63950,68205,0.000,1,1,0,0,0,0,0,0,0,0,0.000,0.000,0.000
63950,61102,0.000,1,1,0,0,0,0,0,0,0,1,0.000,0.000,0.000
63950,68507,0.000,1,1,0,0,0,0,0,0,0,0,0.000,0.000,0.000
63950,50500,0.500,2,2,1,0,0,0,1,0,0,0,0.500,0.500,1.000
63950,54598,1.000,1,1,1,0,0,0,0,0,0,0,1.000,1.000,2.000
50106,78513,0.000,1,1,0,0,0,0,0,0,0,0,0.000,0.000,0.000
50106,52591,0.000,1,1,0,0,0,0,0,0,0,1,0.000,0.000,0.000
50106,61102,0.000,1,1,0,0,0,0,0,0,0,1,0.000,0.000,0.000
50106,68507,0.000,1,1,0,0,0,0,0,0,0,0,0.000,0.000,0.000
50106,52568,0.000,1,1,0,0,0,0,0,0,0,0,0.000,0.000,0.000
50106,54598,-,1,0,0,0,0,0,0,1,0,0,0.000,1.000,1.000
69134,54529,1.000,2,2,2,0,0,0,0,0,0,0,1.000,1.000,2.000
69134,69517,0.000,2,2,0,0,0,0,0,0,0,1,0.000,0.000,0.000
69134,51551,0.500,2,2,1,0,0,0,0,0,0,1,0.500,0.500,1.000
69134,68205,1.000,2,2,2,0,0,0,3,0,0,0,1.000,1.000,2.000
69134,50500,0.000,2,2,0,0,0,0,0,0,0,0,0.000,0.000,0.000
69134,52568,0.000,2,2,0,0,0,0,0,0,0,0,0.000,0.000,0.000
63248,54529,0.500,2,2,1,0,0,1,2,0,0,0,2.000,0.500,2.500
63248,69517,1.000,2,2,2,0,0,0,0,0,0,0,1.000,1.000,2.000
63248,78513,0.000,1,1,0,0,0,0,0,0,0,0,0.000,0.000,0.000
63248,52591,0.000,1,1,0,0,0,0,0,0,0,0,0.000,0.000,0.000
63248,51551,0.000,1,1,0,0,0,0,0,0,0,1,0.000,0.000,0.000
63248,50150,0.000,1,1,0,0,0,0,0,0,0,0,0.000,0.000,0.000
63248,68205,0.000,1,1,0,0,0,0,0,0,0,0,0.000,0.000,0.000
63248,68507,0.000,2,2,0,0,0,0,0,0,0,1,0.000,0.000,0.000
63248,50500,0.000,1,1,0,0,0,0,0,0,0,0,0.000,0.000,0.000
55146,54529,0.600,5,5,3,1,0,1,3,0,0,0,1.400,0.600,2.000
55146,69517,0.333,3,3,1,1,0,0,1,0,0,1,0.667,0.333,1.000
55146,78513,0.000,5,4,0,0,0,0,1,0,0,3,0.000,0.000,0.000
55146,52591,1.000,3,2,2,1,0,0,1,0,1,0,1.500,1.000,2.500
55146,51551,0.500,2,2,1,1,0,0,0,0,0,0,1.000,0.500,1.500
55146,68205,0.000,2,1,0,0,0,0,0,1,0,0,0.000,0.500,0.500
55146,68507,0.600,5,5,3,0,0,0,0,0,0,1,0.600,0.600,1.200
55146,52568,0.000,3,3,0,0,0,0,0,0,0,1,0.000,0.000,0.000
55146,54598,0.000,2,1,0,0,0,0,0,1,0,0,0.000,0.500,0.500
67143,54529,0.500,3,2,1,0,0,0,0,1,0,0,0.500,0.667,1.167
67143,69517,1.000,1,1,1,0,0,0,0,0,0,0,1.000,1.000,2.000
67143,78513,0.000,3,3,0,0,0,0,0,0,0,0,0.000,0.000,0.000
67143,52591,-,1,0,0,0,0,0,1,1,0,0,0.000,1.000,1.000
67143,51551,0.000,3,2,0,0,0,0,0,1,0,0,0.000,0.333,0.333
67143,50150,0.000,2,2,0,0,0,0,0,0,0,1,0.000,0.000,0.000
67143,68205,0.000,2,2,0,0,0,0,0,0,0,2,0.000,0.000,0.000
67143,61102,0.000,2,2,0,0,0,0,0,0,0,1,0.000,0.000,0.000
67143,50500,1.000,1,1,1,0,0,0,0,0,0,0,1.000,1.000,2.000
67143,54598,0.000,1,1,0,0,0,0,0,0,0,1,0.000,0.000,0.000
67143,55530,0.000,1,1,0,0,0,0,0,0,0,0,0.000,0.000,0.000
51111,54529,0.000,3,3,0,0,0,0,0,0,0,1,0.000,0.000,0.000
51111,78513,0.000,3,3,0,0,0,0,0,0,0,1,0.000,0.000,0.000
51111,52591,0.000,2,2,0,0,0,0,0,0,0,0,0.000,0.000,0.000
51111,68205,0.000,2,1,0,0,0,0,0,1,0,1,0.000,0.500,0.500
51111,50500,0.667,3,3,2,0,0,0,0,0,0,0,0.667,0.667,1.334
51111,52568,0.000,2,2,0,0,0,0,0,0,0,0,0.000,0.000,0.000
51111,77564,0.000,2,2,0,0,0,0,0,0,0,1,0.000,0.000,0.000
61101,54529,0.167,6,6,1,0,0,0,0,0,0,1,0.167,0.167,0.334
61101,69517,0.000,6,5,0,0,0,0,0,1,0,0,0.000,0.167,0.167
61101,78513,0.000,3,3,0,0,0,0,0,0,0,1,0.000,0.000,0.000
61101,52591,0.500,3,2,1,0,0,0,0,1,0,0,0.500,0.667,1.167
61101,51551,0.167,6,6,1,0,0,0,0,0,0,0,0.167,0.167,0.334
61101,50150,0.000,2,1,0,0,0,0,0,0,1,0,0.000,0.500,0.500
61101,68205,0.500,6,6,3,2,0,0,3,0,0,2,0.833,0.500,1.333
61101,68507,1.000,2,2,2,0,0,0,0,0,0,0,1.000,1.000,2.000
61101,50500,0.167,6,6,1,0,0,0,0,0,0,1,0.167,0.167,0.334
75867,50854,0.250,4,4,1,1,0,0,0,0,0,0,0.500,0.250,0.750
75867,67893,0.500,2,2,1,1,0,0,0,0,0,1,1.000,0.500,1.500
75867,53827,-,1,0,0,0,0,0,1,0,0,0,0.000,0.000,0.000
75867,75847,0.000,1,1,0,0,0,0,0,0,0,0,0.000,0.000,0.000
75867,51865,1.000,2,2,2,1,0,0,1,0,0,0,1.500,1.000,2.500
75867,66864,1.000,1,1,1,0,0,0,0,0,0,0,1.000,1.000,2.000
75867,60558,0.000,2,1,0,0,0,0,0,1,0,0,0.000,0.500,0.500
75867,79456,0.000,1,1,0,0,0,0,0,0,0,1,0.000,0.000,0.000
75867,62934,1.000,1,1,1,0,0,0,0,0,0,0,1.000,1.000,2.000
55167,50854,0.000,5,5,0,0,0,0,0,0,0,0,0.000,0.000,0.000
55167,67893,0.500,3,2,1,1,0,0,0,1,0,0,1.000,0.667,1.667
55167,62895,0.500,2,2,1,0,0,0,1,0,0,0,0.500,0.500,1.000
55167,54812,0.200,5,5,1,0,0,0,0,0,0,2,0.200,0.200,0.400
55167,53827,1.000,1,1,1,0,0,1,1,0,0,0,4.000,1.000,5.000
55167,75847,0.000,1,1,0,0,0,0,0,0,0,1,0.000,0.000,0.000
55167,51865,0.333,4,3,1,0,0,0,0,1,0,1,0.333,0.500,0.833
55167,66864,0.500,2,2,1,0,0,0,0,0,0,0,0.500,0.500,1.000
63950,50854,0.500,2,2,1,0,0,1,4,0,0,1,2.000,0.500,2.500
63950,67893,0.500,2,2,1,0,0,0,0,0,0,1,0.500,0.500,1.000
63950,54812,0.000,1,1,0,0,0,0,0,0,0,0,0.000,0.000,0.000
63950,53827,0.000,2,2,0,0,0,0,0,0,0,0,0.000,0.000,0.000
63950,75847,0.500,2,2,1,0,0,0,0,0,0,0,0.500,0.500,1.000
63950,51865,0.000,2,2,0,0,0,0,0,0,0,1,0.000,0.000,0.000
63950,66864,0.000,2,2,0,0,0,0,0,0,0,1,0.000,0.000,0.000
63950,60558,0.000,3,3,0,0,0,0,0,0,0,3,0.000,0.000,0.000
63950,79456,0.000,1,1,0,0,0,0,0,0,0,0,0.000,0.000,0.000
63950,62934,0.000,2,2,0,0,0,0,0,0,0,0,0.000,0.000,0.000
50106,53827,0.000,1,1,0,0,0,0,0,0,0,1,0.000,0.000,0.000
50106,75847,0.000,1,1,0,0,0,0,0,0,0,0,0.000,0.000,0.000
69134,50854,0.500,4,2,1,0,0,0,1,1,0,0,0.500,0.500,1.000
69134,67893,0.667,3,3,2,0,0,0,1,0,0,0,0.667,0.667,1.334
69134,62895,0.000,1,1,0,0,0,0,0,0,0,0,0.000,0.000,0.000
69134,51868,0.500,2,2,1,1,0,0,0,0,0,0,1.000,0.500,1.500
69134,54812,0.667,3,3,2,0,0,0,0,0,0,0,0.667,0.667,1.334
69134,53827,0.500,2,2,1,0,0,0,0,0,0,0,0.500,0.500,1.000
69134,75847,0.000,2,2,0,0,0,0,0,0,0,0,0.000,0.000,0.000
69134,51865,0.000,1,1,0,0,0,0,0,0,0,0,0.000,0.000,0.000
69134,60558,0.500,3,2,1,0,0,0,0,1,0,1,0.500,0.667,1.167
69134,79456,0.000,4,3,0,0,0,0,1,0,0,0,0.000,0.000,0.000
69134,62934,1.000,1,1,1,0,0,0,0,0,0,0,1.000,1.000,2.000
65109,50854,0.000,2,2,0,0,0,0,0,0,0,1,0.000,0.000,0.000
65109,67893,0.000,1,1,0,0,0,0,0,0,0,1,0.000,0.000,0.000
65109,54812,0.000,1,1,0,0,0,0,0,0,0,0,0.000,0.000,0.000
63248,67893,-,1,0,0,0,0,0,0,1,0,0,0.000,1.000,1.000
63248,54812,1.000,1,1,1,0,0,0,0,0,0,0,1.000,1.000,2.000
63248,53827,0.000,1,1,0,0,0,0,0,0,0,0,0.000,0.000,0.000
63248,75847,0.000,1,1,0,0,0,0,0,0,0,0,0.000,0.000,0.000
63248,60558,0.000,2,2,0,0,0,0,0,0,0,0,0.000,0.000,0.000
55146,50854,0.333,4,3,1,0,0,0,0,0,0,0,0.333,0.333,0.666
55146,67893,0.500,6,6,3,1,0,0,0,0,0,0,0.667,0.500,1.167
55146,62895,0.333,3,3,1,0,0,0,0,0,0,1,0.333,0.333,0.666
55146,51868,0.000,3,2,0,0,0,0,0,1,0,0,0.000,0.333,0.333
55146,54812,0.200,5,5,1,0,0,0,0,0,0,0,0.200,0.200,0.400
55146,53827,0.400,5,5,2,0,0,0,1,0,0,1,0.400,0.400,0.800
55146,75847,0.333,6,6,2,0,0,0,1,0,0,0,0.333,0.333,0.666
55146,51865,0.250,4,4,1,0,0,0,0,0,0,0,0.250,0.250,0.500
55146,60558,0.000,2,2,0,0,0,0,0,0,0,0,0.000,0.000,0.000
67143,50854,0.500,2,2,1,0,0,0,0,0,0,1,0.500,0.500,1.000
67143,67893,-,1,0,0,0,0,0,0,1,0,0,0.000,1.000,1.000
67143,54812,0.000,1,1,0,0,0,0,0,0,0,1,0.000,0.000,0.000
67143,53827,0.000,1,1,0,0,0,0,0,0,0,0,0.000,0.000,0.000
67143,75847,0.000,2,2,0,0,0,0,0,0,0,1,0.000,0.000,0.000
67143,51865,0.000,3,3,0,0,0,0,0,0,0,1,0.000,0.000,0.000
67143,66864,0.333,3,3,1,0,0,0,0,0,0,1,0.333,0.333,0.666
67143,60558,0.000,1,1,0,0,0,0,0,0,0,1,0.000,0.000,0.000
67143,62934,0.000,1,1,0,0,0,0,0,0,0,0,0.000,0.000,0.000
51111,50854,1.000,2,2,2,0,0,0,0,0,0,0,1.000,1.000,2.000
51111,67893,0.000,2,2,0,0,0,0,0,0,0,1,0.000,0.000,0.000
51111,62895,0.000,2,1,0,0,0,0,0,0,0,0,0.000,0.000,0.000
51111,54812,0.333,3,3,1,0,0,0,0,0,0,2,0.333,0.333,0.666
51111,51865,0.000,2,2,0,0,0,0,0,0,0,0,0.000,0.000,0.000
51111,66864,0.000,3,3,0,0,0,0,0,0,0,1,0.000,0.000,0.000
61101,50854,0.111,9,9,1,0,0,0,0,0,0,1,0.111,0.111,0.222
61101,67893,0.556,9,9,5,0,0,0,4,0,0,2,0.556,0.556,1.112
61101,62895,0.000,3,1,0,0,0,0,0,2,0,0,0.000,0.667,0.667
61101,51868,0.333,3,3,1,0,0,0,0,0,0,0,0.333,0.333,0.666
61101,54812,0.000,5,4,0,0,0,0,0,1,0,0,0.000,0.200,0.200
61101,53827,0.250,9,8,2,0,0,0,0,1,0,0,0.250,0.333,0.583
61101,75847,0.333,6,6,2,1,0,0,0,0,0,1,0.500,0.333,0.833
61101,51865,0.333,6,6,2,1,0,0,0,0,0,0,0.500,0.333,0.833
61101,66864,0.400,5,5,2,1,0,0,0,0,0,1,0.600,0.400,1.000
61101,60558,0.500,2,2,1,0,0,1,1,0,0,0,2.000,0.500,2.500
61101,62934,1.000,2,2,2,0,0,0,0,0,0,0,1.000,1.000,2.000
61145,67893,-,2,0,0,0,0,0,0,2,0,0,0.000,1.000,1.000
61145,54812,0.000,1,1,0,0,0,0,0,0,0,0,0.000,0.000,0.000
61145,66864,0.000,1,1,0,0,0,0,0,0,0,0,0.000,0.000,0.000
75867,69737,0.500,5,4,2,0,0,1,2,1,0,0,1.250,0.600,1.850
75867,53764,1.000,4,4,4,1,0,1,1,0,0,0,2.000,1.000,3.000
75867,79192,0.000,1,1,0,0,0,0,0,0,0,0,0.000,0.000,0.000
75867,66704,0.000,2,2,0,0,0,0,0,0,0,0,0.000,0.000,0.000
75867,54795,0.000,1,1,0,0,0,0,0,0,0,0,0.000,0.000,0.000
75867,65703,0.500,2,2,1,0,1,0,0,0,0,0,1.500,0.500,2.000
75867,64006,0.000,2,2,0,0,0,0,0,0,0,1,0.000,0.000,0.000
75867,68700,0.000,1,1,0,0,0,0,0,0,0,1,0.000,0.000,0.000
75867,50707,0.000,1,1,0,0,0,0,0,0,0,0,0.000,0.000,0.000
55167,69737,0.333,3,3,1,0,0,0,0,0,0,2,0.333,0.333,0.666
55167,53764,0.500,2,2,1,0,0,0,0,0,0,0,0.500,0.500,1.000
55167,79192,1.000,2,2,2,0,0,0,1,0,0,0,1.000,1.000,2.000
55167,78288,0.000,1,1,0,0,0,0,0,0,0,0,0.000,0.000,0.000
55167,66704,0.500,4,4,2,0,0,1,1,0,0,0,1.250,0.500,1.750
55167,54795,0.000,2,2,0,0,0,0,0,0,0,0,0.000,0.000,0.000
55167,65703,0.000,1,1,0,0,0,0,0,0,0,0,0.000,0.000,0.000
55167,64006,0.000,4,4,0,0,0,0,0,0,0,1,0.000,0.000,0.000
55167,68700,0.000,1,1,0,0,0,0,0,0,0,0,0.000,0.000,0.000
63950,69737,0.000,3,2,0,0,0,0,0,1,0,1,0.000,0.333,0.333
63950,53764,0.500,3,2,1,0,0,0,0,1,0,0,0.500,0.667,1.167
63950,79192,1.000,1,1,1,0,0,0,2,0,0,0,1.000,1.000,2.000
63950,66704,0.500,2,2,1,0,0,0,0,0,0,0,0.500,0.500,1.000
63950,65703,0.000,3,3,0,0,0,0,0,0,0,0,0.000,0.000,0.000
63950,50707,0.000,3,2,0,0,0,0,0,1,0,1,0.000,0.333,0.333
50106,53764,0.000,1,1,0,0,0,0,0,0,0,1,0.000,0.000,0.000
50106,64006,0.000,1,1,0,0,0,0,0,0,0,1,0.000,0.000,0.000
50106,68700,0.000,1,1,0,0,0,0,0,0,0,0,0.000,0.000,0.000
50106,50707,0.000,1,1,0,0,0,0,0,0,0,0,0.000,0.000,0.000
69134,69737,0.333,3,3,1,1,0,0,0,0,0,1,0.667,0.333,1.000
69134,53764,0.500,2,2,1,0,0,1,3,0,0,1,2.000,0.500,2.500
69134,79192,0.000,1,1,0,0,0,0,0,0,0,0,0.000,0.000,0.000
69134,66704,-,1,0,0,0,0,0,0,1,0,0,0.000,1.000,1.000
69134,54795,0.000,4,3,0,0,0,0,0,1,0,0,0.000,0.250,0.250
69134,65703,0.500,2,2,1,0,0,0,2,0,0,0,0.500,0.500,1.000
69134,64006,0.500,2,2,1,0,0,0,0,0,0,0,0.500,0.500,1.000
69134,68700,0.500,3,2,1,0,0,0,0,1,0,0,0.500,0.667,1.167
63248,69737,1.000,2,1,1,0,0,1,1,0,1,0,4.000,1.000,5.000
63248,53764,0.000,2,2,0,0,0,0,0,0,0,1,0.000,0.000,0.000
63248,79192,-,1,0,0,0,0,0,0,1,0,0,0.000,1.000,1.000
63248,78288,1.000,1,1,1,0,0,0,0,0,0,0,1.000,1.000,2.000
63248,66704,0.500,2,2,1,0,0,0,0,0,0,0,0.500,0.500,1.000
63248,54795,0.500,2,2,1,0,0,0,0,0,0,0,0.500,0.500,1.000
63248,65703,0.000,1,1,0,0,0,0,1,0,0,0,0.000,0.000,0.000
63248,64006,0.000,1,1,0,0,0,0,0,0,0,1,0.000,0.000,0.000
63248,68700,1.000,1,1,1,0,0,0,0,0,0,0,1.000,1.000,2.000
55146,69737,-,2,0,0,0,0,0,0,1,1,0,0.000,1.000,1.000
55146,53764,0.000,2,2,0,0,0,0,0,0,0,0,0.000,0.000,0.000
55146,66657,0.000,3,2,0,0,0,0,0,1,0,1,0.000,0.333,0.333
55146,66704,0.000,2,1,0,0,0,0,0,1,0,0,0.000,0.500,0.500
55146,54795,1.000,2,2,2,0,0,0,2,0,0,0,1.000,1.000,2.000
55146,65703,0.000,2,2,0,0,0,0,0,0,0,1,0.000,0.000,0.000
67143,69737,0.000,1,1,0,0,0,0,0,0,0,0,0.000,0.000,0.000
67143,53764,1.000,1,1,1,0,0,0,0,0,0,0,1.000,1.000,2.000
67143,66657,0.000,2,2,0,0,0,0,0,0,0,1,0.000,0.000,0.000
67143,66704,0.000,1,1,0,0,0,0,0,0,0,0,0.000,0.000,0.000
67143,54795,-,0,0,0,0,0,0,0,0,0,0,0.000,0.000,0.000
67143,65703,1.000,1,1,1,0,0,0,0,0,0,0,1.000,1.000,2.000
67143,64006,0.000,1,1,0,0,0,0,1,0,0,0,0.000,0.000,0.000
67143,68700,0.000,1,1,0,0,0,0,0,0,0,0,0.000,0.000,0.000
51111,69737,0.750,6,4,3,0,0,2,4,2,0,1,2.250,0.833,3.083
51111,53764,0.200,10,10,2,1,1,0,2,0,0,2,0.500,0.200,0.700
51111,79192,1.000,4,4,4,0,0,0,0,0,0,0,1.000,1.000,2.000
51111,66657,0.000,3,3,0,0,0,0,1,0,0,2,0.000,0.000,0.000
51111,78288,0.000,3,3,0,0,0,0,0,0,0,1,0.000,0.000,0.000
51111,66704,0.250,8,8,2,0,0,1,2,0,0,1,0.625,0.250,0.875
51111,54795,0.000,2,2,0,0,0,0,0,0,0,0,0.000,0.000,0.000
51111,65703,0.250,5,4,1,0,0,0,0,0,0,0,0.250,0.250,0.500
51111,64006,0.500,8,6,3,1,0,0,1,2,0,1,0.667,0.625,1.292
51111,68700,0.333,3,3,1,0,0,0,0,0,0,0,0.333,0.333,0.666
61101,69737,0.500,2,2,1,0,0,0,1,0,0,1,0.500,0.500,1.000
61101,53764,0.500,2,2,1,0,0,0,0,0,0,0,0.500,0.500,1.000
61101,66704,0.000,2,1,0,0,0,0,0,1,0,0,0.000,0.500,0.500
61101,65703,0.500,2,2,1,0,0,0,0,0,0,0,0.500,0.500,1.000
61101,64006,0.500,2,2,1,0,0,0,1,0,0,0,0.500,0.500,1.000
61145,69737,0.500,2,2,1,0,0,0,0,0,0,0,0.500,0.500,1.000
61145,53764,1.000,1,1,1,0,0,0,0,0,0,0,1.000,1.000,2.000
61145,79192,0.000,1,1,0,0,0,0,0,0,0,0,0.000,0.000,0.000
61145,66657,-,1,0,0,0,0,0,0,1,0,0,0.000,1.000,1.000
61145,66704,0.000,1,1,0,0,0,0,0,0,0,0,0.000,0.000,0.000
61145,54795,1.000,1,1,1,0,0,0,0,0,0,0,1.000,1.000,2.000
61145,68700,0.000,1,1,0,0,0,0,0,0,0,1,0.000,0.000,0.000
75867,76267,0.333,4,3,1,0,0,0,0,1,0,0,0.333,0.500,0.833
75867,53312,0.000,3,2,0,0,0,0,0,0,1,0,0.000,0.333,0.333
75867,50357,-,1,0,0,0,0,0,0,1,0,0,0.000,1.000,1.000
75867,64346,0.000,4,4,0,0,0,0,0,0,0,2,0.000,0.000,0.000
55167,53312,0.000,1,1,0,0,0,0,0,0,0,0,0.000,0.000,0.000
55167,50357,0.000,1,1,0,0,0,0,0,0,0,0,0.000,0.000,0.000
55167,64346,0.000,3,3,0,0,0,0,0,0,0,2,0.000,0.000,0.000
63950,50167,0.000,1,1,0,0,0,0,0,0,0,0,0.000,0.000,0.000
63950,55392,1.000,1,1,1,0,0,0,0,0,0,0,1.000,1.000,2.000
63950,64984,0.000,1,1,0,0,0,0,0,0,0,0,0.000,0.000,0.000
63950,50357,1.000,1,1,1,0,0,0,0,0,0,0,1.000,1.000,2.000
50106,50167,0.000,2,1,0,0,0,0,0,1,0,0,0.000,0.500,0.500
50106,76267,0.000,1,1,0,0,0,0,0,0,0,1,0.000,0.000,0.000
69134,76267,0.000,2,2,0,0,0,0,0,0,0,0,0.000,0.000,0.000
69134,55392,0.000,1,1,0,0,0,0,0,0,0,0,0.000,0.000,0.000
69134,53312,0.667,3,3,2,1,0,0,1,0,0,1,1.000,0.667,1.667
69134,64984,0.000,1,1,0,0,0,0,0,0,0,1,0.000,0.000,0.000
69134,50357,0.000,2,2,0,0,0,0,0,0,0,0,0.000,0.000,0.000
69134,64346,0.500,2,2,1,1,0,0,0,0,0,1,1.000,0.500,1.500
65109,76267,0.000,1,1,0,0,0,0,0,0,0,0,0.000,0.000,0.000
65109,53312,0.000,2,2,0,0,0,0,0,0,0,0,0.000,0.000,0.000
65109,64984,0.000,1,1,0,0,0,0,0,0,0,1,0.000,0.000,0.000
65109,64346,-,1,0,0,0,0,0,1,1,0,0,0.000,1.000,1.000
63248,64340,1.000,1,1,1,0,0,0,0,0,0,0,1.000,1.000,2.000
63248,53312,0.500,2,2,1,0,0,0,0,0,0,0,0.500,0.500,1.000
63248,50357,1.000,1,1,1,0,0,0,0,0,0,0,1.000,1.000,2.000
55146,50167,0.667,3,3,2,0,0,0,1,0,0,1,0.667,0.667,1.334
55146,76267,0.000,3,3,0,0,0,0,2,0,0,0,0.000,0.000,0.000
55146,55392,0.000,2,2,0,0,0,0,0,0,0,0,0.000,0.000,0.000
55146,53312,0.000,2,2,0,0,0,0,0,0,0,1,0.000,0.000,0.000
67143,76267,0.000,1,1,0,0,0,0,0,0,0,0,0.000,0.000,0.000
67143,64340,0.000,2,1,0,0,0,0,0,1,0,1,0.000,0.500,0.500
67143,53312,0.000,4,4,0,0,0,0,0,0,0,2,0.000,0.000,0.000
67143,64346,0.000,2,2,0,0,0,0,0,0,0,2,0.000,0.000,0.000
51111,76267,0.500,2,2,1,0,0,0,1,0,0,0,0.500,0.500,1.000
51111,64346,0.500,2,2,1,1,0,0,0,0,0,1,1.000,0.500,1.500
61101,50167,0.333,3,3,1,0,0,0,0,0,0,1,0.333,0.333,0.666
61101,76267,0.444,9,9,4,0,0,0,0,0,0,0,0.444,0.444,0.888
61101,55392,0.333,3,3,1,0,0,0,0,0,0,0,0.333,0.333,0.666
61101,53312,0.375,9,8,3,3,0,0,4,0,0,0,0.750,0.333,1.083
61101,50357,0.200,5,5,1,1,0,0,2,0,0,2,0.400,0.200,0.600
61101,55397,0.333,3,3,1,0,0,0,0,0,0,1,0.333,0.333,0.666
61101,78756,0.000,1,1,0,0,0,0,0,0,0,0,0.000,0.000,0.000
61101,64346,0.333,11,9,3,1,0,1,4,2,0,3,0.778,0.455,1.233
61145,50167,0.000,2,2,0,0,0,0,0,0,0,0,0.000,0.000,0.000
61145,76267,0.000,1,1,0,0,0,0,0,0,0,0,0.000,0.000,0.000
61145,53312,0.000,1,1,0,0,0,0,0,0,0,1,0.000,0.000,0.000
66609,54400,0.500,2,2,1,0,0,0,1,0,0,0,0.500,0.500,1.000
66609,62404,0.000,1,1,0,0,0,0,0,0,0,0,0.000,0.000,0.000
66609,52415,0.000,2,2,0,0,0,0,0,0,0,2,0.000,0.000,0.000
66609,67449,0.000,1,1,0,0,0,0,0,0,0,0,0.000,0.000,0.000
66609,52430,0.500,2,2,1,0,0,0,1,0,0,0,0.500,0.500,1.000
66609,74540,-,1,0,0,0,0,0,0,1,0,0,0.000,1.000,1.000
66609,62234,-,1,0,0,0,0,0,0,1,0,0,0.000,1.000,1.000
66609,50458,0.000,2,2,0,0,0,0,0,0,0,1,0.000,0.000,0.000
66609,69418,0.000,1,1,0,0,0,0,0,0,0,0,0.000,0.000,0.000
63342,54400,0.000,2,1,0,0,0,0,0,1,0,0,0.000,0.500,0.500
63342,62404,0.500,2,2,1,0,0,0,0,0,0,0,0.500,0.500,1.000
63342,52415,0.000,3,2,0,0,0,0,0,0,0,0,0.000,0.000,0.000
63342,67449,0.000,4,4,0,0,0,0,0,0,0,0,0.000,0.000,0.000
63342,74540,0.333,4,3,1,0,0,0,3,0,0,0,0.333,0.250,0.583
63342,62234,0.500,4,4,2,2,0,0,1,0,0,2,1.000,0.500,1.500
63342,50458,0.000,3,3,0,0,0,0,0,0,0,0,0.000,0.000,0.000
63342,69418,0.000,2,1,0,0,0,0,0,1,0,0,0.000,0.500,0.500
63342,61404,0.000,1,1,0,0,0,0,0,0,0,1,0.000,0.000,0.000
63342,65586,0.000,3,1,0,0,0,0,1,1,0,0,0.000,0.500,0.500
52639,54400,0.333,6,6,2,1,0,1,4,0,0,0,1.000,0.333,1.333
52639,62404,0.667,4,3,2,1,0,0,0,1,0,0,1.000,0.750,1.750
52639,67449,1.000,1,1,1,0,0,0,0,0,0,0,1.000,1.000,2.000
52639,62234,0.000,3,1,0,0,0,0,0,2,0,0,0.000,0.667,0.667
52639,50458,1.000,1,1,1,0,0,0,0,0,0,0,1.000,1.000,2.000
52639,69418,1.000,1,1,1,0,0,1,2,0,0,0,4.000,1.000,5.000
52639,61404,0.000,1,1,0,0,0,0,0,0,0,0,0.000,0.000,0.000
52639,65040,-,1,0,0,0,0,0,0,1,0,0,0.000,1.000,1.000
52639,65586,-,1,0,0,0,0,0,0,0,1,0,0.000,1.000,1.000
50662,54400,-,1,0,0,0,0,0,0,1,0,0,0.000,1.000,1.000
50662,62404,0.000,2,1,0,0,0,0,0,1,0,1,0.000,0.500,0.500
50662,67449,0.000,3,3,0,0,0,0,0,0,0,0,0.000,0.000,0.000
50662,74540,0.500,2,2,1,0,0,1,3,0,0,0,2.000,0.500,2.500
50662,62234,0.333,3,3,1,1,0,0,0,0,0,0,0.667,0.333,1.000
50662,50458,1.000,2,2,2,0,0,0,0,0,0,0,1.000,1.000,2.000
50662,69418,0.000,1,1,0,0,0,0,0,0,0,0,0.000,0.000,0.000
50662,65586,0.333,3,3,1,0,0,0,0,0,0,0,0.333,0.333,0.666
54610,54400,0.333,3,3,1,1,0,0,0,0,0,0,0.667,0.333,1.000
54610,62404,1.000,3,1,1,0,0,0,0,2,0,0,1.000,1.000,2.000
54610,52415,0.333,3,3,1,0,0,1,2,0,0,1,1.333,0.333,1.666
54610,67449,0.000,4,3,0,0,0,0,0,1,0,0,0.000,0.250,0.250
54610,74540,0.500,2,2,1,0,0,1,1,0,0,1,2.000,0.500,2.500
54610,62234,0.000,3,3,0,0,0,0,0,0,0,0,0.000,0.000,0.000
54610,50458,0.333,3,3,1,0,0,0,0,0,0,1,0.333,0.333,0.666
54610,69418,0.333,3,3,1,0,0,0,1,0,0,0,0.333,0.333,0.666
54610,61404,0.000,1,1,0,0,0,0,0,0,0,0,0.000,0.000,0.000
54610,65040,0.000,1,1,0,0,0,0,0,0,0,0,0.000,0.000,0.000
54610,65586,0.250,4,4,1,0,0,0,2,0,0,0,0.250,0.250,0.500
51994,54400,0.000,2,2,0,0,0,0,0,0,0,1,0.000,0.000,0.000
51994,62404,0.000,2,2,0,0,0,0,0,0,0,1,0.000,0.000,0.000
51994,52415,0.500,2,2,1,0,0,1,2,0,0,0,2.000,0.500,2.500
51994,67449,-,1,0,0,0,0,0,0,1,0,0,0.000,1.000,1.000
51994,52430,0.000,1,1,0,0,0,0,0,0,0,1,0.000,0.000,0.000
51994,74540,0.000,4,3,0,0,0,0,0,1,0,0,0.000,0.250,0.250
51994,62234,1.000,3,3,3,1,0,0,0,0,0,0,1.333,1.000,2.333
51994,50458,1.000,1,1,1,0,0,0,1,0,0,0,1.000,1.000,2.000
51994,69418,0.000,2,1,0,0,0,0,0,1,0,0,0.000,0.500,0.500
51994,61404,1.000,1,1,1,0,0,0,0,0,0,0,1.000,1.000,2.000
51994,65586,0.000,1,1,0,0,0,0,0,0,0,0,0.000,0.000,0.000
77637,54400,0.000,5,5,0,0,0,0,0,0,0,1,0.000,0.000,0.000
77637,62404,0.250,5,4,1,1,0,0,0,1,0,1,0.500,0.400,0.900
77637,52415,0.000,2,2,0,0,0,0,0,0,0,0,0.000,0.000,0.000
77637,67449,0.333,3,3,1,0,0,0,0,0,0,0,0.333,0.333,0.666
77637,52430,0.000,2,2,0,0,0,0,0,0,0,1,0.000,0.000,0.000
77637,74540,0.000,4,4,0,0,0,0,0,0,0,1,0.000,0.000,0.000
77637,62234,0.800,5,5,4,1,0,1,1,0,0,0,1.600,0.800,2.400
77637,50458,0.000,6,6,0,0,0,0,0,0,0,1,0.000,0.000,0.000
77637,69418,0.000,2,2,0,0,0,0,0,0,0,0,0.000,0.000,0.000
77637,61404,0.000,2,2,0,0,0,0,0,0,0,0,0.000,0.000,0.000
77637,65586,0.000,2,1,0,0,0,0,0,1,0,1,0.000,0.500,0.500
54640,54400,0.143,9,7,1,0,0,0,0,2,0,2,0.143,0.333,0.476
54640,62404,0.273,12,11,3,1,0,0,3,0,0,3,0.364,0.250,0.614
54640,52415,0.286,7,7,2,1,0,0,0,0,0,2,0.429,0.286,0.715
54640,67449,0.800,11,10,8,0,0,0,2,1,0,2,0.800,0.818,1.618
54640,52430,0.167,6,6,1,0,0,0,0,0,0,1,0.167,0.167,0.334
54640,74540,0.500,8,8,4,0,0,1,1,0,0,0,0.875,0.500,1.375
54640,62234,0.222,9,9,2,0,0,0,0,0,0,1,0.222,0.222,0.444
54640,50458,0.286,7,7,2,0,0,0,0,0,0,1,0.286,0.286,0.572
54640,69418,0.167,6,6,1,0,0,0,0,0,0,0,0.167,0.167,0.334
54640,65586,0.167,6,6,1,1,0,0,2,0,0,1,0.333,0.167,0.500
55633,54400,0.167,6,6,1,0,0,0,1,0,0,3,0.167,0.167,0.334
55633,62404,0.429,8,7,3,0,0,0,2,1,0,1,0.429,0.500,0.929
55633,52415,0.667,3,3,2,1,0,1,3,0,0,0,2.000,0.667,2.667
55633,67449,0.000,5,4,0,0,0,0,0,1,0,0,0.000,0.200,0.200
55633,52430,0.333,3,3,1,0,0,0,0,0,0,1,0.333,0.333,0.666
55633,74540,0.000,1,1,0,0,0,0,0,0,0,0,0.000,0.000,0.000
55633,62234,0.400,5,5,2,0,0,0,1,0,0,2,0.400,0.400,0.800
55633,50458,0.286,8,7,2,1,0,0,1,1,0,0,0.429,0.375,0.804
55633,69418,0.000,3,3,0,0,0,0,0,0,0,1,0.000,0.000,0.000
55633,65586,0.000,3,3,0,0,0,0,0,0,0,2,0.000,0.000,0.000
66609,79240,0.000,1,1,0,0,0,0,0,0,0,0,0.000,0.000,0.000
66609,51003,0.000,2,2,0,0,0,0,0,0,0,1,0.000,0.000,0.000
66609,64504,0.000,1,1,0,0,0,0,0,0,0,1,0.000,0.000,0.000
63342,78548,0.000,1,1,0,0,0,0,0,0,0,1,0.000,0.000,0.000
63342,79402,0.000,2,1,0,0,0,0,0,0,0,0,0.000,0.000,0.000
63342,64004,1.000,1,1,1,0,0,0,0,0,0,0,1.000,1.000,2.000
63342,64166,0.000,1,1,0,0,0,0,0,0,0,1,0.000,0.000,0.000
63342,64504,0.000,1,1,0,0,0,0,0,0,0,0,0.000,0.000,0.000
63342,67644,0.000,2,1,0,0,0,0,0,1,0,0,0.000,0.500,0.500
63342,68089,0.000,1,1,0,0,0,0,0,0,0,0,0.000,0.000,0.000
52639,78548,0.000,2,2,0,0,0,0,0,0,0,0,0.000,0.000,0.000
52639,64004,0.400,5,5,2,0,0,0,0,0,0,0,0.400,0.400,0.800
52639,64504,0.000,1,1,0,0,0,0,0,0,0,1,0.000,0.000,0.000
50662,52001,0.000,1,1,0,0,0,0,0,0,0,0,0.000,0.000,0.000
50662,79240,1.000,1,1,1,0,0,0,0,0,0,0,1.000,1.000,2.000
50662,79402,-,1,0,0,0,0,0,0,1,0,0,0.000,1.000,1.000
50662,64004,0.000,1,1,0,0,0,0,0,0,0,0,0.000,0.000,0.000
50662,51003,0.000,1,1,0,0,0,0,0,0,0,0,0.000,0.000,0.000
50662,64504,0.000,1,1,0,0,0,0,0,0,0,0,0.000,0.000,0.000
50662,64115,-,1,0,0,0,0,0,0,0,0,0,0.000,0.000,0.000
54610,78548,0.500,2,2,1,0,0,0,1,0,0,0,0.500,0.500,1.000
54610,79402,0.000,2,1,0,0,0,0,0,1,0,1,0.000,0.500,0.500
54610,64004,0.500,2,2,1,1,0,0,0,0,0,0,1.000,0.500,1.500
54610,51003,1.000,1,1,1,0,0,0,2,0,0,0,1.000,1.000,2.000
54610,64166,0.000,1,1,0,0,0,0,0,0,0,0,0.000,0.000,0.000
54610,64504,1.000,1,1,1,0,0,0,0,0,0,0,1.000,1.000,2.000
54610,64115,0.000,1,1,0,0,0,0,0,0,0,0,0.000,0.000,0.000
54610,67644,0.000,1,1,0,0,0,0,0,0,0,1,0.000,0.000,0.000
51994,78548,0.000,2,2,0,0,0,0,0,0,0,1,0.000,0.000,0.000
51994,79402,1.000,1,1,1,0,0,0,1,0,0,0,1.000,1.000,2.000
51994,64004,1.000,1,1,1,0,0,0,2,0,0,0,1.000,1.000,2.000
51994,51003,0.000,1,1,0,0,0,0,0,0,0,0,0.000,0.000,0.000
51994,64504,0.000,1,1,0,0,0,0,0,0,0,1,0.000,0.000,0.000
51994,64115,0.000,3,1,0,0,0,0,0,2,0,0,0.000,0.667,0.667
77637,78548,0.000,2,2,0,0,0,0,0,0,0,1,0.000,0.000,0.000
77637,79402,1.000,2,1,1,0,0,0,1,1,0,0,1.000,1.000,2.000
77637,64004,0.333,3,3,1,0,0,0,0,0,0,1,0.333,0.333,0.666
77637,64115,0.500,2,2,1,0,0,0,0,0,0,0,0.500,0.500,1.000
54640,52001,1.000,1,1,1,0,0,0,0,0,0,0,1.000,1.000,2.000
54640,79240,0.000,3,3,0,0,0,0,0,0,0,0,0.000,0.000,0.000
54640,78548,0.500,3,2,1,0,0,0,1,1,0,1,0.500,0.667,1.167
54640,79402,0.000,3,3,0,0,0,0,0,0,0,1,0.000,0.000,0.000
54640,64004,0.429,7,7,3,0,0,0,1,0,0,1,0.429,0.429,0.858
54640,51003,0.200,5,5,1,0,0,0,0,0,0,1,0.200,0.200,0.400
54640,64504,0.500,2,2,1,0,0,0,1,0,0,0,0.500,0.500,1.000
54640,64115,0.000,2,2,0,0,0,0,0,0,0,1,0.000,0.000,0.000
54640,67644,0.600,6,5,3,0,0,1,2,0,1,1,1.200,0.667,1.867
76225,78548,0.000,1,1,0,0,0,0,0,0,0,0,0.000,0.000,0.000
76225,79402,-,1,0,0,0,0,0,1,0,0,0,0.000,0.000,0.000
76225,64504,-,1,0,0,0,0,0,0,1,0,0,0.000,1.000,1.000
76225,64115,0.000,1,1,0,0,0,0,0,0,0,0,0.000,0.000,0.000
66609,62415,1.000,1,1,1,0,0,0,0,0,0,0,1.000,1.000,2.000
66609,65207,0.000,1,1,0,0,0,0,0,0,0,0,0.000,0.000,0.000
66609,69100,0.000,1,1,0,0,0,0,0,0,0,0,0.000,0.000,0.000
66609,66108,0.000,1,1,0,0,0,0,0,0,0,1,0.000,0.000,0.000
63342,68119,1.000,1,1,1,0,0,0,0,0,0,0,1.000,1.000,2.000
63342,65207,1.000,2,2,2,0,0,0,0,0,0,0,1.000,1.000,2.000
63342,79365,0.000,4,4,0,0,0,0,0,0,0,0,0.000,0.000,0.000
63342,53123,0.000,2,1,0,0,0,0,1,0,0,0,0.000,0.000,0.000
63342,79109,0.500,2,2,1,0,0,0,0,0,0,0,0.500,0.500,1.000
63342,69100,0.000,4,4,0,0,0,0,0,0,0,0,0.000,0.000,0.000
63342,66108,0.000,1,1,0,0,0,0,0,0,0,0,0.000,0.000,0.000
63342,50054,0.000,1,1,0,0,0,0,0,0,0,1,0.000,0.000,0.000
63342,68110,0.000,2,2,0,0,0,0,0,0,0,2,0.000,0.000,0.000
52639,69102,1.000,1,1,1,0,0,0,1,0,0,0,1.000,1.000,2.000
52639,62415,0.500,2,2,1,0,0,0,0,0,0,0,0.500,0.500,1.000
52639,68119,1.000,1,1,1,0,0,0,0,0,0,0,1.000,1.000,2.000
52639,65207,0.000,2,1,0,0,0,0,0,1,0,0,0.000,0.500,0.500
52639,79365,0.000,2,2,0,0,0,0,0,0,0,1,0.000,0.000,0.000
52639,53123,1.000,1,1,1,0,0,0,1,0,0,0,1.000,1.000,2.000
52639,79109,0.500,2,2,1,0,0,0,0,0,0,1,0.500,0.500,1.000
52639,69100,0.000,1,1,0,0,0,0,0,0,0,0,0.000,0.000,0.000
52639,66108,1.000,2,2,2,1,0,0,0,0,0,0,1.500,1.000,2.500
52639,68110,-,1,0,0,0,0,0,1,1,0,0,0.000,1.000,1.000
52639,51100,1.000,1,1,1,0,0,0,0,0,0,0,1.000,1.000,2.000
50662,69102,0.000,1,1,0,0,0,0,0,0,0,0,0.000,0.000,0.000
50662,62415,-,1,0,0,0,0,0,0,1,0,0,0.000,1.000,1.000
50662,68119,-,1,0,0,0,0,0,0,1,0,0,0.000,1.000,1.000
50662,79365,0.000,2,2,0,0,0,0,0,0,0,1,0.000,0.000,0.000
50662,53123,0.000,2,1,0,0,0,0,0,1,0,0,0.000,0.500,0.500
50662,79109,1.000,1,1,1,0,0,0,0,0,0,0,1.000,1.000,2.000
50662,69100,0.000,1,1,0,0,0,0,0,0,0,0,0.000,0.000,0.000
50662,50054,0.000,2,2,0,0,0,0,0,0,0,1,0.000,0.000,0.000
50662,68110,0.000,1,1,0,0,0,0,0,0,0,1,0.000,0.000,0.000
54610,69102,0.000,1,1,0,0,0,0,0,0,0,0,0.000,0.000,0.000
54610,62415,0.000,2,2,0,0,0,0,0,0,0,1,0.000,0.000,0.000
54610,68119,0.500,3,2,1,0,0,0,0,1,0,0,0.500,0.667,1.167
54610,65207,0.000,1,1,0,0,0,0,1,0,0,0,0.000,0.000,0.000
54610,79365,0.000,2,2,0,0,0,0,1,0,0,0,0.000,0.000,0.000
54610,79109,0.000,1,1,0,0,0,0,0,0,0,0,0.000,0.000,0.000
54610,66108,0.000,1,1,0,0,0,0,0,0,0,0,0.000,0.000,0.000
54610,50054,0.667,3,3,2,1,0,0,0,0,0,0,1.000,0.667,1.667
54610,68110,1.000,1,1,1,0,0,0,0,0,0,0,1.000,1.000,2.000
54610,52154,0.000,1,1,0,0,0,0,0,0,0,0,0.000,0.000,0.000
51994,65207,-,1,0,0,0,0,0,0,1,0,0,0.000,1.000,1.000
51994,79365,1.000,1,1,1,1,0,0,0,0,0,0,2.000,1.000,3.000
51994,53123,0.000,1,1,0,0,0,0,0,0,0,0,0.000,0.000,0.000
51994,69100,-,1,0,0,0,0,0,0,1,0,0,0.000,1.000,1.000
51994,66108,0.000,1,1,0,0,0,0,0,0,0,0,0.000,0.000,0.000
51994,52154,0.000,1,1,0,0,0,0,0,0,0,1,0.000,0.000,0.000
51994,51100,0.000,1,1,0,0,0,0,0,0,0,0,0.000,0.000,0.000
77637,69102,0.000,3,3,0,0,0,0,0,0,0,0,0.000,0.000,0.000
77637,62415,0.429,8,7,3,0,0,0,0,1,0,0,0.429,0.500,0.929
77637,68119,0.000,2,1,0,0,0,0,1,1,0,0,0.000,0.500,0.500
77637,65207,0.167,7,6,1,0,0,0,0,1,0,1,0.167,0.286,0.453
77637,79365,0.000,6,3,0,0,0,0,0,3,0,0,0.000,0.500,0.500
77637,53123,0.500,8,6,3,0,0,1,2,2,0,0,1.000,0.625,1.625
77637,79109,0.000,8,6,0,0,0,0,2,1,0,2,0.000,0.125,0.125
77637,69100,0.333,6,6,2,0,0,0,2,0,0,0,0.333,0.333,0.666
77637,66108,0.286,9,7,2,0,0,0,0,2,0,2,0.286,0.444,0.730
77637,68110,0.000,4,2,0,0,0,0,0,2,0,0,0.000,0.500,0.500
54640,62415,0.000,3,2,0,0,0,0,0,0,1,0,0.000,0.333,0.333
54640,65207,0.000,3,3,0,0,0,0,0,0,0,1,0.000,0.000,0.000
54640,79365,0.500,3,2,1,0,0,0,1,1,0,0,0.500,0.667,1.167
54640,53123,0.000,3,3,0,0,0,0,0,0,0,1,0.000,0.000,0.000
54640,79109,0.500,3,2,1,1,0,0,0,0,0,0,1.000,0.500,1.500
54640,66108,0.333,3,3,1,0,0,0,1,0,0,0,0.333,0.333,0.666
54640,50054,-,1,0,0,0,0,0,1,0,1,0,0.000,1.000,1.000
54640,68110,0.000,2,1,0,0,0,0,0,1,0,1,0.000,0.500,0.500
54640,51100,1.000,2,2,2,0,0,0,1,0,0,0,1.000,1.000,2.000
55633,69102,0.250,5,4,1,0,0,1,1,1,0,1,1.000,0.400,1.400
55633,62415,0.100,10,10,1,0,0,0,0,0,0,2,0.100,0.100,0.200
55633,68119,0.200,5,5,1,0,0,0,0,0,0,0,0.200,0.200,0.400
55633,65207,0.333,10,9,3,0,0,0,0,1,0,2,0.333,0.400,0.733
55633,79365,0.167,6,6,1,0,0,0,0,0,0,2,0.167,0.167,0.334
55633,53123,0.182,12,11,2,1,0,1,1,1,0,4,0.545,0.250,0.795
55633,79109,0.273,11,11,3,0,0,1,2,0,0,5,0.545,0.273,0.818
55633,69100,0.000,2,2,0,0,0,0,0,0,0,1,0.000,0.000,0.000
55633,66108,0.125,12,8,1,0,0,0,0,4,0,4,0.125,0.417,0.542
55633,50054,0.333,7,6,2,1,0,0,0,0,1,1,0.500,0.429,0.929
55633,68110,0.000,4,4,0,0,0,0,0,0,0,1,0.000,0.000,0.000
55633,52154,0.500,2,2,1,0,0,0,0,0,0,0,0.500,0.500,1.000
55633,51100,0.000,5,5,0,0,0,0,0,0,0,2,0.000,0.000,0.000
68928,62415,-,1,0,0,0,0,0,0,0,0,0,0.000,0.000,0.000
68928,68119,-,1,0,0,0,0,0,0,1,0,0,0.000,1.000,1.000
68928,65207,-,1,0,0,0,0,0,0,1,0,0,0.000,1.000,1.000
68928,79365,1.000,1,1,1,1,0,0,2,0,0,0,2.000,1.000,3.000
68928,53123,0.000,1,1,0,0,0,0,0,0,0,1,0.000,0.000,0.000
68928,79109,-,1,0,0,0,0,0,0,0,1,0,0.000,1.000,1.000
68928,69100,0.000,1,1,0,0,0,0,0,0,0,0,0.000,0.000,0.000
68928,66108,0.000,1,1,0,0,0,0,1,0,0,0,0.000,0.000,0.000
68928,50054,1.000,1,1,1,1,0,0,0,0,0,0,2.000,1.000,3.000
66609,79231,0.000,1,1,0,0,0,0,0,0,0,0,0.000,0.000,0.000
66609,76232,0.000,1,1,0,0,0,0,0,0,0,0,0.000,0.000,0.000
66609,67207,0.000,1,1,0,0,0,0,0,0,0,0,0.000,0.000,0.000
66609,55252,0.000,2,1,0,0,0,0,0,0,1,0,0.000,0.500,0.500
66609,53554,-,1,0,0,0,0,0,0,1,0,0,0.000,1.000,1.000
66609,51203,0.500,2,2,1,0,0,0,1,0,0,0,0.500,0.500,1.000
66609,66209,1.000,1,1,1,0,0,0,0,0,0,0,1.000,1.000,2.000
63342,79231,0.000,1,1,0,0,0,0,0,0,0,1,0.000,0.000,0.000
63342,76232,1.000,3,1,1,0,0,0,1,0,1,0,1.000,0.667,1.667
63342,63123,0.000,2,2,0,0,0,0,0,0,0,1,0.000,0.000,0.000
63342,50208,0.000,1,1,0,0,0,0,0,0,0,1,0.000,0.000,0.000
63342,67207,0.000,1,1,0,0,0,0,0,0,0,0,0.000,0.000,0.000
63342,55252,0.333,3,3,1,0,0,0,0,0,0,0,0.333,0.333,0.666
63342,53554,0.250,4,4,1,1,0,0,1,0,0,1,0.500,0.250,0.750
63342,63257,0.000,1,1,0,0,0,0,0,0,0,0,0.000,0.000,0.000
63342,66209,0.000,1,1,0,0,0,0,0,0,0,0,0.000,0.000,0.000
52639,79231,0.500,2,2,1,0,0,0,2,0,0,0,0.500,0.500,1.000
52639,76232,0.000,1,1,0,0,0,0,0,0,0,0,0.000,0.000,0.000
52639,63123,0.000,1,1,0,0,0,0,0,0,0,0,0.000,0.000,0.000
52639,50208,1.000,1,1,1,1,0,0,1,0,0,0,2.000,1.000,3.000
52639,67207,1.000,1,1,1,0,0,0,1,0,0,0,1.000,1.000,2.000
52639,55252,0.000,1,1,0,0,0,0,0,0,0,1,0.000,0.000,0.000
52639,53554,1.000,2,1,1,0,0,0,0,0,1,0,1.000,1.000,2.000
52639,51203,0.000,1,1,0,0,0,0,0,0,0,0,0.000,0.000,0.000
52639,66209,0.500,2,2,1,0,0,0,2,0,0,0,0.500,0.500,1.000
50662,79231,0.000,2,1,0,0,0,0,0,1,0,0,0.000,0.500,0.500
50662,76232,0.333,3,3,1,0,0,0,0,0,0,0,0.333,0.333,0.666
50662,63123,1.000,1,1,1,0,0,0,0,0,0,0,1.000,1.000,2.000
50662,55252,0.000,1,1,0,0,0,0,0,0,0,0,0.000,0.000,0.000
50662,53554,0.000,1,1,0,0,0,0,0,0,0,0,0.000,0.000,0.000
50662,51203,1.000,1,1,1,0,0,0,1,0,0,0,1.000,1.000,2.000
54610,79231,1.000,1,1,1,0,0,0,1,0,0,0,1.000,1.000,2.000
54610,76232,0.000,2,2,0,0,0,0,0,0,0,0,0.000,0.000,0.000
54610,63123,0.000,1,1,0,0,0,0,0,0,0,0,0.000,0.000,0.000
54610,50208,0.000,1,1,0,0,0,0,0,0,0,1,0.000,0.000,0.000
54610,67207,0.000,1,1,0,0,0,0,0,0,0,1,0.000,0.000,0.000
54610,55252,0.500,2,2,1,0,0,0,0,0,0,1,0.500,0.500,1.000
54610,53554,0.000,1,1,0,0,0,0,0,0,0,0,0.000,0.000,0.000
54610,66112,0.000,1,1,0,0,0,0,0,0,0,0,0.000,0.000,0.000
54610,63257,0.333,3,3,1,0,0,0,0,0,0,1,0.333,0.333,0.666
51994,79231,0.000,2,1,0,0,0,0,0,1,0,0,0.000,0.500,0.500
51994,76232,0.250,4,4,1,0,0,0,0,0,0,1,0.250,0.250,0.500
51994,63123,0.000,3,3,0,0,0,0,0,0,0,0,0.000,0.000,0.000
51994,67207,0.000,1,1,0,0,0,0,0,0,0,0,0.000,0.000,0.000
51994,55252,1.000,1,1,1,0,0,1,1,0,0,0,4.000,1.000,5.000
51994,53554,0.500,3,2,1,1,0,0,0,1,0,0,1.000,0.667,1.667
51994,66112,0.000,1,1,0,0,0,0,0,0,0,0,0.000,0.000,0.000
51994,51203,0.500,2,2,1,1,0,0,1,0,0,0,1.000,0.500,1.500
51994,66209,0.500,2,2,1,0,0,0,0,0,0,0,0.500,0.500,1.000
77637,79231,0.143,7,7,1,0,0,0,0,0,0,2,0.143,0.143,0.286
77637,76232,0.111,10,9,1,0,0,1,1,1,0,2,0.444,0.200,0.644
77637,63123,0.000,4,3,0,0,0,0,0,1,0,1,0.000,0.250,0.250
77637,50208,0.500,2,2,1,0,0,0,0,0,0,1,0.500,0.500,1.000
77637,67207,0.333,6,6,2,0,0,0,0,0,0,1,0.333,0.333,0.666
77637,55252,0.500,8,8,4,0,0,2,4,0,0,0,1.250,0.500,1.750
77637,53554,0.167,8,6,1,1,0,0,1,2,0,1,0.333,0.375,0.708
77637,51203,0.000,3,3,0,0,0,0,0,0,0,0,0.000,0.000,0.000
77637,66209,-,2,0,0,0,0,0,0,1,0,0,0.000,1.000,1.000
54640,79231,0.333,3,3,1,1,0,0,0,0,0,0,0.667,0.333,1.000
54640,76232,0.000,3,2,0,0,0,0,1,0,0,0,0.000,0.000,0.000
54640,50208,0.500,2,2,1,0,0,0,0,0,0,0,0.500,0.500,1.000
54640,67207,0.000,2,2,0,0,0,0,0,0,0,1,0.000,0.000,0.000
54640,53554,0.000,3,3,0,0,0,0,0,0,0,1,0.000,0.000,0.000
54640,51203,0.500,2,2,1,0,0,0,0,0,0,0,0.500,0.500,1.000
54640,66209,0.500,2,2,1,0,0,0,0,0,0,1,0.500,0.500,1.000
55633,79231,0.571,8,7,4,0,1,0,0,0,1,0,0.857,0.625,1.482
55633,76232,0.000,6,6,0,0,0,0,0,0,0,1,0.000,0.000,0.000
55633,63123,0.000,3,3,0,0,0,0,0,0,0,1,0.000,0.000,0.000
55633,50208,1.000,2,1,1,0,0,0,1,0,0,0,1.000,0.500,1.500
55633,55252,0.111,9,9,1,0,0,1,3,0,0,2,0.444,0.111,0.555
55633,53554,0.143,9,7,1,0,0,0,1,2,0,2,0.143,0.333,0.476
55633,51203,0.667,3,3,2,1,0,0,0,0,0,0,1.000,0.667,1.667
55633,66209,0.500,2,2,1,0,1,0,0,0,0,1,1.500,0.500,2.000
69620,79231,0.000,1,1,0,0,0,0,0,0,0,0,0.000,0.000,0.000
66609,51907,0.000,2,2,0,0,0,0,0,0,0,0,0.000,0.000,0.000
66609,51344,0.000,1,1,0,0,0,0,0,0,0,1,0.000,0.000,0.000
66609,68912,0.000,1,1,0,0,0,0,0,0,0,0,0.000,0.000,0.000
66609,67905,0.000,1,1,0,0,0,0,0,0,0,1,0.000,0.000,0.000
66609,69992,0.000,1,1,0,0,0,0,0,0,0,0,0.000,0.000,0.000
63342,51907,-,1,0,0,0,0,0,0,1,0,0,0.000,1.000,1.000
63342,51344,0.500,2,2,1,0,0,0,1,0,0,0,0.500,0.500,1.000
63342,63963,-,1,0,0,0,0,0,0,1,0,0,0.000,1.000,1.000
63342,79215,0.333,4,3,1,1,0,0,0,1,0,1,0.667,0.500,1.167
63342,68912,0.000,2,2,0,0,0,0,0,0,0,1,0.000,0.000,0.000
63342,63260,0.000,1,1,0,0,0,0,0,0,0,0,0.000,0.000,0.000
63342,64101,0.000,1,1,0,0,0,0,0,0,0,0,0.000,0.000,0.000
52639,51907,0.000,2,1,0,0,0,0,0,0,0,0,0.000,0.000,0.000
52639,51344,-,1,0,0,0,0,0,0,1,0,0,0.000,1.000,1.000
52639,62907,0.000,3,2,0,0,0,0,0,1,0,1,0.000,0.333,0.333
52639,79215,0.000,1,1,0,0,0,0,0,0,0,0,0.000,0.000,0.000
52639,68912,1.000,1,1,1,0,0,0,0,0,0,0,1.000,1.000,2.000
52639,63260,0.000,2,2,0,0,0,0,0,0,0,0,0.000,0.000,0.000
52639,69992,1.000,2,1,1,0,0,0,0,0,0,0,1.000,1.000,2.000
52639,64101,1.000,1,1,1,0,0,0,0,0,0,0,1.000,1.000,2.000
50662,51907,0.000,1,1,0,0,0,0,0,0,0,1,0.000,0.000,0.000
50662,51344,0.000,1,1,0,0,0,0,0,0,0,0,0.000,0.000,0.000
50662,63963,0.000,1,1,0,0,0,0,0,0,0,0,0.000,0.000,0.000
50662,79215,0.500,2,2,1,1,0,0,1,0,0,0,1.000,0.500,1.500
50662,68912,0.000,1,1,0,0,0,0,0,0,0,0,0.000,0.000,0.000
50662,63260,0.500,2,2,1,0,0,0,0,0,0,0,0.500,0.500,1.000
50662,67905,1.000,1,1,1,0,0,0,0,0,0,0,1.000,1.000,2.000
50662,69995,0.000,1,1,0,0,0,0,0,0,0,0,0.000,0.000,0.000
50662,69992,0.000,1,1,0,0,0,0,0,0,0,1,0.000,0.000,0.000
54610,51344,-,1,0,0,0,0,0,0,0,1,0,0.000,1.000,1.000
54610,63963,0.000,1,1,0,0,0,0,0,0,0,0,0.000,0.000,0.000
54610,63260,0.000,1,1,0,0,0,0,0,0,0,0,0.000,0.000,0.000
51994,51907,0.000,2,2,0,0,0,0,0,0,0,1,0.000,0.000,0.000
51994,51344,0.000,2,2,0,0,0,0,0,0,0,0,0.000,0.000,0.000
51994,62907,0.500,2,2,1,0,0,0,1,0,0,0,0.500,0.500,1.000
51994,63963,0.000,1,1,0,0,0,0,0,0,0,0,0.000,0.000,0.000
51994,79215,1.000,2,1,1,0,0,0,0,1,0,0,1.000,1.000,2.000
51994,68912,0.000,3,2,0,0,0,0,0,1,0,1,0.000,0.333,0.333
51994,63260,0.000,2,2,0,0,0,0,0,0,0,1,0.000,0.000,0.000
51994,67905,0.000,4,3,0,0,0,0,0,0,1,0,0.000,0.250,0.250
77637,51907,0.000,2,1,0,0,0,0,1,1,0,0,0.000,0.500,0.500
77637,51344,-,1,0,0,0,0,0,0,1,0,0,0.000,1.000,1.000
77637,62907,-,2,0,0,0,0,0,0,2,0,0,0.000,1.000,1.000
77637,63963,1.000,2,2,2,1,0,1,4,0,0,0,3.000,1.000,4.000
77637,79215,0.000,2,1,0,0,0,0,1,0,0,0,0.000,0.000,0.000
77637,68912,0.000,1,1,0,0,0,0,0,0,0,0,0.000,0.000,0.000
77637,63260,0.500,2,2,1,0,0,0,1,0,0,1,0.500,0.500,1.000
77637,67905,1.000,1,1,1,0,0,0,0,0,0,0,1.000,1.000,2.000
54640,51907,0.429,9,7,3,1,0,1,1,0,2,0,1.000,0.556,1.556
54640,51344,0.200,5,5,1,1,0,0,0,0,0,1,0.400,0.200,0.600
54640,62907,0.500,7,6,3,2,0,0,4,1,0,1,0.833,0.571,1.404
54640,79215,0.000,5,3,0,0,0,0,0,2,0,1,0.000,0.400,0.400
54640,68912,0.000,2,2,0,0,0,0,0,0,0,1,0.000,0.000,0.000
54640,63260,0.375,8,8,3,1,0,0,1,0,0,3,0.500,0.375,0.875
54640,67905,0.000,3,3,0,0,0,0,0,0,0,1,0.000,0.000,0.000
54640,69992,0.333,7,6,2,0,0,0,0,1,0,2,0.333,0.429,0.762
54640,50600,0.000,2,2,0,0,0,0,0,0,0,0,0.000,0.000,0.000
55633,51907,0.167,6,6,1,0,0,1,1,0,0,2,0.667,0.167,0.834
55633,51344,0.000,2,2,0,0,0,0,0,0,0,0,0.000,0.000,0.000
55633,62907,0.333,6,6,2,1,0,0,1,0,0,0,0.500,0.333,0.833
55633,79215,0.000,6,4,0,0,0,0,0,2,0,1,0.000,0.333,0.333
55633,63260,0.000,5,5,0,0,0,0,0,0,0,3,0.000,0.000,0.000
55633,67905,0.000,2,1,0,0,0,0,0,0,0,1,0.000,0.000,0.000
55633,69995,0.000,1,1,0,0,0,0,0,0,0,1,0.000,0.000,0.000
55633,69992,0.000,2,2,0,0,0,0,0,0,0,0,0.000,0.000,0.000
55633,64101,0.000,3,3,0,0,0,0,0,0,0,0,0.000,0.000,0.000
76225,79215,0.000,1,1,0,0,0,0,0,0,0,0,0.000,0.000,0.000
66609,68205,0.000,1,1,0,0,0,0,0,0,0,0,0.000,0.000,0.000
66609,52568,0.000,1,1,0,0,0,0,0,0,0,0,0.000,0.000,0.000
63342,68205,0.500,2,2,1,0,0,0,0,0,0,0,0.500,0.500,1.000
63342,68507,0.000,2,1,0,0,0,0,0,0,0,0,0.000,0.000,0.000
63342,50500,0.667,3,3,2,0,0,0,0,0,0,0,0.667,0.667,1.334
63342,55530,0.000,1,1,0,0,0,0,0,0,0,0,0.000,0.000,0.000
52639,54529,0.000,3,3,0,0,0,0,0,0,0,0,0.000,0.000,0.000
52639,78513,0.500,2,2,1,0,0,1,1,0,0,0,2.000,0.500,2.500
52639,52591,0.500,2,2,1,0,0,1,1,0,0,0,2.000,0.500,2.500
52639,51551,0.000,3,3,0,0,0,0,0,0,0,0,0.000,0.000,0.000
52639,50150,0.000,1,1,0,0,0,0,0,0,0,0,0.000,0.000,0.000
52639,68205,0.000,1,1,0,0,0,0,0,0,0,0,0.000,0.000,0.000
52639,68507,0.000,1,1,0,0,0,0,0,0,0,1,0.000,0.000,0.000
50662,54529,0.333,3,3,1,0,0,0,0,0,0,1,0.333,0.333,0.666
50662,69517,0.000,1,1,0,0,0,0,0,0,0,0,0.000,0.000,0.000
50662,78513,0.000,1,1,0,0,0,0,0,0,0,0,0.000,0.000,0.000
50662,52591,0.000,2,2,0,0,0,0,0,0,0,2,0.000,0.000,0.000
50662,51551,-,1,0,0,0,0,0,0,1,0,0,0.000,1.000,1.000
50662,50150,1.000,1,1,1,1,0,0,2,0,0,0,2.000,1.000,3.000
50662,68205,0.333,3,3,1,0,0,0,0,0,0,0,0.333,0.333,0.666
50662,61102,0.000,2,2,0,0,0,0,0,0,0,1,0.000,0.000,0.000
50662,68507,0.000,3,3,0,0,0,0,0,0,0,1,0.000,0.000,0.000
50662,50500,0.000,3,3,0,0,0,0,0,0,0,1,0.000,0.000,0.000
50662,52568,0.000,3,3,0,0,0,0,0,0,0,2,0.000,0.000,0.000
54610,54529,0.333,6,6,2,1,0,0,2,0,0,2,0.500,0.333,0.833
54610,69517,0.000,3,3,0,0,0,0,0,0,0,1,0.000,0.000,0.000
54610,78513,1.000,1,1,1,1,0,0,0,0,0,0,2.000,1.000,3.000
54610,51551,0.000,2,2,0,0,0,0,0,0,0,0,0.000,0.000,0.000
54610,50150,1.000,1,1,1,0,0,0,1,0,0,0,1.000,1.000,2.000
54610,68205,0.000,2,2,0,0,0,0,0,0,0,1,0.000,0.000,0.000
54610,61102,0.000,1,1,0,0,0,0,0,0,0,1,0.000,0.000,0.000
54610,68507,0.000,1,1,0,0,0,0,0,0,0,0,0.000,0.000,0.000
54610,52568,0.250,4,4,1,0,0,0,2,0,0,2,0.250,0.250,0.500
54610,68518,0.000,1,1,0,0,0,0,0,0,0,0,0.000,0.000,0.000
54610,55530,0.000,1,1,0,0,0,0,0,0,0,0,0.000,0.000,0.000
51994,54529,1.000,1,1,1,0,0,0,1,0,0,0,1.000,1.000,2.000
51994,69517,0.000,2,2,0,0,0,0,0,0,0,0,0.000,0.000,0.000
51994,51551,0.000,1,1,0,0,0,0,0,0,0,0,0.000,0.000,0.000
51994,50150,0.000,2,2,0,0,0,0,0,0,0,0,0.000,0.000,0.000
51994,68205,0.000,1,1,0,0,0,0,0,0,0,0,0.000,0.000,0.000
51994,68507,0.000,1,1,0,0,0,0,0,0,0,0,0.000,0.000,0.000
51994,50500,0.000,2,2,0,0,0,0,0,0,0,1,0.000,0.000,0.000
51994,52568,-,2,0,0,0,0,0,0,2,0,0,0.000,1.000,1.000
51994,54598,1.000,1,1,1,0,0,0,2,0,0,0,1.000,1.000,2.000
51994,68518,0.000,1,1,0,0,0,0,0,0,0,1,0.000,0.000,0.000
51994,55530,0.000,2,2,0,0,0,0,0,0,0,1,0.000,0.000,0.000
77637,54529,0.167,6,6,1,0,0,0,1,0,0,1,0.167,0.167,0.334
77637,69517,0.000,3,2,0,0,0,0,0,1,0,1,0.000,0.333,0.333
77637,78513,0.333,3,3,1,0,0,0,1,0,0,1,0.333,0.333,0.666
77637,50150,0.500,2,2,1,1,0,0,1,0,0,0,1.000,0.500,1.500
77637,68205,0.333,4,3,1,0,0,0,0,1,0,0,0.333,0.500,0.833
77637,61102,0.500,2,2,1,0,0,1,1,0,0,1,2.000,0.500,2.500
77637,50500,0.000,3,3,0,0,0,0,0,0,0,0,0.000,0.000,0.000
77637,52568,0.400,5,5,2,1,0,0,0,0,0,1,0.600,0.400,1.000
54640,54529,0.286,8,7,2,1,0,0,0,1,0,0,0.429,0.375,0.804
54640,69517,0.429,9,7,3,0,0,0,1,2,0,2,0.429,0.556,0.985
54640,78513,0.000,3,3,0,0,0,0,0,0,0,0,0.000,0.000,0.000
54640,51551,0.400,6,5,2,0,0,0,1,1,0,1,0.400,0.500,0.900
54640,50150,0.250,5,4,1,0,0,0,0,0,1,1,0.250,0.400,0.650
54640,68205,0.400,6,5,2,0,0,0,1,0,1,0,0.400,0.500,0.900
54640,61102,0.500,2,2,1,0,0,0,0,0,0,0,0.500,0.500,1.000
54640,68507,0.000,5,5,0,0,0,0,0,0,0,1,0.000,0.000,0.000
54640,50500,0.286,8,7,2,0,0,0,0,0,1,1,0.286,0.375,0.661
54640,52568,0.000,2,1,0,0,0,0,0,1,0,0,0.000,0.500,0.500
54640,55530,0.500,2,2,1,0,0,0,0,0,0,1,0.500,0.500,1.000
55633,54529,0.000,4,4,0,0,0,0,0,0,0,1,0.000,0.000,0.000
55633,78513,0.333,3,3,1,0,0,0,0,0,0,0,0.333,0.333,0.666
55633,68205,0.333,3,3,1,0,0,0,0,0,0,0,0.333,0.333,0.666
55633,61102,0.000,3,2,0,0,0,0,0,1,0,1,0.000,0.333,0.333
55633,52568,0.000,4,4,0,0,0,0,0,0,0,2,0.000,0.000,0.000
76225,50150,1.000,1,1,1,1,0,0,0,0,0,0,2.000,1.000,3.000
76225,68205,0.000,1,1,0,0,0,0,0,0,0,0,0.000,0.000,0.000
76225,50500,0.000,1,1,0,0,0,0,0,0,0,0,0.000,0.000,0.000
76225,52568,1.000,1,1,1,0,0,0,1,0,0,0,1.000,1.000,2.000
68928,54529,1.000,1,1,1,0,0,0,0,0,0,0,1.000,1.000,2.000
68928,50150,0.000,1,1,0,0,0,0,0,0,0,0,0.000,0.000,0.000
68928,52568,0.000,1,1,0,0,0,0,0,0,0,0,0.000,0.000,0.000
68928,55530,0.000,1,1,0,0,0,0,0,0,0,1,0.000,0.000,0.000
66609,67893,0.000,1,1,0,0,0,0,0,0,0,1,0.000,0.000,0.000
66609,51868,0.000,3,3,0,0,0,0,0,0,0,1,0.000,0.000,0.000
66609,54812,0.500,2,2,1,0,0,0,0,0,0,0,0.500,0.500,1.000
66609,53827,0.333,3,3,1,0,0,0,0,0,0,0,0.333,0.333,0.666
66609,75847,-,1,0,0,0,0,0,0,0,1,0,0.000,1.000,1.000
66609,51865,0.000,1,1,0,0,0,0,0,0,0,0,0.000,0.000,0.000
66609,66864,0.000,1,1,0,0,0,0,0,0,0,1,0.000,0.000,0.000
66609,60558,0.000,1,1,0,0,0,0,0,0,0,1,0.000,0.000,0.000
66609,79456,0.000,1,1,0,0,0,0,0,0,0,1,0.000,0.000,0.000
66609,62934,1.000,1,1,1,0,0,1,2,0,0,0,4.000,1.000,5.000
63342,50854,0.000,1,1,0,0,0,0,0,0,0,1,0.000,0.000,0.000
63342,67893,0.333,4,3,1,0,0,0,0,1,0,0,0.333,0.500,0.833
63342,51868,-,1,0,0,0,0,0,0,1,0,0,0.000,1.000,1.000
63342,54812,0.333,3,3,1,0,0,0,0,0,0,2,0.333,0.333,0.666
63342,53827,0.500,2,2,1,0,0,0,1,0,0,1,0.500,0.500,1.000
63342,75847,-,1,0,0,0,0,0,0,1,0,0,0.000,1.000,1.000
63342,51865,1.000,2,1,1,0,0,0,0,1,0,0,1.000,1.000,2.000
63342,66864,0.000,2,2,0,0,0,0,0,0,0,1,0.000,0.000,0.000
63342,60558,1.000,1,1,1,1,0,0,0,0,0,0,2.000,1.000,3.000
63342,79456,0.000,1,1,0,0,0,0,0,0,0,0,0.000,0.000,0.000
63342,50868,0.000,1,1,0,0,0,0,0,0,0,0,0.000,0.000,0.000
52639,50854,0.000,2,2,0,0,0,0,0,0,0,0,0.000,0.000,0.000
52639,67893,0.000,1,1,0,0,0,0,0,0,0,0,0.000,0.000,0.000
52639,51868,0.000,1,1,0,0,0,0,0,0,0,0,0.000,0.000,0.000
52639,54812,0.000,1,1,0,0,0,0,0,0,0,1,0.000,0.000,0.000
52639,53827,1.000,2,2,2,1,0,0,2,0,0,0,1.500,1.000,2.500
52639,75847,1.000,1,1,1,1,0,0,0,0,0,0,2.000,1.000,3.000
52639,51865,0.000,1,1,0,0,0,0,0,0,0,0,0.000,0.000,0.000
52639,66864,0.000,2,2,0,0,0,0,0,0,0,0,0.000,0.000,0.000
52639,60558,0.000,3,2,0,0,0,0,0,1,0,1,0.000,0.333,0.333
52639,68868,-,1,0,0,0,0,0,0,0,1,0,0.000,1.000,1.000
52639,62934,0.000,2,2,0,0,0,0,0,0,0,2,0.000,0.000,0.000
50662,50854,0.500,5,4,2,0,0,1,1,1,0,0,1.250,0.600,1.850
50662,67893,1.000,1,1,1,0,0,0,0,0,0,0,1.000,1.000,2.000
50662,62895,0.500,2,2,1,0,0,0,0,0,0,1,0.500,0.500,1.000
50662,51868,0.000,2,2,0,0,0,0,0,0,0,0,0.000,0.000,0.000
50662,54812,0.500,2,2,1,1,0,0,0,0,0,0,1.000,0.500,1.500
50662,53827,0.333,3,3,1,0,0,0,2,0,0,0,0.333,0.333,0.666
50662,51865,0.000,2,2,0,0,0,0,0,0,0,1,0.000,0.000,0.000
50662,66864,1.000,2,1,1,1,0,0,0,0,1,0,2.000,1.000,3.000
50662,60558,0.400,5,5,2,0,0,0,2,0,0,0,0.400,0.400,0.800
50662,79456,1.000,1,1,1,0,0,0,0,0,0,0,1.000,1.000,2.000
50662,68868,0.000,1,1,0,0,0,0,0,0,0,1,0.000,0.000,0.000
50662,62934,0.000,1,1,0,0,0,0,0,0,0,0,0.000,0.000,0.000
50662,50868,0.000,1,1,0,0,0,0,0,0,0,0,0.000,0.000,0.000
54610,50854,0.000,3,2,0,0,0,0,0,1,0,0,0.000,0.333,0.333
54610,67893,0.000,3,2,0,0,0,0,0,1,0,0,0.000,0.333,0.333
54610,62895,1.000,1,1,1,0,0,0,0,0,0,0,1.000,1.000,2.000
54610,54812,0.000,2,1,0,0,0,0,0,0,0,0,0.000,0.000,0.000
54610,53827,0.000,1,1,0,0,0,0,0,0,0,0,0.000,0.000,0.000
54610,75847,1.000,1,1,1,0,0,0,1,0,0,0,1.000,1.000,2.000
54610,51865,0.000,1,1,0,0,0,0,1,0,0,0,0.000,0.000,0.000
54610,66864,1.000,1,1,1,0,0,0,0,0,0,0,1.000,1.000,2.000
54610,60558,1.000,1,1,1,0,0,0,1,0,0,0,1.000,1.000,2.000
54610,79456,0.000,2,1,0,0,0,0,0,0,0,0,0.000,0.000,0.000
54610,62934,0.000,2,2,0,0,0,0,0,0,0,1,0.000,0.000,0.000
51994,50854,0.000,2,2,0,0,0,0,0,0,0,0,0.000,0.000,0.000
51994,51868,1.000,2,2,2,1,0,1,2,0,0,0,3.000,1.000,4.000
51994,53827,0.000,1,1,0,0,0,0,0,0,0,0,0.000,0.000,0.000
51994,60558,0.000,1,1,0,0,0,0,0,0,0,0,0.000,0.000,0.000
51994,79456,0.000,1,1,0,0,0,0,0,0,0,0,0.000,0.000,0.000
51994,62934,0.000,1,1,0,0,0,0,0,0,0,1,0.000,0.000,0.000
77637,50854,0.250,4,4,1,1,0,0,1,0,0,1,0.500,0.250,0.750
77637,67893,0.000,9,6,0,0,0,0,0,3,0,0,0.000,0.333,0.333
77637,51868,0.400,5,5,2,0,0,0,1,0,0,0,0.400,0.400,0.800
77637,54812,0.000,8,7,0,0,0,0,0,1,0,2,0.000,0.125,0.125
77637,53827,0.250,4,4,1,1,0,0,0,0,0,0,0.500,0.250,0.750
77637,75847,0.333,3,3,1,0,0,0,0,0,0,1,0.333,0.333,0.666
77637,51865,0.500,2,2,1,0,0,0,0,0,0,0,0.500,0.500,1.000
77637,66864,0.500,2,2,1,0,0,0,0,0,0,0,0.500,0.500,1.000
77637,60558,0.000,4,4,0,0,0,0,0,0,0,0,0.000,0.000,0.000
77637,79456,0.667,4,3,2,0,0,0,1,1,0,0,0.667,0.750,1.417
77637,62934,0.000,2,2,0,0,0,0,0,0,0,0,0.000,0.000,0.000
77637,50868,0.500,2,2,1,0,0,0,0,0,0,0,0.500,0.500,1.000
54640,50854,0.000,7,7,0,0,0,0,0,0,0,2,0.000,0.000,0.000
54640,67893,0.500,9,6,3,1,0,0,2,3,0,0,0.667,0.667,1.334
54640,51868,0.000,7,7,0,0,0,0,0,0,0,1,0.000,0.000,0.000
54640,54812,0.143,9,7,1,0,0,0,0,1,1,2,0.143,0.333,0.476
54640,53827,0.500,6,6,3,0,0,1,4,0,0,1,1.000,0.500,1.500
54640,75847,0.667,6,6,4,1,0,0,0,0,0,1,0.833,0.667,1.500
54640,51865,0.286,7,7,2,1,0,1,1,0,0,1,0.857,0.286,1.143
54640,60558,0.000,3,3,0,0,0,0,0,0,0,2,0.000,0.000,0.000
54640,68868,0.000,3,3,0,0,0,0,0,0,0,0,0.000,0.000,0.000
54640,62934,0.000,2,2,0,0,0,0,0,0,0,1,0.000,0.000,0.000
55633,50854,0.111,9,9,1,0,0,0,0,0,0,3,0.111,0.111,0.222
55633,67893,0.182,12,11,2,0,0,0,1,1,0,6,0.182,0.250,0.432
55633,62895,0.000,2,2,0,0,0,0,0,0,0,2,0.000,0.000,0.000
55633,51868,0.200,5,5,1,0,0,0,0,0,0,3,0.200,0.200,0.400
55633,54812,0.545,11,11,6,0,0,0,0,0,0,0,0.545,0.545,1.090
55633,53827,0.125,8,8,1,0,0,0,0,0,0,2,0.125,0.125,0.250
55633,75847,0.500,6,4,2,0,0,2,5,1,0,0,2.000,0.500,2.500
55633,51865,0.000,5,4,0,0,0,0,0,1,0,1,0.000,0.200,0.200
55633,66864,0.000,4,3,0,0,0,0,0,1,0,2,0.000,0.250,0.250
55633,62934,0.000,2,2,0,0,0,0,0,0,0,0,0.000,0.000,0.000
69620,67893,-,1,0,0,0,0,0,0,1,0,0,0.000,1.000,1.000
69620,53827,-,1,0,0,0,0,0,0,1,0,0,0.000,1.000,1.000
69620,75847,-,1,0,0,0,0,0,1,0,0,0,0.000,0.000,0.000
69620,66864,0.000,1,1,0,0,0,0,0,0,0,0,0.000,0.000,0.000
68928,51868,0.000,1,1,0,0,0,0,0,0,0,0,0.000,0.000,0.000
68928,75847,0.000,1,1,0,0,0,0,0,0,0,0,0.000,0.000,0.000
66609,69737,0.500,2,2,1,0,0,1,2,0,0,0,2.000,0.500,2.500
66609,53764,0.000,1,1,0,0,0,0,0,0,0,1,0.000,0.000,0.000
66609,79192,1.000,1,1,1,0,0,0,0,0,0,0,1.000,1.000,2.000
66609,66704,0.000,1,1,0,0,0,0,0,0,0,0,0.000,0.000,0.000
66609,64006,1.000,1,1,1,0,0,0,0,0,0,0,1.000,1.000,2.000
66609,50707,0.000,1,1,0,0,0,0,0,0,0,1,0.000,0.000,0.000
63342,53764,0.000,2,1,0,0,0,0,0,1,0,0,0.000,0.500,0.500
63342,66657,0.333,3,3,1,0,0,0,0,0,0,1,0.333,0.333,0.666
63342,66704,1.000,2,1,1,1,0,0,0,1,0,0,2.000,1.000,3.000
63342,54795,0.000,1,1,0,0,0,0,0,0,0,1,0.000,0.000,0.000
63342,65703,0.000,1,1,0,0,0,0,0,0,0,0,0.000,0.000,0.000
63342,64006,0.500,4,4,2,0,0,0,0,0,0,1,0.500,0.500,1.000
63342,68700,0.500,2,2,1,0,0,0,0,0,0,0,0.500,0.500,1.000
52639,69737,0.750,4,4,3,0,0,1,3,0,0,0,1.500,0.750,2.250
52639,53764,0.000,2,2,0,0,0,0,0,0,0,1,0.000,0.000,0.000
52639,79192,0.000,2,2,0,0,0,0,0,0,0,0,0.000,0.000,0.000
52639,66704,1.000,2,2,2,0,0,1,1,0,0,0,2.500,1.000,3.500
52639,65703,0.000,1,1,0,0,0,0,0,0,0,1,0.000,0.000,0.000
52639,64006,0.000,1,1,0,0,0,0,0,0,0,0,0.000,0.000,0.000
50662,69737,0.000,1,1,0,0,0,0,0,0,0,0,0.000,0.000,0.000
50662,53764,0.500,3,2,1,0,0,0,1,1,0,0,0.500,0.667,1.167
50662,78288,0.000,1,1,0,0,0,0,0,0,0,0,0.000,0.000,0.000
50662,66704,0.000,1,1,0,0,0,0,0,0,0,0,0.000,0.000,0.000
50662,54795,0.000,1,1,0,0,0,0,0,0,0,0,0.000,0.000,0.000
50662,65703,0.000,1,1,0,0,0,0,0,0,0,0,0.000,0.000,0.000
50662,50707,1.000,1,1,1,0,0,0,0,0,0,0,1.000,1.000,2.000
54610,69737,0.500,4,4,2,1,0,0,0,0,0,0,0.750,0.500,1.250
54610,53764,0.500,2,2,1,0,0,0,0,0,0,0,0.500,0.500,1.000
54610,79192,0.000,1,1,0,0,0,0,0,0,0,0,0.000,0.000,0.000
54610,66704,0.500,2,2,1,0,0,0,0,0,0,0,0.500,0.500,1.000
54610,65703,0.333,3,3,1,0,0,0,0,0,0,1,0.333,0.333,0.666
54610,64006,0.333,3,3,1,1,0,0,0,0,0,0,0.667,0.333,1.000
54610,68700,0.000,2,1,0,0,0,0,0,0,0,1,0.000,0.000,0.000
54610,50707,1.000,1,1,1,0,0,0,1,0,0,0,1.000,1.000,2.000
51994,69737,0.000,1,1,0,0,0,0,0,0,0,0,0.000,0.000,0.000
51994,53764,0.000,1,1,0,0,0,0,0,0,0,0,0.000,0.000,0.000
51994,79192,0.000,1,1,0,0,0,0,0,0,0,0,0.000,0.000,0.000
51994,66657,1.000,1,1,1,0,0,1,1,0,0,0,4.000,1.000,5.000
51994,66704,0.000,2,2,0,0,0,0,0,0,0,0,0.000,0.000,0.000
51994,65703,0.500,4,4,2,0,0,1,2,0,0,0,1.250,0.500,1.750
51994,64006,0.000,3,3,0,0,0,0,0,0,0,1,0.000,0.000,0.000
51994,50707,0.000,1,1,0,0,0,0,0,0,0,0,0.000,0.000,0.000
77637,69737,0.500,3,2,1,0,0,1,1,1,0,0,2.000,0.667,2.667
77637,53764,0.667,3,3,2,0,0,0,0,0,0,0,0.667,0.667,1.334
77637,66657,0.333,3,3,1,0,0,0,0,0,0,0,0.333,0.333,0.666
77637,66704,1.000,3,3,3,0,0,0,1,0,0,0,1.000,1.000,2.000
77637,65703,0.500,2,2,1,0,0,0,1,0,0,0,0.500,0.500,1.000
77637,64006,0.000,2,2,0,0,0,0,0,0,0,0,0.000,0.000,0.000
54640,69737,0.200,6,5,1,1,0,0,0,0,1,2,0.400,0.333,0.733
54640,53764,0.200,6,5,1,1,0,0,1,1,0,0,0.400,0.333,0.733
54640,79192,0.500,6,6,3,0,0,1,2,0,0,0,1.000,0.500,1.500
54640,78288,0.000,2,2,0,0,0,0,0,0,0,1,0.000,0.000,0.000
54640,65703,0.000,4,4,0,0,0,0,0,0,0,0,0.000,0.000,0.000
54640,64006,0.000,4,3,0,0,0,0,0,0,1,0,0.000,0.250,0.250
54640,50707,0.333,3,3,1,0,0,1,1,0,0,0,1.333,0.333,1.666
55633,69737,0.273,11,11,3,0,0,0,0,0,0,3,0.273,0.273,0.546
55633,53764,0.333,12,9,3,0,0,1,1,3,0,1,0.667,0.500,1.167
55633,79192,0.000,3,3,0,0,0,0,0,0,0,1,0.000,0.000,0.000
55633,78288,0.400,6,5,2,0,0,0,1,1,0,1,0.400,0.500,0.900
55633,66704,0.000,9,7,0,0,0,0,0,0,0,0,0.000,0.000,0.000
55633,54795,0.250,4,4,1,0,0,0,1,0,0,1,0.250,0.250,0.500
55633,65703,0.250,5,4,1,0,0,0,1,1,0,1,0.250,0.400,0.650
55633,64006,0.500,10,10,5,0,0,1,5,0,0,1,0.800,0.500,1.300
55633,68700,0.500,6,6,3,1,0,0,1,0,0,1,0.667,0.500,1.167
76225,69737,0.500,2,2,1,0,0,0,0,0,0,1,0.500,0.500,1.000
76225,53764,0.000,2,2,0,0,0,0,0,0,0,1,0.000,0.000,0.000
76225,79192,0.000,1,1,0,0,0,0,0,0,0,1,0.000,0.000,0.000
76225,54795,0.000,1,1,0,0,0,0,0,0,0,0,0.000,0.000,0.000
66609,50357,0.000,1,1,0,0,0,0,0,0,0,1,0.000,0.000,0.000
63342,50167,0.000,1,1,0,0,0,0,0,0,0,0,0.000,0.000,0.000
63342,76267,0.000,1,1,0,0,0,0,0,0,0,0,0.000,0.000,0.000
63342,53312,0.400,5,5,2,0,0,0,0,0,0,2,0.400,0.400,0.800
63342,50357,0.000,1,1,0,0,0,0,0,0,0,0,0.000,0.000,0.000
63342,64346,1.000,1,1,1,0,0,1,1,0,0,0,4.000,1.000,5.000
52639,76267,0.000,1,1,0,0,0,0,0,0,0,1,0.000,0.000,0.000
52639,55392,0.000,1,1,0,0,0,0,0,0,0,0,0.000,0.000,0.000
52639,50357,1.000,1,1,1,0,0,0,0,0,0,0,1.000,1.000,2.000
52639,64346,0.000,3,3,0,0,0,0,0,0,0,1,0.000,0.000,0.000
50662,76267,0.000,1,1,0,0,0,0,0,0,0,1,0.000,0.000,0.000
50662,53312,0.000,2,2,0,0,0,0,0,0,0,1,0.000,0.000,0.000
50662,64346,1.000,1,1,1,0,0,1,1,0,0,0,4.000,1.000,5.000
54610,76267,-,1,0,0,0,0,0,0,1,0,0,0.000,1.000,1.000
54610,64340,0.000,1,1,0,0,0,0,0,0,0,0,0.000,0.000,0.000
54610,53312,0.250,5,4,1,1,0,0,1,1,0,1,0.500,0.400,0.900
54610,50357,1.000,1,1,1,0,0,0,0,0,0,0,1.000,1.000,2.000
54610,55397,0.000,1,1,0,0,0,0,0,0,0,0,0.000,0.000,0.000
51994,53312,1.000,1,1,1,0,0,0,0,0,0,0,1.000,1.000,2.000
51994,50357,0.000,2,2,0,0,0,0,0,0,0,0,0.000,0.000,0.000
77637,50167,0.000,3,3,0,0,0,0,0,0,0,1,0.000,0.000,0.000
77637,76267,0.000,3,3,0,0,0,0,0,0,0,0,0.000,0.000,0.000
77637,53312,0.333,8,6,2,2,0,0,3,2,0,0,0.667,0.500,1.167
77637,78756,0.000,2,2,0,0,0,0,0,0,0,1,0.000,0.000,0.000
77637,64346,0.000,3,2,0,0,0,0,1,0,0,2,0.000,0.000,0.000
54640,50167,0.250,4,4,1,0,0,0,0,0,0,0,0.250,0.250,0.500
54640,76267,0.300,10,10,3,0,0,0,1,0,0,1,0.300,0.300,0.600
54640,53312,0.455,11,11,5,0,0,0,2,0,0,4,0.455,0.455,0.910
54640,50357,0.000,7,6,0,0,0,0,0,0,1,3,0.000,0.143,0.143
54640,64346,0.125,8,8,1,0,0,0,0,0,0,3,0.125,0.125,0.250
55633,76267,0.000,3,3,0,0,0,0,0,0,0,2,0.000,0.000,0.000
55633,55392,0.000,4,3,0,0,0,0,0,1,0,1,0.000,0.250,0.250
55633,53312,0.500,2,2,1,1,0,0,0,0,0,1,1.000,0.500,1.500
55633,50357,1.000,2,1,1,1,0,0,0,0,0,0,2.000,1.000,3.000
55633,64346,0.000,2,1,0,0,0,0,0,1,0,0,0.000,0.500,0.500
67266,54400,0.500,2,2,1,0,0,0,0,0,0,0,0.500,0.500,1.000
67266,62404,0.500,2,2,1,0,0,0,1,0,0,1,0.500,0.500,1.000
67266,67449,-,1,0,0,0,0,0,0,1,0,0,0.000,1.000,1.000
67266,52430,0.000,2,2,0,0,0,0,0,0,0,0,0.000,0.000,0.000
67266,74540,0.000,2,2,0,0,0,0,0,0,0,0,0.000,0.000,0.000
67266,62234,0.000,1,1,0,0,0,0,0,0,0,0,0.000,0.000,0.000
67266,50458,1.000,1,1,1,0,0,0,0,0,0,0,1.000,1.000,2.000
67266,69418,0.000,1,1,0,0,0,0,0,0,0,0,0.000,0.000,0.000
67266,65586,1.000,1,1,1,0,0,0,0,0,0,0,1.000,1.000,2.000
66291,54400,0.000,1,1,0,0,0,0,0,0,0,0,0.000,0.000,0.000
66291,62404,0.000,1,1,0,0,0,0,0,0,0,1,0.000,0.000,0.000
66291,52415,0.000,1,1,0,0,0,0,0,0,0,0,0.000,0.000,0.000
66291,67449,1.000,1,1,1,0,0,0,1,0,0,0,1.000,1.000,2.000
66291,62234,0.000,2,2,0,0,0,0,0,0,0,1,0.000,0.000,0.000
66291,50458,0.500,2,2,1,0,0,0,0,0,0,0,0.500,0.500,1.000
66291,69418,0.000,2,2,0,0,0,0,0,0,0,1,0.000,0.000,0.000
66291,61404,-,1,0,0,0,0,0,0,1,0,0,0.000,1.000,1.000
66291,66409,-,1,0,0,0,0,0,0,1,0,0,0.000,1.000,1.000
66291,65586,0.000,2,2,0,0,0,0,0,0,0,1,0.000,0.000,0.000
54263,54400,0.000,3,3,0,0,0,0,0,0,0,2,0.000,0.000,0.000
54263,62404,0.000,2,2,0,0,0,0,0,0,0,1,0.000,0.000,0.000
54263,52415,0.000,1,1,0,0,0,0,0,0,0,0,0.000,0.000,0.000
54263,67449,0.000,2,1,0,0,0,0,0,0,0,0,0.000,0.000,0.000
54263,52430,1.000,1,1,1,0,0,0,0,0,0,0,1.000,1.000,2.000
54263,74540,-,1,0,0,0,0,0,0,1,0,0,0.000,1.000,1.000
54263,50458,1.000,1,1,1,0,0,0,0,0,0,0,1.000,1.000,2.000
54263,61404,0.000,1,1,0,0,0,0,0,0,0,0,0.000,0.000,0.000
68249,54400,1.000,2,1,1,0,0,0,2,0,0,0,1.000,0.500,1.500
68249,62404,0.000,1,1,0,0,0,0,0,0,0,0,0.000,0.000,0.000
68249,52415,0.000,2,1,0,0,0,0,0,1,0,0,0.000,0.500,0.500
68249,67449,1.000,2,2,2,1,0,0,3,0,0,0,1.500,1.000,2.500
68249,52430,0.000,1,1,0,0,0,0,0,0,0,0,0.000,0.000,0.000
68249,74540,1.000,1,1,1,0,0,0,0,0,0,0,1.000,1.000,2.000
68249,50458,-,2,0,0,0,0,0,0,1,1,0,0.000,1.000,1.000
68249,65040,0.000,1,1,0,0,0,0,0,0,0,0,0.000,0.000,0.000
67263,52415,0.000,1,1,0,0,0,0,0,0,0,0,0.000,0.000,0.000
67263,52430,1.000,1,1,1,1,0,0,0,0,0,0,2.000,1.000,3.000
67263,74540,0.000,1,1,0,0,0,0,0,0,0,0,0.000,0.000,0.000
67263,62234,0.000,1,1,0,0,0,0,0,0,0,0,0.000,0.000,0.000
52206,54400,-,1,0,0,0,0,0,0,1,0,0,0.000,1.000,1.000
52206,52415,0.000,1,1,0,0,0,0,0,0,0,0,0.000,0.000,0.000
52206,67449,1.000,1,1,1,0,0,0,1,0,0,0,1.000,1.000,2.000
52206,52430,0.000,1,1,0,0,0,0,0,0,0,0,0.000,0.000,0.000
52206,74540,0.000,1,1,0,0,0,0,0,0,0,1,0.000,0.000,0.000
52206,62234,-,2,0,0,0,0,0,0,1,1,0,0.000,1.000,1.000
52206,50458,1.000,1,1,1,0,1,0,2,0,0,0,3.000,1.000,4.000
52206,61404,0.000,1,1,0,0,0,0,0,0,0,0,0.000,0.000,0.000
52206,65586,0.000,1,1,0,0,0,0,0,0,0,1,0.000,0.000,0.000
55239,54400,0.083,12,12,1,0,0,0,0,0,0,1,0.083,0.083,0.166
55239,62404,0.444,9,9,4,1,1,0,4,0,0,1,0.778,0.444,1.222
55239,52415,0.250,9,8,2,0,0,1,2,1,0,3,0.625,0.333,0.958
55239,67449,0.250,9,8,2,0,0,0,1,1,0,2,0.250,0.333,0.583
55239,52430,0.000,6,6,0,0,0,0,0,0,0,2,0.000,0.000,0.000
55239,74540,0.286,7,7,2,0,0,1,2,0,0,2,0.714,0.286,1.000
55239,62234,0.000,3,2,0,0,0,0,0,1,0,0,0.000,0.333,0.333
55239,50458,0.667,6,6,4,1,0,0,1,0,0,1,0.833,0.667,1.500
55239,69418,0.500,3,2,1,0,0,0,0,1,0,1,0.500,0.667,1.167
55239,61404,0.333,9,9,3,1,0,0,0,0,0,1,0.444,0.333,0.777
55239,66409,0.000,2,2,0,0,0,0,0,0,0,2,0.000,0.000,0.000
55239,65586,0.200,6,5,1,1,0,0,0,0,1,0,0.400,0.333,0.733
51264,54400,0.857,7,7,6,1,0,2,2,0,0,0,1.857,0.857,2.714
51264,62404,0.000,4,2,0,0,0,0,1,1,0,1,0.000,0.250,0.250
51264,52415,0.000,2,1,0,0,0,0,0,1,0,0,0.000,0.500,0.500
51264,67449,0.250,8,8,2,0,1,0,2,0,0,1,0.500,0.250,0.750
51264,52430,0.500,2,2,1,0,0,0,1,0,0,0,0.500,0.500,1.000
51264,74540,0.250,5,4,1,0,0,0,1,1,0,0,0.250,0.400,0.650
51264,62234,1.000,4,3,3,1,0,0,2,1,0,0,1.333,1.000,2.333
51264,50458,0.333,8,6,2,0,0,0,0,1,0,0,0.333,0.429,0.762
51264,61404,0.000,2,2,0,0,0,0,0,0,0,1,0.000,0.000,0.000
51264,65586,0.000,4,3,0,0,0,0,0,1,0,1,0.000,0.250,0.250
52204,54400,0.333,3,3,1,0,0,1,3,0,0,1,1.333,0.333,1.666
52204,62404,1.000,2,2,2,0,0,0,2,0,0,0,1.000,1.000,2.000
52204,52415,0.000,2,2,0,0,0,0,0,0,0,0,0.000,0.000,0.000
52204,67449,1.000,3,3,3,0,0,0,1,0,0,0,1.000,1.000,2.000
52204,52430,0.000,1,1,0,0,0,0,0,0,0,1,0.000,0.000,0.000
52204,62234,0.000,2,2,0,0,0,0,0,0,0,0,0.000,0.000,0.000
52204,50458,0.000,2,2,0,0,0,0,0,0,0,2,0.000,0.000,0.000
52204,65586,0.000,1,1,0,0,0,0,0,0,0,1,0.000,0.000,0.000
67266,79240,0.333,3,3,1,0,0,0,1,0,0,0,0.333,0.333,0.666
67266,79402,0.000,2,1,0,0,0,0,0,0,1,0,0.000,0.500,0.500
67266,51003,0.000,2,1,0,0,0,0,1,1,0,1,0.000,0.500,0.500
67266,64504,1.000,1,1,1,0,0,0,1,0,0,0,1.000,1.000,2.000
67266,66706,0.000,1,1,0,0,0,0,0,0,0,0,0.000,0.000,0.000
67266,64115,0.000,1,1,0,0,0,0,0,0,0,0,0.000,0.000,0.000
66291,79240,0.333,3,3,1,0,0,0,0,0,0,0,0.333,0.333,0.666
66291,78548,0.000,1,1,0,0,0,0,0,0,0,0,0.000,0.000,0.000
66291,79402,0.000,1,1,0,0,0,0,0,0,0,1,0.000,0.000,0.000
66291,64004,0.000,2,2,0,0,0,0,0,0,0,2,0.000,0.000,0.000
66291,64166,0.000,1,1,0,0,0,0,0,0,0,1,0.000,0.000,0.000
66291,64504,0.000,1,1,0,0,0,0,0,0,0,0,0.000,0.000,0.000
66291,66706,-,1,0,0,0,0,0,0,1,0,0,0.000,1.000,1.000
66291,67644,0.000,1,1,0,0,0,0,0,0,0,1,0.000,0.000,0.000
54263,52001,0.000,4,4,0,0,0,0,0,0,0,4,0.000,0.000,0.000
54263,79240,0.000,1,1,0,0,0,0,0,0,0,0,0.000,0.000,0.000
54263,78548,0.000,2,2,0,0,0,0,0,0,0,1,0.000,0.000,0.000
54263,79402,0.000,1,1,0,0,0,0,0,0,0,0,0.000,0.000,0.000
54263,64004,0.000,1,1,0,0,0,0,0,0,0,0,0.000,0.000,0.000
54263,51003,0.000,1,1,0,0,0,0,1,0,0,0,0.000,0.000,0.000
54263,64504,0.500,2,2,1,1,0,0,0,0,0,1,1.000,0.500,1.500
54263,64115,0.000,1,1,0,0,0,0,0,0,0,0,0.000,0.000,0.000
68249,52001,0.000,1,1,0,0,0,0,0,0,0,0,0.000,0.000,0.000
68249,79240,0.000,1,1,0,0,0,0,0,0,0,0,0.000,0.000,0.000
68249,78548,0.000,1,1,0,0,0,0,0,0,0,1,0.000,0.000,0.000
68249,79402,-,1,0,0,0,0,0,0,1,0,0,0.000,1.000,1.000
68249,64004,1.000,1,1,1,0,0,0,0,0,0,0,1.000,1.000,2.000
68249,51003,0.000,2,1,0,0,0,0,0,1,0,0,0.000,0.500,0.500
68249,64166,1.000,1,1,1,1,0,0,3,0,0,0,2.000,1.000,3.000
52206,79240,0.000,1,1,0,0,0,0,0,0,0,0,0.000,0.000,0.000
52206,64004,0.000,1,1,0,0,0,0,0,0,0,0,0.000,0.000,0.000
52206,51003,0.000,1,1,0,0,0,0,0,0,0,0,0.000,0.000,0.000
52206,67644,1.000,1,1,1,0,0,0,0,0,0,0,1.000,1.000,2.000
55239,52001,0.800,6,5,4,0,0,1,3,0,1,1,1.400,0.833,2.233
55239,79240,0.200,5,5,1,0,0,0,0,0,0,1,0.200,0.200,0.400
55239,78548,0.200,6,5,1,0,0,1,1,1,0,2,0.800,0.333,1.133
55239,79402,0.400,6,5,2,0,0,0,0,0,0,0,0.400,0.400,0.800
55239,51003,0.500,2,2,1,0,0,0,0,0,0,1,0.500,0.500,1.000
55239,64166,0.400,5,5,2,1,0,0,1,0,0,2,0.600,0.400,1.000
55239,64504,0.000,3,3,0,0,0,0,0,0,0,0,0.000,0.000,0.000
65639,79240,0.500,2,2,1,0,0,0,0,0,0,0,0.500,0.500,1.000
65639,78548,0.000,1,1,0,0,0,0,0,0,0,1,0.000,0.000,0.000
65639,79402,0.000,2,2,0,0,0,0,0,0,0,0,0.000,0.000,0.000
65639,64166,0.000,2,2,0,0,0,0,0,0,0,1,0.000,0.000,0.000
65639,64504,0.000,1,1,0,0,0,0,0,0,0,0,0.000,0.000,0.000
65639,67644,0.000,1,1,0,0,0,0,0,0,0,1,0.000,0.000,0.000
51264,52001,0.286,9,7,2,1,0,0,3,2,0,2,0.429,0.444,0.873
51264,79240,0.333,6,6,2,0,0,0,0,0,0,0,0.333,0.333,0.666
51264,78548,0.200,6,5,1,0,0,0,1,0,1,0,0.200,0.333,0.533
51264,79402,0.500,6,6,3,1,0,0,0,0,0,0,0.667,0.500,1.167
51264,64004,0.333,3,3,1,0,0,0,1,0,0,0,0.333,0.333,0.666
51264,51003,0.250,4,4,1,0,0,0,0,0,0,2,0.250,0.250,0.500
51264,66706,0.000,2,2,0,0,0,0,0,0,0,1,0.000,0.000,0.000
52204,52001,0.000,1,1,0,0,0,0,0,0,0,1,0.000,0.000,0.000
52204,79402,0.000,1,1,0,0,0,0,1,0,0,0,0.000,0.000,0.000
52204,51003,0.000,1,1,0,0,0,0,0,0,0,1,0.000,0.000,0.000
67266,69102,0.000,2,2,0,0,0,0,0,0,0,1,0.000,0.000,0.000
67266,62415,0.500,3,2,1,0,0,0,1,0,0,0,0.500,0.500,1.000
67266,68119,-,1,0,0,0,0,0,0,1,0,0,0.000,1.000,1.000
67266,79365,0.000,2,2,0,0,0,0,0,0,0,0,0.000,0.000,0.000
67266,53123,0.500,5,4,2,0,1,0,0,1,0,1,1.000,0.600,1.600
67266,79109,0.333,3,3,1,1,0,0,0,0,0,0,0.667,0.333,1.000
67266,69100,0.000,3,3,0,0,0,0,0,0,0,0,0.000,0.000,0.000
67266,66108,0.000,1,1,0,0,0,0,0,0,0,0,0.000,0.000,0.000
67266,68110,0.250,4,4,1,0,0,0,0,0,0,1,0.250,0.250,0.500
66291,69102,0.000,3,3,0,0,0,0,0,0,0,1,0.000,0.000,0.000
66291,62415,0.500,2,2,1,1,0,0,0,0,0,1,1.000,0.500,1.500
66291,68119,0.000,1,1,0,0,0,0,0,0,0,0,0.000,0.000,0.000
66291,65207,1.000,2,1,1,0,0,0,0,1,0,0,1.000,1.000,2.000
66291,79365,0.250,4,4,1,0,0,0,0,0,0,0,0.250,0.250,0.500
66291,53123,0.000,2,2,0,0,0,0,0,0,0,1,0.000,0.000,0.000
66291,79109,0.000,4,4,0,0,0,0,0,0,0,0,0.000,0.000,0.000
66291,69100,0.500,2,2,1,0,0,0,0,0,0,0,0.500,0.500,1.000
66291,66108,0.000,2,1,0,0,0,0,0,1,0,0,0.000,0.500,0.500
66291,50054,0.000,2,1,0,0,0,0,0,1,0,0,0.000,0.500,0.500
66291,68110,0.000,3,2,0,0,0,0,0,1,0,0,0.000,0.333,0.333
54263,69102,1.000,1,1,1,0,0,1,3,0,0,0,4.000,1.000,5.000
54263,62415,1.000,2,1,1,0,0,0,0,0,0,0,1.000,1.000,2.000
54263,53123,1.000,2,1,1,0,0,0,0,1,0,0,1.000,1.000,2.000
54263,79109,0.000,1,1,0,0,0,0,0,0,0,0,0.000,0.000,0.000
54263,66108,0.000,1,1,0,0,0,0,0,0,0,1,0.000,0.000,0.000
54263,50054,1.000,1,1,1,0,0,0,0,0,0,0,1.000,1.000,2.000
54263,68110,0.000,2,2,0,0,0,0,0,0,0,1,0.000,0.000,0.000
68249,69102,-,1,0,0,0,0,0,0,1,0,0,0.000,1.000,1.000
68249,62415,-,1,0,0,0,0,0,0,1,0,0,0.000,1.000,1.000
68249,68119,0.000,1,1,0,0,0,0,0,0,0,1,0.000,0.000,0.000
68249,65207,0.000,1,1,0,0,0,0,0,0,0,0,0.000,0.000,0.000
68249,79365,0.000,1,1,0,0,0,0,0,0,0,0,0.000,0.000,0.000
68249,53123,0.000,1,1,0,0,0,0,0,0,0,0,0.000,0.000,0.000
68249,69100,1.000,1,1,1,0,0,0,0,0,0,0,1.000,1.000,2.000
68249,68110,0.000,1,1,0,0,0,0,0,0,0,0,0.000,0.000,0.000
52206,79109,0.000,1,1,0,0,0,0,0,0,0,0,0.000,0.000,0.000
52206,66108,0.000,2,1,0,0,0,0,0,1,0,0,0.000,0.500,0.500
52206,50054,1.000,1,1,1,0,0,0,0,0,0,0,1.000,1.000,2.000
55239,69102,0.000,7,7,0,0,0,0,0,0,0,3,0.000,0.000,0.000
55239,62415,0.111,10,9,1,0,0,0,0,1,0,2,0.111,0.200,0.311
55239,68119,0.000,1,1,0,0,0,0,0,0,0,0,0.000,0.000,0.000
55239,65207,0.500,6,6,3,0,0,0,0,0,0,0,0.500,0.500,1.000
55239,79365,0.333,3,3,1,0,0,1,1,0,0,0,1.333,0.333,1.666
55239,53123,0.444,10,9,4,1,0,1,1,1,0,1,0.889,0.500,1.389
55239,79109,0.200,5,5,1,0,0,0,0,0,0,4,0.200,0.200,0.400
55239,69100,0.200,5,5,1,0,0,0,0,0,0,2,0.200,0.200,0.400
55239,66108,0.125,9,8,1,0,0,0,0,0,1,2,0.125,0.222,0.347
55239,50054,0.333,3,3,1,0,0,0,0,0,0,1,0.333,0.333,0.666
55239,68110,0.200,10,10,2,0,0,2,4,0,0,2,0.800,0.200,1.000
55239,52154,0.600,5,5,3,1,0,0,2,0,0,1,0.800,0.600,1.400
55239,51100,-,1,0,0,0,0,0,0,1,0,0,0.000,1.000,1.000
51264,69102,0.750,5,4,3,0,0,0,3,1,0,0,0.750,0.800,1.550
51264,62415,0.200,6,5,1,0,0,0,0,0,0,0,0.200,0.200,0.400
51264,65207,0.167,7,6,1,0,0,0,0,1,0,0,0.167,0.286,0.453
51264,79365,0.200,6,5,1,0,0,0,2,1,0,1,0.200,0.333,0.533
51264,53123,0.500,7,6,3,1,0,0,0,1,0,0,0.667,0.571,1.238
51264,79109,0.000,3,2,0,0,0,0,0,0,0,1,0.000,0.000,0.000
51264,69100,0.667,4,3,2,0,0,0,1,1,0,0,0.667,0.750,1.417
51264,66108,0.333,8,6,2,0,0,0,1,2,0,3,0.333,0.500,0.833
51264,50054,0.200,5,5,1,0,0,0,1,0,0,2,0.200,0.200,0.400
51264,68110,0.167,6,6,1,1,0,0,0,0,0,1,0.333,0.167,0.500
52204,69102,0.250,4,4,1,0,0,0,0,0,0,0,0.250,0.250,0.500
52204,62415,1.000,2,1,1,0,0,0,1,0,0,0,1.000,1.000,2.000
52204,68119,1.000,1,1,1,0,0,0,0,0,0,0,1.000,1.000,2.000
52204,65207,0.000,2,1,0,0,0,0,0,0,1,1,0.000,0.500,0.500
52204,79365,0.000,1,1,0,0,0,0,0,0,0,0,0.000,0.000,0.000
52204,53123,0.333,3,3,1,0,0,0,2,0,0,0,0.333,0.333,0.666
52204,79109,0.000,1,1,0,0,0,0,0,0,0,1,0.000,0.000,0.000
52204,69100,0.500,2,2,1,0,0,0,0,0,0,1,0.500,0.500,1.000
52204,66108,0.333,3,3,1,0,0,0,0,0,0,0,0.333,0.333,0.666
52204,50054,0.000,2,1,0,0,0,0,0,1,0,1,0.000,0.500,0.500
52204,68110,1.000,2,1,1,1,0,0,0,1,0,0,2.000,1.000,3.000
67266,65653,0.000,2,2,0,0,0,0,0,0,0,1,0.000,0.000,0.000
67266,78603,1.000,1,1,1,0,0,0,0,0,0,0,1.000,1.000,2.000
67266,61353,0.000,1,1,0,0,0,0,0,0,0,0,0.000,0.000,0.000
67266,52605,0.000,1,1,0,0,0,0,0,0,0,1,0.000,0.000,0.000
66291,65653,0.000,1,1,0,0,0,0,0,0,0,0,0.000,0.000,0.000
66291,62947,0.500,2,2,1,0,0,1,1,0,0,0,2.000,0.500,2.500
66291,78603,-,1,0,0,0,0,0,0,1,0,0,0.000,1.000,1.000
66291,68646,0.000,3,2,0,0,0,0,0,1,0,0,0.000,0.333,0.333
66291,78122,-,1,0,0,0,0,0,0,0,1,0,0.000,1.000,1.000
66291,52667,0.000,1,1,0,0,0,0,0,0,0,1,0.000,0.000,0.000
66291,52605,0.000,1,1,0,0,0,0,0,0,0,0,0.000,0.000,0.000
54263,65653,0.000,4,4,0,0,0,0,0,0,0,2,0.000,0.000,0.000
54263,62947,0.000,2,1,0,0,0,0,0,1,0,1,0.000,0.500,0.500
54263,78603,-,1,0,0,0,0,0,0,1,0,0,0.000,1.000,1.000
54263,68646,0.000,1,1,0,0,0,0,0,0,0,1,0.000,0.000,0.000
54263,78122,0.000,1,1,0,0,0,0,0,0,0,0,0.000,0.000,0.000
54263,61353,-,1,0,0,0,0,0,0,1,0,0,0.000,1.000,1.000
54263,52605,0.250,4,4,1,0,0,1,2,0,0,2,1.000,0.250,1.250
68249,65653,0.200,5,5,1,1,0,0,3,0,0,2,0.400,0.200,0.600
68249,62947,0.333,3,3,1,0,0,1,1,0,0,1,1.333,0.333,1.666
68249,78603,0.000,3,2,0,0,0,0,1,1,0,0,0.000,0.333,0.333
68249,68646,0.000,2,2,0,0,0,0,0,0,0,0,0.000,0.000,0.000
68249,78122,1.000,1,1,1,0,0,0,0,0,0,0,1.000,1.000,2.000
68249,66614,0.000,1,1,0,0,0,0,0,0,0,0,0.000,0.000,0.000
68249,69727,0.000,1,1,0,0,0,0,0,0,0,0,0.000,0.000,0.000
68249,52605,0.500,4,2,1,1,0,0,0,2,0,0,1.000,0.750,1.750
52206,65653,0.000,1,1,0,0,0,0,0,0,0,1,0.000,0.000,0.000
52206,68646,0.000,2,1,0,0,0,0,0,0,1,0,0.000,0.500,0.500
52206,78122,0.000,1,1,0,0,0,0,0,0,0,0,0.000,0.000,0.000
52206,66614,1.000,1,1,1,0,0,0,0,0,0,0,1.000,1.000,2.000
52206,69727,1.000,1,1,1,0,0,0,2,0,0,0,1.000,1.000,2.000
55239,65653,0.444,10,9,4,0,0,1,1,1,0,0,0.778,0.500,1.278
55239,62947,0.333,6,6,2,1,0,1,1,0,0,1,1.000,0.333,1.333
55239,78603,0.444,10,9,4,2,0,0,2,1,0,0,0.667,0.500,1.167
55239,78122,0.250,5,4,1,0,0,0,0,0,1,0,0.250,0.400,0.650
55239,66614,0.333,3,3,1,0,0,0,0,0,0,1,0.333,0.333,0.666
55239,52667,0.000,3,2,0,0,0,0,0,0,1,1,0.000,0.333,0.333
55239,69727,0.000,3,3,0,0,0,0,0,0,0,1,0.000,0.000,0.000
55239,52605,0.000,10,8,0,0,0,0,0,2,0,6,0.000,0.200,0.200
65639,65653,1.000,1,1,1,0,0,0,1,0,0,0,1.000,1.000,2.000
65639,62947,0.000,1,1,0,0,0,0,0,0,0,0,0.000,0.000,0.000
65639,78122,-,1,0,0,0,0,0,0,1,0,0,0.000,1.000,1.000
65639,66614,-,1,0,0,0,0,0,1,0,0,0,0.000,0.000,0.000
65639,52667,0.000,1,1,0,0,0,0,0,0,0,0,0.000,0.000,0.000
51264,65653,0.333,11,9,3,1,0,1,2,1,0,2,0.778,0.400,1.178
51264,62947,0.222,11,9,2,0,0,0,0,2,0,4,0.222,0.364,0.586
51264,78603,0.300,10,10,3,0,0,0,2,0,0,0,0.300,0.300,0.600
51264,68646,0.429,10,7,3,0,0,0,0,2,0,0,0.429,0.556,0.985
51264,66614,0.000,1,1,0,0,0,0,0,0,0,0,0.000,0.000,0.000
51264,52667,0.333,4,3,1,0,0,0,0,1,0,1,0.333,0.500,0.833
51264,52605,0.250,12,12,3,0,0,2,2,0,0,1,0.750,0.250,1.000
52204,65653,1.000,2,2,2,1,0,0,0,0,0,0,1.500,1.000,2.500
52204,62947,0.000,2,2,0,0,0,0,0,0,0,0,0.000,0.000,0.000
52204,78603,0.000,1,1,0,0,0,0,0,0,0,0,0.000,0.000,0.000
52204,68646,0.000,2,2,0,0,0,0,0,0,0,0,0.000,0.000,0.000
52204,52605,0.000,2,1,0,0,0,0,0,1,0,0,0.000,0.500,0.500
67266,51907,0.000,1,1,0,0,0,0,0,0,0,0,0.000,0.000,0.000
67266,51344,0.333,3,3,1,1,0,0,0,0,0,1,0.667,0.333,1.000
67266,62907,0.000,1,1,0,0,0,0,0,0,0,0,0.000,0.000,0.000
67266,79215,1.000,2,2,2,0,0,0,0,0,0,0,1.000,1.000,2.000
67266,68912,0.000,1,1,0,0,0,0,0,0,0,1,0.000,0.000,0.000
67266,63260,0.000,2,2,0,0,0,0,0,0,0,1,0.000,0.000,0.000
67266,69992,-,0,0,0,0,0,0,0,0,0,0,0.000,0.000,0.000
66291,51907,0.500,2,2,1,0,0,0,0,0,0,0,0.500,0.500,1.000
66291,62907,0.333,3,3,1,0,0,0,0,0,0,0,0.333,0.333,0.666
66291,63963,1.000,2,1,1,0,0,0,0,0,0,0,1.000,1.000,2.000
66291,79215,0.333,3,3,1,0,0,0,1,0,0,0,0.333,0.333,0.666
66291,63260,0.500,2,2,1,0,0,0,0,0,0,0,0.500,0.500,1.000
54263,51907,-,1,0,0,0,0,0,0,1,0,0,0.000,1.000,1.000
54263,51344,0.000,2,2,0,0,0,0,0,0,0,0,0.000,0.000,0.000
54263,62907,1.000,2,2,2,0,0,1,1,0,0,0,2.500,1.000,3.500
54263,63963,0.500,2,2,1,0,0,0,1,0,0,1,0.500,0.500,1.000
54263,79215,0.000,3,2,0,0,0,0,0,1,0,2,0.000,0.333,0.333
54263,68912,0.000,2,1,0,0,0,0,0,1,0,1,0.000,0.500,0.500
54263,63260,0.000,1,1,0,0,0,0,0,0,0,1,0.000,0.000,0.000
54263,67905,0.500,2,2,1,1,0,0,0,0,0,0,1.000,0.500,1.500
54263,68904,0.000,1,1,0,0,0,0,0,0,0,0,0.000,0.000,0.000
54263,69992,0.000,1,1,0,0,0,0,0,0,0,0,0.000,0.000,0.000
54263,50902,0.000,1,1,0,0,0,0,0,0,0,1,0.000,0.000,0.000
68249,51344,-,1,0,0,0,0,0,0,0,1,0,0.000,1.000,1.000
68249,62907,1.000,1,1,1,0,0,0,0,0,0,0,1.000,1.000,2.000
68249,79215,0.000,2,2,0,0,0,0,0,0,0,1,0.000,0.000,0.000
68249,68912,0.000,1,1,0,0,0,0,0,0,0,1,0.000,0.000,0.000
68249,63260,0.000,1,1,0,0,0,0,0,0,0,1,0.000,0.000,0.000
68249,69995,-,1,0,0,0,0,0,0,1,0,0,0.000,1.000,1.000
68249,69992,-,1,0,0,0,0,0,0,0,0,0,0.000,0.000,0.000
67263,51907,0.000,1,1,0,0,0,0,0,0,0,1,0.000,0.000,0.000
67263,62907,0.000,1,1,0,0,0,0,0,0,0,0,0.000,0.000,0.000
52206,51907,1.000,1,1,1,1,0,0,0,0,0,0,2.000,1.000,3.000
52206,68912,0.000,1,1,0,0,0,0,0,0,0,0,0.000,0.000,0.000
52206,67905,-,1,0,0,0,0,0,0,1,0,0,0.000,1.000,1.000
52206,69992,-,1,0,0,0,0,0,0,0,0,0,0.000,0.000,0.000
55239,51907,0.200,5,5,1,0,0,0,1,0,0,0,0.200,0.200,0.400
55239,51344,0.333,5,3,1,0,0,1,2,2,0,0,1.333,0.600,1.933
55239,62907,0.500,2,2,1,0,0,0,0,0,0,1,0.500,0.500,1.000
55239,63963,0.000,5,5,0,0,0,0,1,0,0,0,0.000,0.000,0.000
55239,79215,0.400,5,5,2,0,0,0,1,0,0,0,0.400,0.400,0.800
55239,68912,0.400,5,5,2,1,0,0,1,0,0,3,0.600,0.400,1.000
55239,63260,0.500,4,2,1,0,0,0,1,0,1,0,0.500,0.500,1.000
55239,67905,0.333,4,3,1,0,0,0,0,0,0,1,0.333,0.333,0.666
55239,69992,1.000,1,1,1,0,0,0,0,0,0,0,1.000,1.000,2.000
55239,50902,1.000,3,1,1,1,0,0,0,0,1,0,2.000,1.000,3.000
65639,63260,1.000,1,1,1,0,0,0,1,0,0,0,1.000,1.000,2.000
65639,68904,0.000,1,1,0,0,0,0,0,0,0,0,0.000,0.000,0.000
51264,51907,0.000,3,3,0,0,0,0,0,0,0,0,0.000,0.000,0.000
51264,51344,0.000,2,1,0,0,0,0,0,1,0,0,0.000,0.500,0.500
51264,62907,0.500,3,2,1,0,0,0,0,0,1,0,0.500,0.667,1.167
51264,63963,0.000,2,2,0,0,0,0,0,0,0,0,0.000,0.000,0.000
51264,79215,0.333,3,3,1,1,0,0,0,0,0,1,0.667,0.333,1.000
51264,68912,0.500,2,2,1,0,0,0,0,0,0,1,0.500,0.500,1.000
51264,63260,0.333,3,3,1,1,0,0,2,0,0,0,0.667,0.333,1.000
51264,67905,0.000,2,2,0,0,0,0,0,0,0,1,0.000,0.000,0.000
52204,51907,0.000,2,2,0,0,0,0,0,0,0,0,0.000,0.000,0.000
52204,51344,0.000,1,1,0,0,0,0,0,0,0,0,0.000,0.000,0.000
52204,62907,0.000,2,2,0,0,0,0,0,0,0,1,0.000,0.000,0.000
52204,63963,0.667,3,3,2,0,0,0,2,0,0,0,0.667,0.667,1.334
52204,79215,0.000,1,1,0,0,0,0,0,0,0,0,0.000,0.000,0.000
52204,68912,1.000,1,1,1,0,0,0,0,0,0,0,1.000,1.000,2.000
52204,69995,0.000,1,1,0,0,0,0,0,0,0,0,0.000,0.000,0.000
52204,69992,0.000,1,1,0,0,0,0,1,0,0,0,0.000,0.000,0.000
52204,50902,0.000,1,1,0,0,0,0,0,0,0,0,0.000,0.000,0.000
67266,52591,1.000,2,2,2,0,0,0,0,0,0,0,1.000,1.000,2.000
67266,51551,0.000,1,1,0,0,0,0,0,0,0,0,0.000,0.000,0.000
67266,50150,0.250,4,4,1,0,0,0,1,0,0,1,0.250,0.250,0.500
67266,68205,0.000,4,3,0,0,0,0,1,0,0,1,0.000,0.000,0.000
67266,68507,0.500,3,2,1,1,0,0,1,0,0,0,1.000,0.333,1.333
67266,54598,0.000,1,1,0,0,0,0,0,0,0,0,0.000,0.000,0.000
67266,55530,0.000,1,1,0,0,0,0,0,0,0,1,0.000,0.000,0.000
66291,54529,0.000,4,4,0,0,0,0,0,0,0,1,0.000,0.000,0.000
66291,69517,0.000,3,3,0,0,0,0,0,0,0,3,0.000,0.000,0.000
66291,78513,0.000,2,1,0,0,0,0,0,1,0,0,0.000,0.500,0.500
66291,52591,0.000,1,1,0,0,0,0,0,0,0,0,0.000,0.000,0.000
66291,51551,1.000,2,2,2,1,0,1,2,0,0,0,3.000,1.000,4.000
66291,50150,0.333,3,3,1,0,0,0,0,0,0,0,0.333,0.333,0.666
66291,68205,0.250,4,4,1,1,0,0,0,0,0,1,0.500,0.250,0.750
66291,61102,-,1,0,0,0,0,0,0,1,0,0,0.000,1.000,1.000
66291,68507,0.000,1,1,0,0,0,0,0,0,0,1,0.000,0.000,0.000
66291,50500,0.500,2,2,1,0,0,0,0,0,0,0,0.500,0.500,1.000
66291,52568,0.500,2,2,1,0,0,0,0,0,0,1,0.500,0.500,1.000
54263,54529,0.000,2,2,0,0,0,0,0,0,0,1,0.000,0.000,0.000
54263,69517,0.000,1,1,0,0,0,0,0,0,0,0,0.000,0.000,0.000
54263,52591,0.000,2,2,0,0,0,0,0,0,0,2,0.000,0.000,0.000
54263,68205,0.000,2,1,0,0,0,0,0,1,0,0,0.000,0.500,0.500
54263,61102,0.000,1,1,0,0,0,0,0,0,0,0,0.000,0.000,0.000
54263,68507,-,1,0,0,0,0,0,0,1,0,0,0.000,1.000,1.000
54263,50500,1.000,2,1,1,0,0,0,0,1,0,0,1.000,1.000,2.000
54263,52568,0.000,1,1,0,0,0,0,0,0,0,0,0.000,0.000,0.000
54263,54598,0.000,1,1,0,0,0,0,0,0,0,0,0.000,0.000,0.000
52206,68205,0.000,1,1,0,0,0,0,0,0,0,0,0.000,0.000,0.000
52206,61102,0.000,1,1,0,0,0,0,0,0,0,0,0.000,0.000,0.000
55239,54529,0.444,9,9,4,0,0,0,1,0,0,0,0.444,0.444,0.888
55239,69517,0.333,6,6,2,2,0,0,1,0,0,2,0.667,0.333,1.000
55239,78513,0.167,6,6,1,0,0,0,0,0,0,0,0.167,0.167,0.334
55239,51551,0.833,6,6,5,1,0,0,2,0,0,0,1.000,0.833,1.833
55239,50150,0.286,7,7,2,0,0,0,0,0,0,1,0.286,0.286,0.572
55239,68205,0.625,8,8,5,2,0,0,3,0,0,0,0.875,0.625,1.500
55239,61102,0.400,5,5,2,0,0,1,1,0,0,1,1.000,0.400,1.400
55239,50500,0.000,6,5,0,0,0,0,0,1,0,1,0.000,0.167,0.167
55239,52568,0.000,3,3,0,0,0,0,1,0,0,0,0.000,0.000,0.000
51264,54529,0.333,6,6,2,1,0,0,1,0,0,0,0.500,0.333,0.833
51264,69517,0.000,5,5,0,0,0,0,0,0,0,1,0.000,0.000,0.000
51264,78513,0.667,3,3,2,0,0,0,0,0,0,0,0.667,0.667,1.334
51264,52591,0.000,2,2,0,0,0,0,0,0,0,0,0.000,0.000,0.000
51264,51551,0.167,6,6,1,1,0,0,0,0,0,1,0.333,0.167,0.500
51264,50150,0.000,2,2,0,0,0,0,0,0,0,0,0.000,0.000,0.000
51264,68205,0.200,5,5,1,1,0,0,1,0,0,1,0.400,0.200,0.600
51264,61102,0.667,3,3,2,0,0,0,0,0,0,0,0.667,0.667,1.334
51264,68507,0.333,3,3,1,1,0,0,0,0,0,1,0.667,0.333,1.000
51264,50500,0.000,3,3,0,0,0,0,0,0,0,0,0.000,0.000,0.000
51264,52568,0.000,2,2,0,0,0,0,0,0,0,2,0.000,0.000,0.000
52204,54529,0.500,6,6,3,0,0,1,3,0,0,0,1.000,0.500,1.500
52204,69517,0.500,5,4,2,0,0,1,5,1,0,0,1.250,0.600,1.850
52204,78513,0.000,1,1,0,0,0,0,0,0,0,0,0.000,0.000,0.000
52204,51551,0.667,3,3,2,0,0,0,2,0,0,0,0.667,0.667,1.334
52204,50150,0.000,1,1,0,0,0,0,0,0,0,0,0.000,0.000,0.000
52204,68205,0.500,2,2,1,0,0,0,0,0,0,0,0.500,0.500,1.000
52204,50500,0.500,4,2,1,0,0,0,0,2,0,1,0.500,0.750,1.250
52204,52568,0.500,2,2,1,0,0,0,0,0,0,1,0.500,0.500,1.000
67266,50854,0.500,2,2,1,0,0,0,0,0,0,0,0.500,0.500,1.000
67266,67893,0.000,2,2,0,0,0,0,0,0,0,1,0.000,0.000,0.000
67266,51868,0.000,1,1,0,0,0,0,0,0,0,1,0.000,0.000,0.000
67266,54812,1.000,2,1,1,0,0,0,0,1,0,0,1.000,1.000,2.000
67266,53827,-,1,0,0,0,0,0,0,0,1,0,0.000,1.000,1.000
67266,75847,0.000,1,1,0,0,0,0,0,0,0,1,0.000,0.000,0.000
67266,51865,0.000,1,1,0,0,0,0,0,0,0,0,0.000,0.000,0.000
67266,60558,0.000,1,1,0,0,0,0,0,0,0,0,0.000,0.000,0.000
67266,79456,1.000,1,1,1,0,0,0,0,0,0,0,1.000,1.000,2.000
67266,68868,0.500,2,2,1,0,0,1,2,0,0,0,2.000,0.500,2.500
66291,50854,0.000,4,3,0,0,0,0,0,1,0,2,0.000,0.250,0.250
66291,67893,0.000,4,3,0,0,0,0,0,1,0,1,0.000,0.250,0.250
66291,62895,0.000,3,2,0,0,0,0,0,1,0,0,0.000,0.333,0.333
66291,51868,0.500,2,2,1,0,0,1,3,0,0,1,2.000,0.500,2.500
66291,54812,0.000,4,4,0,0,0,0,0,0,0,2,0.000,0.000,0.000
66291,53827,0.500,2,2,1,0,0,0,0,0,0,1,0.500,0.500,1.000
66291,75847,0.250,4,4,1,1,0,0,0,0,0,2,0.500,0.250,0.750
66291,51865,0.667,3,3,2,0,0,0,0,0,0,0,0.667,0.667,1.334
66291,60558,0.000,1,1,0,0,0,0,0,0,0,0,0.000,0.000,0.000
66291,79456,0.000,1,1,0,0,0,0,0,0,0,0,0.000,0.000,0.000
66291,68868,0.000,1,1,0,0,0,0,0,0,0,0,0.000,0.000,0.000
54263,50854,0.000,1,1,0,0,0,0,0,0,0,1,0.000,0.000,0.000
54263,67893,0.000,1,1,0,0,0,0,0,0,0,0,0.000,0.000,0.000
54263,51868,0.000,2,2,0,0,0,0,0,0,0,0,0.000,0.000,0.000
54263,54812,0.000,1,1,0,0,0,0,0,0,0,0,0.000,0.000,0.000
54263,51865,0.000,1,1,0,0,0,0,0,0,0,0,0.000,0.000,0.000
54263,60558,0.000,1,1,0,0,0,0,0,0,0,0,0.000,0.000,0.000
68249,50854,0.000,1,1,0,0,0,0,0,0,0,0,0.000,0.000,0.000
68249,51868,0.000,1,1,0,0,0,0,0,0,0,1,0.000,0.000,0.000
68249,54812,0.000,1,1,0,0,0,0,0,0,0,1,0.000,0.000,0.000
68249,53827,0.000,1,1,0,0,0,0,0,0,0,0,0.000,0.000,0.000
68249,75847,0.000,1,1,0,0,0,0,0,0,0,0,0.000,0.000,0.000
68249,79456,0.000,1,1,0,0,0,0,0,0,0,0,0.000,0.000,0.000
68249,62934,-,1,0,0,0,0,0,0,1,0,0,0.000,1.000,1.000
55239,50854,0.250,4,4,1,0,0,0,0,0,0,0,0.250,0.250,0.500
55239,67893,0.000,2,2,0,0,0,0,0,0,0,1,0.000,0.000,0.000
55239,51868,0.000,3,2,0,0,0,0,0,1,0,0,0.000,0.333,0.333
55239,54812,0.000,6,5,0,0,0,0,0,0,1,1,0.000,0.167,0.167
55239,53827,0.333,3,3,1,0,0,0,0,0,0,0,0.333,0.333,0.666
55239,75847,0.333,6,6,2,1,0,0,0,0,0,3,0.500,0.333,0.833
55239,51865,0.333,4,3,1,0,0,0,0,0,1,1,0.333,0.500,0.833
55239,66864,0.333,3,3,1,0,0,0,0,0,0,0,0.333,0.333,0.666
55239,60558,0.400,6,5,2,0,0,0,0,1,0,3,0.400,0.500,0.900
55239,62934,0.333,3,3,1,0,0,0,0,0,0,1,0.333,0.333,0.666
55239,50868,0.333,3,3,1,0,0,0,0,0,0,0,0.333,0.333,0.666
51264,50854,0.000,2,1,0,0,0,0,0,1,0,0,0.000,0.500,0.500
51264,67893,0.500,2,2,1,0,0,0,1,0,0,0,0.500,0.500,1.000
51264,62895,0.500,2,2,1,0,0,0,1,0,0,0,0.500,0.500,1.000
51264,54812,0.500,2,2,1,0,1,0,0,0,0,1,1.500,0.500,2.000
51264,51865,0.000,2,2,0,0,0,0,0,0,0,0,0.000,0.000,0.000
51264,66864,0.000,2,2,0,0,0,0,0,0,0,0,0.000,0.000,0.000
52204,50854,0.250,4,4,1,1,0,0,0,0,0,2,0.500,0.250,0.750
52204,67893,0.500,2,2,1,0,0,0,1,0,0,0,0.500,0.500,1.000
52204,75847,0.000,1,1,0,0,0,0,0,0,0,0,0.000,0.000,0.000
52204,51865,0.500,2,2,1,0,0,0,1,0,0,0,0.500,0.500,1.000
52204,60558,0.000,2,2,0,0,0,0,0,0,0,1,0.000,0.000,0.000
52204,68868,0.000,1,1,0,0,0,0,0,0,0,1,0.000,0.000,0.000
67266,69737,1.000,2,1,1,0,0,0,0,1,0,0,1.000,1.000,2.000
67266,79192,0.500,2,2,1,0,0,0,0,0,0,0,0.500,0.500,1.000
67266,78288,0.000,2,1,0,0,0,0,0,0,1,0,0.000,0.500,0.500
67266,66704,0.667,3,3,2,0,0,0,0,0,0,0,0.667,0.667,1.334
67266,54795,1.000,1,1,1,0,0,0,0,0,0,0,1.000,1.000,2.000
67266,65703,0.400,6,5,2,1,0,0,2,0,1,0,0.600,0.500,1.100
67266,64006,0.000,5,4,0,0,0,0,0,0,0,1,0.000,0.000,0.000
67266,68700,0.000,3,2,0,0,0,0,0,0,0,1,0.000,0.000,0.000
66291,69737,0.600,5,5,3,1,0,0,1,0,0,2,0.800,0.600,1.400
66291,53764,0.000,2,2,0,0,0,0,0,0,0,1,0.000,0.000,0.000
66291,79192,0.000,1,1,0,0,0,0,0,0,0,1,0.000,0.000,0.000
66291,66657,1.000,1,1,1,0,0,0,0,0,0,0,1.000,1.000,2.000
66291,66704,1.000,3,1,1,0,0,0,0,1,0,0,1.000,1.000,2.000
66291,54795,0.000,3,3,0,0,0,0,0,0,0,2,0.000,0.000,0.000
66291,65703,0.200,5,5,1,0,0,0,1,0,0,1,0.200,0.200,0.400
66291,64006,0.000,3,3,0,0,0,0,0,0,0,0,0.000,0.000,0.000
66291,50707,0.000,1,1,0,0,0,0,0,0,0,0,0.000,0.000,0.000
54263,53764,0.000,2,1,0,0,0,0,0,0,1,0,0.000,0.500,0.500
54263,79192,0.500,3,2,1,0,0,1,2,1,0,0,2.000,0.667,2.667
54263,66657,0.000,1,1,0,0,0,0,0,0,0,1,0.000,0.000,0.000
54263,54795,0.000,1,1,0,0,0,0,0,0,0,0,0.000,0.000,0.000
54263,65703,0.000,3,2,0,0,0,0,0,0,0,0,0.000,0.000,0.000
54263,64006,0.500,2,2,1,0,0,0,0,0,0,0,0.500,0.500,1.000
54263,50707,0.000,3,3,0,0,0,0,0,0,0,1,0.000,0.000,0.000
68249,69737,0.667,3,3,2,1,0,0,0,0,0,0,1.000,0.667,1.667
68249,53764,0.000,4,4,0,0,0,0,0,0,0,0,0.000,0.000,0.000
68249,79192,1.000,1,1,1,0,0,0,1,0,0,0,1.000,1.000,2.000
68249,78288,0.000,1,1,0,0,0,0,0,0,0,1,0.000,0.000,0.000
68249,66704,0.500,2,2,1,0,0,0,0,0,0,0,0.500,0.500,1.000
68249,65703,0.000,1,1,0,0,0,0,0,0,0,1,0.000,0.000,0.000
68249,64006,0.333,3,3,1,1,0,0,0,0,0,0,0.667,0.333,1.000
68249,68700,0.000,1,1,0,0,0,0,0,0,0,0,0.000,0.000,0.000
52206,69737,1.000,2,1,1,0,0,0,0,0,1,0,1.000,1.000,2.000
52206,53764,0.000,1,1,0,0,0,0,0,0,0,0,0.000,0.000,0.000
52206,79192,1.000,1,1,1,1,0,0,0,0,0,0,2.000,1.000,3.000
52206,78288,1.000,1,1,1,0,0,0,2,0,0,0,1.000,1.000,2.000
52206,66704,0.000,1,1,0,0,0,0,0,0,0,1,0.000,0.000,0.000
52206,54795,-,1,0,0,0,0,0,0,1,0,0,0.000,1.000,1.000
52206,64006,1.000,2,2,2,1,0,0,0,0,0,0,1.500,1.000,2.500
52206,68700,0.000,1,1,0,0,0,0,0,0,0,0,0.000,0.000,0.000
55239,69737,0.000,8,7,0,0,0,0,0,1,0,3,0.000,0.125,0.125
55239,53764,0.667,3,3,2,0,0,0,0,0,0,1,0.667,0.667,1.334
55239,79192,0.000,3,2,0,0,0,0,0,1,0,1,0.000,0.333,0.333
55239,66657,0.000,5,4,0,0,0,0,0,0,1,2,0.000,0.200,0.200
55239,78288,0.500,2,2,1,0,0,0,0,0,0,0,0.500,0.500,1.000
55239,66704,0.286,7,7,2,1,0,0,0,0,0,2,0.429,0.286,0.715
55239,54795,0.000,1,1,0,0,0,0,0,0,0,0,0.000,0.000,0.000
55239,65703,0.600,5,5,3,1,0,0,0,0,0,1,0.800,0.600,1.400
55239,64006,1.000,2,2,2,0,0,0,2,0,0,0,1.000,1.000,2.000
55239,68700,0.333,4,3,1,0,0,0,0,1,0,0,0.333,0.500,0.833
65639,66657,1.000,1,1,1,0,0,0,2,0,0,0,1.000,1.000,2.000
65639,66704,0.000,1,1,0,0,0,0,0,0,0,0,0.000,0.000,0.000
65639,54795,-,1,0,0,0,0,0,0,0,0,0,0.000,0.000,0.000
65639,65703,-,2,0,0,0,0,0,0,2,0,0,0.000,1.000,1.000
65639,50707,0.000,1,1,0,0,0,0,0,0,0,0,0.000,0.000,0.000
51264,69737,0.000,2,1,0,0,0,0,0,1,0,0,0.000,0.500,0.500
51264,53764,0.000,2,1,0,0,0,0,1,0,0,0,0.000,0.000,0.000
51264,78288,0.000,2,2,0,0,0,0,0,0,0,1,0.000,0.000,0.000
51264,66704,0.000,2,2,0,0,0,0,0,0,0,0,0.000,0.000,0.000
51264,65703,0.500,2,2,1,0,0,0,1,0,0,0,0.500,0.500,1.000
51264,64006,0.500,2,2,1,0,0,0,0,0,0,0,0.500,0.500,1.000
51264,68700,0.667,3,3,2,1,0,0,1,0,0,0,1.000,0.667,1.667
52204,69737,0.500,6,4,2,0,0,1,2,2,0,1,1.250,0.667,1.917
52204,53764,0.286,7,7,2,0,0,0,2,0,0,1,0.286,0.286,0.572
52204,79192,0.000,1,1,0,0,0,0,0,0,0,0,0.000,0.000,0.000
52204,66657,-,1,0,0,0,0,0,0,0,1,0,0.000,1.000,1.000
52204,66704,0.000,2,2,0,0,0,0,0,0,0,1,0.000,0.000,0.000
52204,54795,0.000,1,1,0,0,0,0,0,0,0,0,0.000,0.000,0.000
52204,50707,0.000,2,2,0,0,0,0,0,0,0,1,0.000,0.000,0.000
67266,55392,0.000,1,1,0,0,0,0,0,0,0,0,0.000,0.000,0.000
67266,53312,0.000,2,2,0,0,0,0,0,0,0,2,0.000,0.000,0.000
67266,55397,1.000,1,1,1,0,0,0,0,0,0,0,1.000,1.000,2.000
67266,62332,0.000,2,2,0,0,0,0,0,0,0,2,0.000,0.000,0.000
66291,76267,0.500,2,2,1,1,0,0,1,0,0,1,1.000,0.500,1.500
66291,53312,0.000,2,2,0,0,0,0,0,0,0,0,0.000,0.000,0.000
66291,64346,1.000,1,1,1,0,0,0,1,0,0,0,1.000,1.000,2.000
54263,50167,-,1,0,0,0,0,0,0,1,0,0,0.000,1.000,1.000
54263,76267,1.000,1,1,1,1,0,0,1,0,0,0,2.000,1.000,3.000
54263,64340,0.000,1,1,0,0,0,0,0,0,0,1,0.000,0.000,0.000
54263,78756,0.000,1,1,0,0,0,0,0,0,0,1,0.000,0.000,0.000
54263,64346,0.000,1,1,0,0,0,0,0,0,0,1,0.000,0.000,0.000
68249,50167,1.000,1,1,1,0,1,0,0,0,0,0,3.000,1.000,4.000
68249,76267,1.000,1,1,1,0,0,0,1,0,0,0,1.000,1.000,2.000
68249,64340,0.000,1,1,0,0,0,0,0,0,0,1,0.000,0.000,0.000
68249,55392,0.000,1,1,0,0,0,0,0,0,0,1,0.000,0.000,0.000
68249,53312,0.000,2,2,0,0,0,0,0,0,0,0,0.000,0.000,0.000
52206,76267,1.000,1,1,1,0,0,0,0,0,0,0,1.000,1.000,2.000
52206,64346,0.000,1,1,0,0,0,0,0,0,0,0,0.000,0.000,0.000
55239,64346,0.000,2,2,0,0,0,0,0,0,0,0,0.000,0.000,0.000
51264,50167,0.000,2,2,0,0,0,0,0,0,0,1,0.000,0.000,0.000
51264,76267,0.500,2,2,1,0,0,0,1,0,0,0,0.500,0.500,1.000
51264,64340,-,1,0,0,0,0,0,0,1,0,0,0.000,1.000,1.000
51264,55392,0.500,2,2,1,0,0,0,0,0,0,1,0.500,0.500,1.000
51264,53312,0.250,4,4,1,1,0,0,0,0,0,2,0.500,0.250,0.750
51264,64346,0.000,3,3,0,0,0,0,0,0,0,2,0.000,0.000,0.000
52204,50167,0.000,1,1,0,0,0,0,1,0,0,0,0.000,0.000,0.000
52204,76267,0.000,2,1,0,0,0,0,1,0,0,0,0.000,0.000,0.000
52204,64340,1.000,1,1,1,0,0,0,0,0,0,0,1.000,1.000,2.000
52204,55392,0.000,1,1,0,0,0,0,0,0,0,1,0.000,0.000,0.000
52204,53312,0.000,3,2,0,0,0,0,0,1,0,1,0.000,0.333,0.333
52204,50357,0.000,1,1,0,0,0,0,0,0,0,1,0.000,0.000,0.000
67954,54400,0.500,2,2,1,0,0,0,0,0,0,0,0.500,0.500,1.000
67954,62404,0.000,3,2,0,0,0,0,0,1,0,0,0.000,0.333,0.333
67954,67449,0.000,4,4,0,0,0,0,0,0,0,0,0.000,0.000,0.000
67954,62234,1.000,2,2,2,1,0,1,5,0,0,0,3.000,1.000,4.000
67954,50458,-,3,0,0,0,0,0,0,3,0,0,0.000,1.000,1.000
67954,69418,1.000,2,2,2,0,1,0,3,0,0,0,2.000,1.000,3.000
67954,65586,-,1,0,0,0,0,0,0,1,0,0,0.000,1.000,1.000
69969,54400,0.000,1,1,0,0,0,0,0,0,0,0,0.000,0.000,0.000
69969,62404,0.000,4,3,0,0,0,0,1,1,0,1,0.000,0.250,0.250
69969,52415,0.000,2,1,0,0,0,0,0,1,0,0,0.000,0.500,0.500
69969,67449,0.333,3,3,1,0,0,0,1,0,0,0,0.333,0.333,0.666
69969,52430,-,1,0,0,0,0,0,0,1,0,0,0.000,1.000,1.000
69969,74540,1.000,2,1,1,0,0,0,0,1,0,0,1.000,1.000,2.000
69969,62234,0.000,4,4,0,0,0,0,0,0,0,0,0.000,0.000,0.000
69969,50458,0.000,5,4,0,0,0,0,0,0,0,0,0.000,0.000,0.000
69969,69418,0.333,3,3,1,0,0,0,1,0,0,0,0.333,0.333,0.666
69969,61404,0.000,1,1,0,0,0,0,0,0,0,0,0.000,0.000,0.000
69969,65586,0.333,4,3,1,0,0,0,0,0,1,2,0.333,0.500,0.833
64995,54400,1.000,2,1,1,0,0,0,2,0,0,0,1.000,0.500,1.500
64995,62404,0.000,2,1,0,0,0,0,0,1,0,0,0.000,0.500,0.500
64995,52415,0.000,2,1,0,0,0,0,0,0,0,0,0.000,0.000,0.000
64995,67449,-,1,0,0,0,0,0,0,1,0,0,0.000,1.000,1.000
64995,74540,0.333,3,3,1,0,0,0,0,0,0,1,0.333,0.333,0.666
64995,62234,1.000,2,2,2,0,0,0,0,0,0,0,1.000,1.000,2.000
64995,50458,1.000,2,2,2,0,0,0,1,0,0,0,1.000,1.000,2.000
64995,69418,0.000,2,2,0,0,0,0,0,0,0,0,0.000,0.000,0.000
64995,66409,0.000,1,1,0,0,0,0,0,0,0,1,0.000,0.000,0.000
64995,65586,0.667,3,3,2,2,0,0,2,0,0,0,1.333,0.667,2.000
65949,54400,0.333,3,3,1,0,0,1,1,0,0,1,1.333,0.333,1.666
65949,62404,0.000,1,1,0,0,0,0,0,0,0,1,0.000,0.000,0.000
65949,52415,0.000,1,1,0,0,0,0,0,0,0,0,0.000,0.000,0.000
65949,67449,0.000,2,1,0,0,0,0,0,0,0,0,0.000,0.000,0.000
65949,74540,0.000,1,1,0,0,0,0,0,0,0,0,0.000,0.000,0.000
65949,62234,0.000,1,1,0,0,0,0,0,0,0,1,0.000,0.000,0.000
65949,50458,1.000,1,1,1,0,0,0,1,0,0,0,1.000,1.000,2.000
65949,69418,0.000,2,1,0,0,0,0,0,1,0,1,0.000,0.500,0.500
65949,66409,1.000,1,1,1,0,0,0,0,0,0,0,1.000,1.000,2.000
65949,65586,0.000,2,2,0,0,0,0,0,0,0,2,0.000,0.000,0.000
54904,62404,0.000,1,1,0,0,0,0,0,0,0,0,0.000,0.000,0.000
54904,52415,0.000,1,1,0,0,0,0,0,0,0,1,0.000,0.000,0.000
54904,67449,0.500,2,2,1,0,0,0,0,0,0,0,0.500,0.500,1.000
54904,62234,0.000,3,2,0,0,0,0,0,1,0,2,0.000,0.333,0.333
54904,69418,0.000,3,3,0,0,0,0,0,0,0,2,0.000,0.000,0.000
54904,65586,0.500,3,2,1,1,0,0,0,1,0,1,1.000,0.667,1.667
68900,54400,0.000,3,3,0,0,0,0,0,0,0,2,0.000,0.000,0.000
68900,62404,0.000,2,2,0,0,0,0,0,0,0,0,0.000,0.000,0.000
68900,67449,1.000,1,1,1,0,0,0,0,0,0,0,1.000,1.000,2.000
68900,62234,0.000,2,2,0,0,0,0,0,0,0,1,0.000,0.000,0.000
68900,50458,-,1,0,0,0,0,0,0,1,0,0,0.000,1.000,1.000
68900,69418,0.000,1,1,0,0,0,0,0,0,0,0,0.000,0.000,0.000
63959,54400,0.000,1,1,0,0,0,0,0,0,0,0,0.000,0.000,0.000
63959,62404,0.000,2,2,0,0,0,0,0,0,0,1,0.000,0.000,0.000
63959,67449,0.000,1,1,0,0,0,0,0,0,0,0,0.000,0.000,0.000
63959,50458,0.000,1,1,0,0,0,0,0,0,0,0,0.000,0.000,0.000
63959,61404,0.000,1,1,0,0,0,0,0,0,0,0,0.000,0.000,0.000
55903,54400,0.000,3,3,0,0,0,0,0,0,0,2,0.000,0.000,0.000
55903,62404,0.500,3,2,1,0,0,0,0,1,0,1,0.500,0.667,1.167
55903,52430,0.000,3,3,0,0,0,0,0,0,0,3,0.000,0.000,0.000
55903,74540,0.000,3,3,0,0,0,0,0,0,0,0,0.000,0.000,0.000
55903,62234,0.000,3,3,0,0,0,0,0,0,0,1,0.000,0.000,0.000
55903,50458,0.333,3,3,1,0,0,0,0,0,0,1,0.333,0.333,0.666
55903,65040,0.000,3,3,0,0,0,0,0,0,0,2,0.000,0.000,0.000
68902,54400,0.000,3,1,0,0,0,0,1,1,0,0,0.000,0.333,0.333
68902,62404,0.000,3,1,0,0,0,0,0,2,0,0,0.000,0.667,0.667
68902,67449,0.000,3,3,0,0,0,0,0,0,0,0,0.000,0.000,0.000
68902,50458,0.000,3,3,0,0,0,0,0,0,0,0,0.000,0.000,0.000
68902,65586,0.500,2,2,1,1,0,0,0,0,0,0,1.000,0.500,1.500
52992,54400,1.000,2,1,1,0,0,0,0,1,0,0,1.000,1.000,2.000
52992,52415,0.000,1,1,0,0,0,0,0,0,0,0,0.000,0.000,0.000
52992,74540,0.000,1,1,0,0,0,0,0,0,0,1,0.000,0.000,0.000
52992,62234,0.500,2,2,1,0,0,0,2,0,0,0,0.500,0.500,1.000
52992,50458,1.000,2,1,1,0,0,0,0,1,0,0,1.000,1.000,2.000
52992,69418,0.000,3,3,0,0,0,0,0,0,0,1,0.000,0.000,0.000
52992,61404,0.000,1,1,0,0,0,0,0,0,0,0,0.000,0.000,0.000
52992,66409,0.000,2,1,0,0,0,0,0,1,0,0,0.000,0.500,0.500
52992,65586,0.500,2,2,1,0,0,0,1,0,0,0,0.500,0.500,1.000
67954,52001,0.000,2,2,0,0,0,0,0,0,0,0,0.000,0.000,0.000
67954,79240,0.000,1,1,0,0,0,0,0,0,0,0,0.000,0.000,0.000
67954,79402,0.000,1,1,0,0,0,0,0,0,0,0,0.000,0.000,0.000
67954,64004,1.000,1,1,1,1,0,0,0,0,0,0,2.000,1.000,3.000
67954,51003,0.000,1,1,0,0,0,0,0,0,0,1,0.000,0.000,0.000
67954,64166,-,1,0,0,0,0,0,0,0,0,0,0.000,0.000,0.000
67954,64504,0.000,2,1,0,0,0,0,0,1,0,1,0.000,0.500,0.500
67954,66706,1.000,1,1,1,0,0,0,0,0,0,0,1.000,1.000,2.000
67954,67644,0.000,1,1,0,0,0,0,0,0,0,0,0.000,0.000,0.000
69969,79240,0.500,3,2,1,1,0,0,2,0,1,0,1.000,0.667,1.667
69969,79402,0.333,3,3,1,0,0,0,0,0,0,1,0.333,0.333,0.666
69969,64004,0.000,4,3,0,0,0,0,1,0,0,1,0.000,0.000,0.000
69969,64166,0.000,2,2,0,0,0,0,0,0,0,2,0.000,0.000,0.000
69969,64504,-,1,0,0,0,0,0,0,1,0,0,0.000,1.000,1.000
69969,66706,0.000,1,1,0,0,0,0,0,0,0,0,0.000,0.000,0.000
69969,67644,0.000,2,2,0,0,0,0,0,0,0,0,0.000,0.000,0.000
64995,79240,0.000,1,1,0,0,0,0,0,0,0,0,0.000,0.000,0.000
64995,79402,0.000,1,1,0,0,0,0,0,0,0,0,0.000,0.000,0.000
64995,64166,0.000,1,1,0,0,0,0,0,0,0,0,0.000,0.000,0.000
64995,67644,-,2,0,0,0,0,0,0,2,0,0,0.000,1.000,1.000
65949,79240,-,1,0,0,0,0,0,0,0,1,0,0.000,1.000,1.000
65949,78548,0.000,2,1,0,0,0,0,0,1,0,0,0.000,0.500,0.500
65949,79402,-,1,0,0,0,0,0,0,0,0,0,0.000,0.000,0.000
65949,64004,1.000,1,1,1,0,0,0,0,0,0,0,1.000,1.000,2.000
65949,51003,0.000,1,1,0,0,0,0,0,0,0,1,0.000,0.000,0.000
65949,64166,-,1,0,0,0,0,0,1,0,1,0,0.000,1.000,1.000
65949,64115,1.000,1,1,1,0,0,1,1,0,0,0,4.000,1.000,5.000
65949,67644,-,2,0,0,0,0,0,1,2,0,0,0.000,1.000,1.000
54904,52001,1.000,2,1,1,0,0,0,2,1,0,0,1.000,1.000,2.000
54904,79240,0.000,1,1,0,0,0,0,0,0,0,0,0.000,0.000,0.000
54904,78548,0.000,1,1,0,0,0,0,0,0,0,1,0.000,0.000,0.000
54904,64004,0.500,2,2,1,0,0,0,1,0,0,1,0.500,0.500,1.000
54904,51003,0.000,3,1,0,0,0,0,0,2,0,0,0.000,0.667,0.667
68900,79240,1.000,1,1,1,0,0,0,1,0,0,0,1.000,1.000,2.000
68900,78548,0.000,3,2,0,0,0,0,0,1,0,2,0.000,0.333,0.333
68900,79402,-,1,0,0,0,0,0,0,1,0,0,0.000,1.000,1.000
68900,64004,1.000,1,1,1,0,0,0,0,0,0,0,1.000,1.000,2.000
68900,51003,0.000,2,1,0,0,0,0,0,0,0,0,0.000,0.000,0.000
68900,64115,-,1,0,0,0,0,0,0,0,0,0,0.000,0.000,0.000
66920,79240,1.000,1,1,1,0,0,0,0,0,0,0,1.000,1.000,2.000
66920,78548,0.000,1,1,0,0,0,0,0,0,0,0,0.000,0.000,0.000
66920,64166,-,1,0,0,0,0,0,0,1,0,0,0.000,1.000,1.000
63959,52001,0.000,1,1,0,0,0,0,0,0,0,1,0.000,0.000,0.000
63959,79240,1.000,1,1,1,1,0,0,1,0,0,0,2.000,1.000,3.000
63959,64166,0.000,1,1,0,0,0,0,0,0,0,1,0.000,0.000,0.000
63959,64115,1.000,1,1,1,0,0,0,0,0,0,0,1.000,1.000,2.000
55903,52001,0.000,3,2,0,0,0,0,0,1,0,1,0.000,0.333,0.333
55903,79240,0.200,5,5,1,0,0,0,0,0,0,1,0.200,0.200,0.400
55903,79402,0.400,5,5,2,0,0,0,1,0,0,0,0.400,0.400,0.800
55903,64004,0.200,5,5,1,0,0,0,0,0,0,2,0.200,0.200,0.400
55903,51003,0.000,2,2,0,0,0,0,0,0,0,0,0.000,0.000,0.000
55903,64115,0.000,2,1,0,0,0,0,0,1,0,1,0.000,0.500,0.500
68902,52001,0.667,3,3,2,1,0,0,0,0,0,0,1.000,0.667,1.667
68902,79240,0.500,2,2,1,1,0,0,0,0,0,0,1.000,0.500,1.500
68902,78548,0.667,3,3,2,0,0,2,4,0,0,0,2.667,0.667,3.334
68902,79402,0.000,1,1,0,0,0,0,0,0,0,0,0.000,0.000,0.000
68902,67644,0.000,3,3,0,0,0,0,0,0,0,0,0.000,0.000,0.000
52992,79240,-,1,0,0,0,0,0,0,0,1,0,0.000,1.000,1.000
52992,79402,0.000,2,2,0,0,0,0,0,0,0,0,0.000,0.000,0.000
52992,64004,-,1,0,0,0,0,0,0,0,0,0,0.000,0.000,0.000
52992,51003,0.000,1,1,0,0,0,0,0,0,0,0,0.000,0.000,0.000
52992,67644,1.000,1,1,1,0,0,0,0,0,0,0,1.000,1.000,2.000
67954,69102,0.000,2,1,0,0,0,0,0,1,0,0,0.000,0.500,0.500
67954,62415,0.667,3,3,2,0,0,0,0,0,0,1,0.667,0.667,1.334
67954,68119,1.000,3,2,2,0,0,0,1,1,0,0,1.000,1.000,2.000
67954,65207,0.000,3,2,0,0,0,0,0,1,0,0,0.000,0.333,0.333
67954,79365,0.000,3,3,0,0,0,0,1,0,0,0,0.000,0.000,0.000
67954,53123,0.000,3,2,0,0,0,0,0,1,0,1,0.000,0.333,0.333
67954,79109,-,2,0,0,0,0,0,0,2,0,0,0.000,1.000,1.000
67954,69100,0.333,3,3,1,0,0,0,0,0,0,1,0.333,0.333,0.666
67954,66108,0.000,4,3,0,0,0,0,0,1,0,1,0.000,0.250,0.250
67954,68110,0.000,1,1,0,0,0,0,0,0,0,0,0.000,0.000,0.000
67954,52103,0.000,1,1,0,0,0,0,0,0,0,1,0.000,0.000,0.000
69969,69102,0.000,2,1,0,0,0,0,0,1,0,1,0.000,0.500,0.500
69969,62415,0.500,4,2,1,0,0,0,1,1,0,0,0.500,0.500,1.000
69969,68119,0.000,2,2,0,0,0,0,0,0,0,0,0.000,0.000,0.000
69969,65207,0.250,4,4,1,0,0,0,0,0,0,0,0.250,0.250,0.500
69969,79365,0.000,2,2,0,0,0,0,0,0,0,1,0.000,0.000,0.000
69969,53123,0.500,4,2,1,0,1,0,0,1,1,1,1.500,0.750,2.250
69969,79109,0.000,1,1,0,0,0,0,0,0,0,1,0.000,0.000,0.000
69969,69100,0.333,3,3,1,0,0,0,1,0,0,0,0.333,0.333,0.666
69969,66108,0.500,5,4,2,0,0,0,2,0,0,1,0.500,0.400,0.900
69969,50054,0.000,1,1,0,0,0,0,0,0,0,0,0.000,0.000,0.000
69969,68110,1.000,3,2,2,1,1,0,2,0,1,0,2.500,1.000,3.500
69969,52154,0.000,2,2,0,0,0,0,0,0,0,0,0.000,0.000,0.000
69969,52103,0.000,1,1,0,0,0,0,0,0,0,0,0.000,0.000,0.000
69969,51100,1.000,1,1,1,1,0,0,1,0,0,0,2.000,1.000,3.000
64995,69102,1.000,2,2,2,1,0,0,0,0,0,0,1.500,1.000,2.500
64995,62415,0.000,3,2,0,0,0,0,0,1,0,1,0.000,0.333,0.333
64995,53123,0.500,3,2,1,0,0,1,3,0,1,0,2.000,0.667,2.667
64995,79109,1.000,1,1,1,0,0,1,3,0,0,0,4.000,1.000,5.000
64995,69100,0.000,2,2,0,0,0,0,0,0,0,0,0.000,0.000,0.000
64995,66108,0.000,1,1,0,0,0,0,0,0,0,0,0.000,0.000,0.000
64995,50054,0.000,1,1,0,0,0,0,0,0,0,1,0.000,0.000,0.000
64995,68110,0.000,2,1,0,0,0,0,0,1,0,1,0.000,0.500,0.500
65949,62415,1.000,1,1,1,0,0,0,0,0,0,0,1.000,1.000,2.000
65949,68119,1.000,1,1,1,0,0,0,0,0,0,0,1.000,1.000,2.000
65949,65207,0.250,4,4,1,0,0,0,1,0,0,1,0.250,0.250,0.500
65949,79365,-,2,0,0,0,0,0,0,1,0,0,0.000,1.000,1.000
65949,53123,0.000,1,1,0,0,0,0,0,0,0,0,0.000,0.000,0.000
65949,79109,1.000,1,1,1,0,0,1,2,0,0,0,4.000,1.000,5.000
65949,69100,0.500,2,2,1,0,0,0,0,0,0,1,0.500,0.500,1.000
65949,66108,0.250,4,4,1,1,0,0,0,0,0,0,0.500,0.250,0.750
65949,50054,1.000,1,1,1,0,0,0,0,0,0,0,1.000,1.000,2.000
65949,52154,0.000,1,1,0,0,0,0,0,0,0,1,0.000,0.000,0.000
65949,51100,0.000,2,2,0,0,0,0,0,0,0,1,0.000,0.000,0.000
54904,69102,1.000,1,1,1,0,0,0,0,0,0,0,1.000,1.000,2.000
54904,62415,0.000,1,1,0,0,0,0,0,0,0,0,0.000,0.000,0.000
54904,68119,-,1,0,0,0,0,0,0,0,1,0,0.000,1.000,1.000
54904,65207,1.000,2,1,1,0,0,0,0,0,0,0,1.000,1.000,2.000
54904,79365,0.500,2,2,1,0,0,0,0,0,0,1,0.500,0.500,1.000
54904,53123,1.000,1,1,1,0,0,1,3,0,0,0,4.000,1.000,5.000
54904,69100,1.000,1,1,1,0,0,0,0,0,0,0,1.000,1.000,2.000
54904,66108,0.000,1,1,0,0,0,0,0,0,0,1,0.000,0.000,0.000
54904,68110,0.000,1,1,0,0,0,0,0,0,0,0,0.000,0.000,0.000
68900,69102,1.000,1,1,1,0,0,0,0,0,0,0,1.000,1.000,2.000
68900,53123,0.000,1,1,0,0,0,0,0,0,0,0,0.000,0.000,0.000
68900,69100,1.000,1,1,1,0,0,0,1,0,0,0,1.000,1.000,2.000
68900,50054,0.000,1,1,0,0,0,0,0,0,0,0,0.000,0.000,0.000
68900,68110,0.000,1,1,0,0,0,0,0,0,0,0,0.000,0.000,0.000
63959,65207,1.000,2,1,1,0,0,0,0,1,0,0,1.000,1.000,2.000
63959,53123,0.000,1,1,0,0,0,0,0,0,0,0,0.000,0.000,0.000
63959,66108,0.500,2,2,1,0,0,0,2,0,0,0,0.500,0.500,1.000
63959,50054,0.000,2,2,0,0,0,0,0,0,0,0,0.000,0.000,0.000
55903,69102,0.333,3,3,1,0,0,1,1,0,0,2,1.333,0.333,1.666
55903,62415,0.000,3,3,0,0,0,0,0,0,0,2,0.000,0.000,0.000
55903,68119,0.333,3,3,1,0,0,0,0,0,0,1,0.333,0.333,0.666
55903,65207,0.000,3,2,0,0,0,0,0,1,0,0,0.000,0.333,0.333
55903,79365,0.333,3,3,1,0,0,0,0,0,0,2,0.333,0.333,0.666
55903,53123,0.333,3,3,1,0,0,1,2,0,0,2,1.333,0.333,1.666
55903,79109,0.000,3,3,0,0,0,0,0,0,0,3,0.000,0.000,0.000
55903,69100,0.000,1,1,0,0,0,0,0,0,0,1,0.000,0.000,0.000
55903,66108,0.667,3,3,2,1,0,0,0,0,0,0,1.000,0.667,1.667
68902,69102,0.000,4,3,0,0,0,0,0,1,0,1,0.000,0.250,0.250
68902,62415,0.400,5,5,2,1,0,0,0,0,0,1,0.600,0.400,1.000
68902,65207,0.500,2,2,1,0,0,0,0,0,0,0,0.500,0.500,1.000
68902,79365,0.000,2,2,0,0,0,0,0,0,0,0,0.000,0.000,0.000
68902,53123,0.000,4,4,0,0,0,0,0,0,0,1,0.000,0.000,0.000
68902,79109,0.500,2,2,1,0,0,0,0,0,0,1,0.500,0.500,1.000
68902,69100,1.000,2,2,2,0,0,0,2,0,0,0,1.000,1.000,2.000
68902,66108,0.000,6,5,0,0,0,0,0,1,0,1,0.000,0.167,0.167
68902,50054,0.500,4,4,2,1,0,0,1,0,0,0,0.750,0.500,1.250
68902,68110,0.000,2,1,0,0,0,0,0,0,1,1,0.000,0.500,0.500
68902,52154,0.000,1,1,0,0,0,0,0,0,0,0,0.000,0.000,0.000
68902,51100,0.500,2,2,1,0,0,0,0,0,0,0,0.500,0.500,1.000
52992,69102,-,1,0,0,0,0,0,0,1,0,0,0.000,1.000,1.000
52992,62415,1.000,1,1,1,0,0,0,0,0,0,0,1.000,1.000,2.000
52992,65207,0.000,1,1,0,0,0,0,0,0,0,0,0.000,0.000,0.000
52992,53123,0.000,1,1,0,0,0,0,0,0,0,0,0.000,0.000,0.000
52992,69100,0.000,2,1,0,0,0,0,0,1,0,0,0.000,0.500,0.500
52992,66108,0.000,1,1,0,0,0,0,0,0,0,0,0.000,0.000,0.000
52992,52154,0.000,1,1,0,0,0,0,0,0,0,1,0.000,0.000,0.000
52992,52103,0.000,1,1,0,0,0,0,0,0,0,0,0.000,0.000,0.000
67954,69636,0.000,1,1,0,0,0,0,0,0,0,1,0.000,0.000,0.000
67954,62947,0.500,2,2,1,0,0,0,0,0,0,1,0.500,0.500,1.000
67954,78603,0.000,1,1,0,0,0,0,0,0,0,0,0.000,0.000,0.000
67954,68646,0.000,2,1,0,0,0,0,0,1,0,1,0.000,0.500,0.500
67954,66614,0.000,1,1,0,0,0,0,0,0,0,0,0.000,0.000,0.000
67954,52667,0.000,1,1,0,0,0,0,0,0,0,0,0.000,0.000,0.000
67954,61353,0.000,1,1,0,0,0,0,0,0,0,1,0.000,0.000,0.000
67954,52605,-,2,0,0,0,0,0,0,2,0,0,0.000,1.000,1.000
69969,69636,0.000,1,1,0,0,0,0,0,0,0,0,0.000,0.000,0.000
69969,65653,0.250,4,4,1,0,0,0,0,0,0,1,0.250,0.250,0.500
69969,62947,0.000,1,1,0,0,0,0,0,0,0,0,0.000,0.000,0.000
69969,78603,0.500,4,4,2,0,0,0,0,0,0,1,0.500,0.500,1.000
69969,68646,0.000,1,1,0,0,0,0,0,0,0,0,0.000,0.000,0.000
69969,78122,-,2,0,0,0,0,0,0,1,0,0,0.000,1.000,1.000
69969,66614,0.000,1,1,0,0,0,0,0,0,0,0,0.000,0.000,0.000
69969,61353,0.000,2,2,0,0,0,0,0,0,0,0,0.000,0.000,0.000
69969,52605,0.000,3,3,0,0,0,0,0,0,0,0,0.000,0.000,0.000
64995,65653,0.000,4,2,0,0,0,0,1,0,0,1,0.000,0.000,0.000
64995,62947,0.500,2,2,1,0,0,0,0,0,0,1,0.500,0.500,1.000
64995,78603,0.000,3,2,0,0,0,0,0,1,0,0,0.000,0.333,0.333
64995,68646,0.000,2,1,0,0,0,0,0,1,0,1,0.000,0.500,0.500
64995,78122,0.000,2,1,0,0,0,0,0,1,0,0,0.000,0.500,0.500
65949,65653,0.500,2,2,1,0,0,1,3,0,0,0,2.000,0.500,2.500
65949,78603,0.000,1,1,0,0,0,0,0,0,0,1,0.000,0.000,0.000
65949,68646,1.000,1,1,1,1,0,0,0,0,0,0,2.000,1.000,3.000
65949,52605,0.000,1,1,0,0,0,0,0,0,0,0,0.000,0.000,0.000
54904,65653,0.500,2,2,1,0,0,0,0,0,0,0,0.500,0.500,1.000
54904,62947,1.000,2,1,1,0,0,1,1,1,0,0,4.000,1.000,5.000
54904,78603,0.000,2,2,0,0,0,0,0,0,0,0,0.000,0.000,0.000
54904,78122,0.000,1,1,0,0,0,0,0,0,0,0,0.000,0.000,0.000
54904,61353,0.000,1,1,0,0,0,0,0,0,0,0,0.000,0.000,0.000
54904,52605,0.000,1,1,0,0,0,0,0,0,0,0,0.000,0.000,0.000
68900,65653,0.500,2,2,1,0,0,0,0,0,0,0,0.500,0.500,1.000
68900,62947,0.000,2,1,0,0,0,0,0,0,1,0,0.000,0.500,0.500
68900,78603,0.000,1,1,0,0,0,0,0,0,0,0,0.000,0.000,0.000
68900,68646,1.000,1,1,1,0,0,1,1,0,0,0,4.000,1.000,5.000
68900,66614,0.000,2,1,0,0,0,0,0,0,0,0,0.000,0.000,0.000
68900,52605,-,2,0,0,0,0,0,0,2,0,0,0.000,1.000,1.000
63959,68646,0.000,1,1,0,0,0,0,0,0,0,1,0.000,0.000,0.000
63959,66614,0.000,1,1,0,0,0,0,0,0,0,0,0.000,0.000,0.000
55903,65653,0.333,3,3,1,1,0,0,0,0,0,1,0.667,0.333,1.000
55903,62947,0.333,3,3,1,1,0,0,1,0,0,0,0.667,0.333,1.000
55903,78603,0.000,2,2,0,0,0,0,0,0,0,1,0.000,0.000,0.000
55903,68646,0.000,3,3,0,0,0,0,0,0,0,1,0.000,0.000,0.000
55903,66614,0.000,2,1,0,0,0,0,0,1,0,1,0.000,0.500,0.500
55903,52605,0.500,3,2,1,1,0,0,1,0,0,0,1.000,0.333,1.333
68902,69636,0.500,2,2,1,0,0,0,0,0,0,0,0.500,0.500,1.000
68902,65653,0.500,2,2,1,1,0,0,0,0,0,0,1.000,0.500,1.500
68902,62947,0.500,2,2,1,0,0,1,1,0,0,0,2.000,0.500,2.500
68902,78603,0.500,2,2,1,0,0,0,1,0,0,0,0.500,0.500,1.000
68902,68646,0.000,2,1,0,0,0,0,0,1,0,0,0.000,0.500,0.500
68902,66614,0.000,1,1,0,0,0,0,0,0,0,0,0.000,0.000,0.000
68902,52605,0.500,2,2,1,0,0,1,2,0,0,0,2.000,0.500,2.500
52992,62947,0.000,1,1,0,0,0,0,0,0,0,0,0.000,0.000,0.000
52992,78603,0.000,1,1,0,0,0,0,0,0,0,0,0.000,0.000,0.000
52992,52605,0.000,1,1,0,0,0,0,0,0,0,1,0.000,0.000,0.000
67954,79231,0.500,2,2,1,0,0,0,2,0,0,1,0.500,0.500,1.000
67954,76232,0.000,3,1,0,0,0,0,1,2,0,0,0.000,0.667,0.667
67954,63123,0.000,3,1,0,0,0,0,0,1,1,0,0.000,0.667,0.667
67954,67207,0.000,1,1,0,0,0,0,0,0,0,0,0.000,0.000,0.000
67954,53554,1.000,1,1,1,1,0,0,0,0,0,0,2.000,1.000,3.000
67954,63257,0.000,1,1,0,0,0,0,0,0,0,1,0.000,0.000,0.000
67954,51203,0.500,3,2,1,1,0,0,0,0,0,0,1.000,0.500,1.500
67954,66209,-,1,0,0,0,0,0,0,1,0,0,0.000,1.000,1.000
69969,79231,-,1,0,0,0,0,0,0,0,0,0,0.000,0.000,0.000
69969,76232,0.000,2,1,0,0,0,0,0,1,0,0,0.000,0.500,0.500
69969,63123,0.000,1,1,0,0,0,0,1,0,0,0,0.000,0.000,0.000
69969,50208,-,1,0,0,0,0,0,0,1,0,0,0.000,1.000,1.000
69969,67207,0.000,1,1,0,0,0,0,0,0,0,0,0.000,0.000,0.000
69969,55252,0.500,3,2,1,0,0,0,1,1,0,0,0.500,0.667,1.167
69969,53554,0.500,2,2,1,0,0,0,1,0,0,1,0.500,0.500,1.000
69969,51203,0.500,2,2,1,0,0,0,0,0,0,0,0.500,0.500,1.000
69969,66209,1.000,2,2,2,0,0,0,0,0,0,0,1.000,1.000,2.000
64995,79231,0.000,3,3,0,0,0,0,0,0,0,1,0.000,0.000,0.000
64995,76232,0.500,2,2,1,0,0,0,1,0,0,0,0.500,0.500,1.000
64995,53554,1.000,1,1,1,0,0,0,0,0,0,0,1.000,1.000,2.000
64995,63257,-,1,0,0,0,0,0,0,1,0,0,0.000,1.000,1.000
64995,51203,0.000,1,1,0,0,0,0,0,0,0,0,0.000,0.000,0.000
65949,76232,0.000,2,2,0,0,0,0,0,0,0,0,0.000,0.000,0.000
65949,63123,0.000,1,1,0,0,0,0,0,0,0,0,0.000,0.000,0.000
65949,67207,0.000,1,1,0,0,0,0,0,0,0,1,0.000,0.000,0.000
65949,55252,0.000,3,2,0,0,0,0,0,1,0,0,0.000,0.333,0.333
65949,53554,-,2,0,0,0,0,0,0,2,0,0,0.000,1.000,1.000
65949,66209,1.000,1,1,1,0,0,0,0,0,0,0,1.000,1.000,2.000
54904,79231,0.000,2,1,0,0,0,0,0,1,0,0,0.000,0.500,0.500
54904,63123,0.000,2,2,0,0,0,0,0,0,0,0,0.000,0.000,0.000
54904,64153,-,1,0,0,0,0,0,0,1,0,0,0.000,1.000,1.000
54904,53554,1.000,1,1,1,0,0,1,3,0,0,0,4.000,1.000,5.000
54904,66112,0.000,1,1,0,0,0,0,0,0,0,1,0.000,0.000,0.000
54904,63257,0.000,1,1,0,0,0,0,0,0,0,1,0.000,0.000,0.000
54904,66209,0.000,3,2,0,0,0,0,0,1,0,0,0.000,0.333,0.333
68900,79231,0.000,1,1,0,0,0,0,0,0,0,0,0.000,0.000,0.000
68900,50208,0.000,1,1,0,0,0,0,0,0,0,1,0.000,0.000,0.000
68900,64153,1.000,1,1,1,0,0,1,2,0,0,0,4.000,1.000,5.000
68900,53554,0.000,1,1,0,0,0,0,0,0,0,0,0.000,0.000,0.000
68900,51203,1.000,1,1,1,0,0,0,0,0,0,0,1.000,1.000,2.000
63959,79231,0.000,1,1,0,0,0,0,0,0,0,0,0.000,0.000,0.000
63959,63123,0.000,1,1,0,0,0,0,0,0,0,1,0.000,0.000,0.000
63959,50208,1.000,1,1,1,1,0,0,0,0,0,0,2.000,1.000,3.000
63959,53554,-,1,0,0,0,0,0,0,1,0,0,0.000,1.000,1.000
55903,79231,-,2,0,0,0,0,0,0,2,0,0,0.000,1.000,1.000
55903,76232,0.500,6,4,2,0,0,1,1,2,0,0,1.250,0.667,1.917
55903,63123,0.000,2,2,0,0,0,0,0,0,0,1,0.000,0.000,0.000
55903,55252,0.250,6,4,1,0,0,0,0,2,0,0,0.250,0.500,0.750
55903,53554,0.333,6,6,2,0,0,0,0,0,0,2,0.333,0.333,0.666
55903,51203,0.167,6,6,1,0,0,0,0,0,0,2,0.167,0.167,0.334
55903,66209,0.667,3,3,2,0,0,0,0,0,0,0,0.667,0.667,1.334
52992,63123,0.000,1,1,0,0,0,0,0,0,0,0,0.000,0.000,0.000
52992,55252,0.000,1,1,0,0,0,0,0,0,0,1,0.000,0.000,0.000
52992,64153,0.000,1,1,0,0,0,0,0,0,0,0,0.000,0.000,0.000
52992,53554,-,1,0,0,0,0,0,0,1,0,0,0.000,1.000,1.000
52992,63257,-,1,0,0,0,0,0,0,0,1,0,0.000,1.000,1.000
67954,54529,0.500,4,4,2,0,0,0,1,0,0,0,0.500,0.500,1.000
67954,69517,0.333,4,3,1,0,0,1,3,1,0,0,1.333,0.500,1.833
67954,78513,0.000,1,1,0,0,0,0,0,0,0,1,0.000,0.000,0.000
67954,51551,0.000,2,1,0,0,0,0,0,1,0,0,0.000,0.500,0.500
67954,50150,0.000,1,1,0,0,0,0,0,0,0,0,0.000,0.000,0.000
67954,68205,0.000,1,1,0,0,0,0,0,0,0,0,0.000,0.000,0.000
67954,61102,-,1,0,0,0,0,0,1,0,0,0,0.000,0.000,0.000
67954,50500,0.500,3,2,1,0,0,0,0,0,1,0,0.500,0.667,1.167
67954,52568,1.000,1,1,1,0,0,0,0,0,0,0,1.000,1.000,2.000
69969,54529,0.000,4,3,0,0,0,0,0,1,0,1,0.000,0.250,0.250
69969,69517,0.333,3,3,1,1,0,0,0,0,0,1,0.667,0.333,1.000
69969,78513,1.000,1,1,1,0,0,0,2,0,0,0,1.000,1.000,2.000
69969,52591,0.000,1,1,0,0,0,0,0,0,0,0,0.000,0.000,0.000
69969,51551,0.333,3,3,1,0,0,0,2,0,0,0,0.333,0.333,0.666
69969,50150,0.000,1,1,0,0,0,0,0,0,0,1,0.000,0.000,0.000
69969,68205,0.000,4,3,0,0,0,0,0,0,0,2,0.000,0.000,0.000
69969,61102,0.000,1,1,0,0,0,0,0,0,0,0,0.000,0.000,0.000
69969,68507,1.000,1,1,1,0,0,0,0,0,0,0,1.000,1.000,2.000
69969,50500,0.000,4,2,0,0,0,0,0,1,0,0,0.000,0.333,0.333
64995,69517,1.000,1,1,1,0,0,0,1,0,0,0,1.000,1.000,2.000
64995,78513,0.000,2,2,0,0,0,0,0,0,0,2,0.000,0.000,0.000
64995,52591,0.000,1,1,0,0,0,0,0,0,0,0,0.000,0.000,0.000
64995,68205,1.000,1,1,1,0,0,0,0,0,0,0,1.000,1.000,2.000
64995,61102,0.000,3,3,0,0,0,0,0,0,0,1,0.000,0.000,0.000
64995,68507,0.000,1,1,0,0,0,0,0,0,0,0,0.000,0.000,0.000
64995,52568,0.000,2,1,0,0,0,0,0,1,0,1,0.000,0.500,0.500
64995,77564,0.000,1,1,0,0,0,0,0,0,0,0,0.000,0.000,0.000
65949,54529,0.000,1,1,0,0,0,0,0,0,0,0,0.000,0.000,0.000
65949,69517,0.000,1,1,0,0,0,0,0,0,0,0,0.000,0.000,0.000
65949,78513,0.000,1,1,0,0,0,0,0,0,0,0,0.000,0.000,0.000
65949,52591,0.000,2,1,0,0,0,0,0,0,1,0,0.000,0.500,0.500
65949,51551,0.000,1,1,0,0,0,0,0,0,0,0,0.000,0.000,0.000
65949,50150,0.000,1,1,0,0,0,0,0,0,0,1,0.000,0.000,0.000
65949,68205,1.000,2,2,2,2,0,0,1,0,0,0,2.000,1.000,3.000
65949,61102,0.500,2,2,1,1,0,0,0,0,0,0,1.000,0.500,1.500
65949,68507,1.000,1,1,1,0,0,0,1,0,0,0,1.000,1.000,2.000
54904,68205,1.000,1,1,1,0,0,0,0,0,0,0,1.000,1.000,2.000
54904,50500,0.000,1,1,0,0,0,0,0,0,0,0,0.000,0.000,0.000
68900,54529,0.500,4,4,2,0,0,0,0,0,0,1,0.500,0.500,1.000
68900,69517,1.000,1,1,1,0,0,0,0,0,0,0,1.000,1.000,2.000
68900,78513,0.500,3,2,1,0,0,0,1,0,0,0,0.500,0.333,0.833
68900,52591,0.000,2,2,0,0,0,0,0,0,0,1,0.000,0.000,0.000
68900,50150,0.000,2,2,0,0,0,0,0,0,0,1,0.000,0.000,0.000
68900,61102,0.000,1,1,0,0,0,0,0,0,0,0,0.000,0.000,0.000
68900,50500,0.000,1,1,0,0,0,0,0,0,0,0,0.000,0.000,0.000
68900,77564,-,1,0,0,0,0,0,0,1,0,0,0.000,1.000,1.000
68900,54598,0.000,1,1,0,0,0,0,0,0,0,1,0.000,0.000,0.000
63959,54529,1.000,1,1,1,0,0,0,0,0,0,0,1.000,1.000,2.000
63959,69517,0.000,1,1,0,0,0,0,0,0,0,0,0.000,0.000,0.000
63959,78513,1.000,1,1,1,1,0,0,0,0,0,0,2.000,1.000,3.000
63959,68507,0.000,1,1,0,0,0,0,0,0,0,1,0.000,0.000,0.000
55903,54529,0.375,8,8,3,0,0,0,2,0,0,1,0.375,0.375,0.750
55903,69517,0.333,9,9,3,0,0,0,0,0,0,2,0.333,0.333,0.666
55903,78513,0.000,4,3,0,0,0,0,0,1,0,1,0.000,0.250,0.250
55903,52591,0.250,5,4,1,1,0,0,0,1,0,1,0.500,0.400,0.900
55903,51551,0.000,6,5,0,0,0,0,0,1,0,2,0.000,0.167,0.167
55903,50150,0.500,2,2,1,0,0,0,0,0,0,0,0.500,0.500,1.000
55903,68205,0.429,7,7,3,1,0,1,2,0,0,3,1.000,0.429,1.429
55903,61102,0.500,2,2,1,0,0,0,0,0,0,0,0.500,0.500,1.000
55903,50500,0.333,9,9,3,1,1,0,0,0,0,2,0.667,0.333,1.000
68902,54529,0.000,3,2,0,0,0,0,0,1,0,1,0.000,0.333,0.333
68902,78513,0.000,3,2,0,0,0,0,0,1,0,0,0.000,0.333,0.333
68902,52591,0.333,3,3,1,0,0,1,1,0,0,0,1.333,0.333,1.666
68902,50150,0.500,2,2,1,0,0,0,0,0,0,0,0.500,0.500,1.000
68902,68205,0.500,2,2,1,0,0,0,0,0,0,0,0.500,0.500,1.000
68902,61102,1.000,2,2,2,0,0,0,0,0,0,0,1.000,1.000,2.000
68902,50500,0.000,3,2,0,0,0,0,0,0,0,0,0.000,0.000,0.000
68902,52568,0.000,2,2,0,0,0,0,0,0,0,2,0.000,0.000,0.000
52992,78513,0.000,1,1,0,0,0,0,0,0,0,0,0.000,0.000,0.000
52992,50150,-,1,0,0,0,0,0,0,1,0,0,0.000,1.000,1.000
52992,68205,-,1,0,0,0,0,0,0,1,0,0,0.000,1.000,1.000
52992,61102,0.000,1,1,0,0,0,0,0,0,0,0,0.000,0.000,0.000
52992,68507,0.000,1,1,0,0,0,0,0,0,0,0,0.000,0.000,0.000
52992,52568,0.000,2,2,0,0,0,0,0,0,0,1,0.000,0.000,0.000
67954,50854,-,1,0,0,0,0,0,0,1,0,0,0.000,1.000,1.000
67954,67893,0.500,3,2,1,0,0,0,1,1,0,0,0.500,0.667,1.167
67954,54812,0.333,3,3,1,0,0,0,1,0,0,0,0.333,0.333,0.666
67954,53827,0.000,3,3,0,0,0,0,0,0,0,2,0.000,0.000,0.000
67954,75847,0.000,3,1,0,0,0,0,0,2,0,0,0.000,0.667,0.667
67954,51865,1.000,2,1,1,0,0,0,0,0,0,0,1.000,1.000,2.000
67954,60558,-,0,0,0,0,0,0,0,0,0,0,0.000,0.000,0.000
67954,62934,-,1,0,0,0,0,0,0,1,0,0,0.000,1.000,1.000
67954,50868,0.000,1,1,0,0,0,0,0,0,0,0,0.000,0.000,0.000
69969,67893,1.000,1,1,1,0,0,0,1,0,0,0,1.000,1.000,2.000
69969,62895,0.000,1,1,0,0,0,0,0,0,0,0,0.000,0.000,0.000
69969,54812,0.500,3,2,1,0,0,0,2,0,0,0,0.500,0.333,0.833
69969,53827,0.000,1,1,0,0,0,0,0,0,0,0,0.000,0.000,0.000
69969,75847,0.000,1,1,0,0,0,0,0,0,0,0,0.000,0.000,0.000
69969,51865,0.000,2,1,0,0,0,0,0,1,0,0,0.000,0.500,0.500
69969,66864,1.000,1,1,1,0,0,0,0,0,0,0,1.000,1.000,2.000
69969,60558,0.000,2,2,0,0,0,0,0,0,0,1,0.000,0.000,0.000
69969,68868,0.500,2,2,1,1,0,0,0,0,0,0,1.000,0.500,1.500
64995,50854,0.000,3,3,0,0,0,0,0,0,0,1,0.000,0.000,0.000
64995,54812,0.000,1,1,0,0,0,0,0,0,0,1,0.000,0.000,0.000
64995,53827,0.000,2,2,0,0,0,0,0,0,0,1,0.000,0.000,0.000
64995,75847,0.000,1,1,0,0,0,0,0,0,0,1,0.000,0.000,0.000
64995,66864,0.000,1,1,0,0,0,0,0,0,0,0,0.000,0.000,0.000
64995,60558,0.000,1,1,0,0,0,0,0,0,0,0,0.000,0.000,0.000
64995,79456,0.000,1,1,0,0,0,0,0,0,0,1,0.000,0.000,0.000
64995,62934,0.000,1,1,0,0,0,0,0,0,0,1,0.000,0.000,0.000
64995,50868,0.000,1,1,0,0,0,0,0,0,0,0,0.000,0.000,0.000
65949,50854,0.000,1,1,0,0,0,0,0,0,0,0,0.000,0.000,0.000
65949,67893,0.000,2,1,0,0,0,0,0,1,0,0,0.000,0.500,0.500
65949,62895,0.000,1,1,0,0,0,0,0,0,0,1,0.000,0.000,0.000
65949,51868,0.000,1,1,0,0,0,0,0,0,0,0,0.000,0.000,0.000
65949,54812,0.500,2,2,1,0,1,0,1,0,0,0,1.500,0.500,2.000
65949,53827,1.000,1,1,1,0,0,1,3,0,0,0,4.000,1.000,5.000
65949,75847,-,1,0,0,0,0,0,0,1,0,0,0.000,1.000,1.000
65949,51865,0.500,2,2,1,0,0,0,0,0,0,0,0.500,0.500,1.000
65949,66864,0.000,1,1,0,0,0,0,0,0,0,1,0.000,0.000,0.000
65949,60558,0.000,2,2,0,0,0,0,0,0,0,2,0.000,0.000,0.000
65949,62934,0.500,2,2,1,0,0,0,0,0,0,0,0.500,0.500,1.000
54904,50854,0.000,1,1,0,0,0,0,0,0,0,1,0.000,0.000,0.000
54904,67893,1.000,1,1,1,0,0,0,0,0,0,0,1.000,1.000,2.000
54904,62895,-,1,0,0,0,0,0,1,0,0,0,0.000,0.000,0.000
54904,54812,0.000,2,2,0,0,0,0,0,0,0,1,0.000,0.000,0.000
54904,53827,1.000,1,1,1,0,0,0,0,0,0,0,1.000,1.000,2.000
54904,75847,-,1,0,0,0,0,0,0,1,0,0,0.000,1.000,1.000
54904,66864,0.000,2,2,0,0,0,0,0,0,0,1,0.000,0.000,0.000
54904,60558,0.500,2,2,1,0,0,0,1,0,0,1,0.500,0.500,1.000
54904,79456,0.000,3,3,0,0,0,0,0,0,0,1,0.000,0.000,0.000
54904,68868,0.000,1,1,0,0,0,0,0,0,0,0,0.000,0.000,0.000
68900,50854,0.000,2,1,0,0,0,0,0,1,0,0,0.000,0.500,0.500
68900,67893,1.000,1,1,1,0,0,0,1,0,0,0,1.000,1.000,2.000
68900,62895,0.000,1,1,0,0,0,0,0,0,0,0,0.000,0.000,0.000
68900,54812,0.000,1,1,0,0,0,0,0,0,0,0,0.000,0.000,0.000
68900,53827,0.000,1,1,0,0,0,0,0,0,0,0,0.000,0.000,0.000
68900,75847,0.000,1,1,0,0,0,0,0,0,0,0,0.000,0.000,0.000
68900,60558,0.000,1,1,0,0,0,0,0,0,0,1,0.000,0.000,0.000
68900,68868,-,1,0,0,0,0,0,0,1,0,0,0.000,1.000,1.000
66920,50854,0.000,1,1,0,0,0,0,0,0,0,0,0.000,0.000,0.000
63959,50854,1.000,1,1,1,0,0,0,0,0,0,0,1.000,1.000,2.000
63959,67893,-,1,0,0,0,0,0,0,1,0,0,0.000,1.000,1.000
63959,62895,0.000,1,1,0,0,0,0,0,0,0,0,0.000,0.000,0.000
63959,54812,1.000,1,1,1,1,0,0,1,0,0,0,2.000,1.000,3.000
63959,53827,0.000,1,1,0,0,0,0,0,0,0,0,0.000,0.000,0.000
63959,60558,1.000,1,1,1,0,0,0,0,0,0,0,1.000,1.000,2.000
55903,50854,0.200,5,5,1,0,0,0,0,0,0,1,0.200,0.200,0.400
55903,67893,0.167,6,6,1,0,0,0,0,0,0,2,0.167,0.167,0.334
55903,62895,0.000,2,2,0,0,0,0,0,0,0,1,0.000,0.000,0.000
55903,54812,0.200,6,5,1,0,0,0,0,1,0,2,0.200,0.333,0.533
55903,53827,0.000,2,2,0,0,0,0,0,0,0,1,0.000,0.000,0.000
55903,75847,0.500,2,2,1,0,0,1,2,0,0,1,2.000,0.500,2.500
55903,51865,0.500,4,4,2,0,0,1,1,0,0,0,1.250,0.500,1.750
55903,66864,0.000,2,2,0,0,0,0,0,0,0,2,0.000,0.000,0.000
55903,60558,0.500,2,2,1,0,0,1,1,0,0,0,2.000,0.500,2.500
55903,68868,0.000,2,2,0,0,0,0,0,0,0,1,0.000,0.000,0.000
55903,50868,0.500,2,2,1,0,0,1,1,0,0,0,2.000,0.500,2.500
52992,50854,0.667,3,3,2,0,0,0,0,0,0,0,0.667,0.667,1.334
52992,67893,0.500,2,2,1,0,0,0,1,0,0,1,0.500,0.500,1.000
52992,62895,0.000,1,1,0,0,0,0,0,0,0,1,0.000,0.000,0.000
52992,51868,0.000,1,1,0,0,0,0,0,0,0,0,0.000,0.000,0.000
52992,54812,0.500,2,2,1,0,0,0,1,0,0,1,0.500,0.500,1.000
52992,53827,0.000,1,1,0,0,0,0,0,0,0,1,0.000,0.000,0.000
52992,75847,0.000,1,1,0,0,0,0,0,0,0,1,0.000,0.000,0.000
52992,51865,0.000,1,1,0,0,0,0,0,0,0,0,0.000,0.000,0.000
52992,66864,-,1,0,0,0,0,0,0,0,1,0,0.000,1.000,1.000
52992,60558,1.000,2,1,1,0,0,0,1,0,1,0,1.000,1.000,2.000
52992,79456,0.000,2,1,0,0,0,0,0,1,0,0,0.000,0.500,0.500
52992,62934,0.500,2,2,1,0,0,0,1,0,0,0,0.500,0.500,1.000
67954,53764,1.000,1,1,1,1,0,0,0,0,0,0,2.000,1.000,3.000
67954,66704,0.000,2,1,0,0,0,0,0,1,0,0,0.000,0.500,0.500
67954,65703,0.333,3,3,1,1,0,0,1,0,0,1,0.667,0.333,1.000
67954,64006,0.000,2,1,0,0,0,0,0,1,0,0,0.000,0.500,0.500
67954,68700,0.000,2,1,0,0,0,0,0,1,0,1,0.000,0.500,0.500
69969,69737,0.000,2,2,0,0,0,0,0,0,0,2,0.000,0.000,0.000
69969,53764,0.000,3,3,0,0,0,0,1,0,0,1,0.000,0.000,0.000
69969,79192,0.000,1,1,0,0,0,0,0,0,0,0,0.000,0.000,0.000
69969,66704,0.000,2,1,0,0,0,0,0,1,0,1,0.000,0.500,0.500
69969,54795,0.000,1,1,0,0,0,0,0,0,0,0,0.000,0.000,0.000
69969,64006,0.000,1,1,0,0,0,0,0,0,0,0,0.000,0.000,0.000
69969,68700,0.000,1,1,0,0,0,0,0,0,0,0,0.000,0.000,0.000
64995,69737,0.000,1,1,0,0,0,0,0,0,0,0,0.000,0.000,0.000
64995,53764,0.000,1,1,0,0,0,0,0,0,0,0,0.000,0.000,0.000
64995,79192,0.000,1,1,0,0,0,0,0,0,0,0,0.000,0.000,0.000
64995,78288,0.000,1,1,0,0,0,0,0,0,0,0,0.000,0.000,0.000
64995,66704,1.000,1,1,1,0,1,0,2,0,0,0,3.000,1.000,4.000
64995,54795,1.000,1,1,1,1,0,0,1,0,0,0,2.000,1.000,3.000
64995,65703,0.500,2,2,1,0,0,0,0,0,0,0,0.500,0.500,1.000
64995,64006,0.333,3,3,1,0,0,1,1,0,0,0,1.333,0.333,1.666
64995,68700,0.333,3,3,1,0,0,0,1,0,0,0,0.333,0.333,0.666
65949,69737,0.000,1,1,0,0,0,0,0,0,0,0,0.000,0.000,0.000
65949,66704,0.000,1,1,0,0,0,0,0,0,0,0,0.000,0.000,0.000
65949,65703,0.000,2,2,0,0,0,0,0,0,0,0,0.000,0.000,0.000
65949,64006,0.000,1,1,0,0,0,0,0,0,0,0,0.000,0.000,0.000
65949,68700,0.000,1,1,0,0,0,0,0,0,0,0,0.000,0.000,0.000
54904,69737,0.333,3,3,1,1,0,0,1,0,0,0,0.667,0.333,1.000
54904,53764,0.500,3,2,1,0,0,0,0,0,0,0,0.500,0.500,1.000
54904,79192,0.000,1,1,0,0,0,0,0,0,0,1,0.000,0.000,0.000
54904,66704,1.000,1,1,1,0,0,0,1,0,0,0,1.000,1.000,2.000
54904,54795,0.000,1,1,0,0,0,0,0,0,0,1,0.000,0.000,0.000
54904,65703,0.000,1,1,0,0,0,0,0,0,0,0,0.000,0.000,0.000
54904,64006,1.000,1,1,1,0,0,0,1,0,0,0,1.000,1.000,2.000
68900,53764,1.000,2,1,1,0,0,0,0,1,0,0,1.000,1.000,2.000
68900,54795,0.000,2,1,0,0,0,0,0,1,0,0,0.000,0.500,0.500
66920,64006,1.000,1,1,1,0,0,0,0,0,0,0,1.000,1.000,2.000
55903,69737,0.200,6,5,1,0,0,1,1,1,0,0,0.800,0.333,1.133
55903,53764,0.400,6,5,2,0,0,0,0,1,0,1,0.400,0.500,0.900
55903,78288,0.000,3,3,0,0,0,0,0,0,0,0,0.000,0.000,0.000
55903,66704,0.250,5,4,1,0,0,0,0,1,0,2,0.250,0.400,0.650
55903,65703,0.200,5,5,1,0,0,1,1,0,0,0,0.800,0.200,1.000
55903,64006,0.000,2,1,0,0,0,0,0,1,0,0,0.000,0.500,0.500
55903,50707,0.000,3,3,0,0,0,0,0,0,0,1,0.000,0.000,0.000
52992,69737,-,1,0,0,0,0,0,0,1,0,0,0.000,1.000,1.000
67954,76267,0.000,2,1,0,0,0,0,0,1,0,0,0.000,0.500,0.500
67954,53312,0.000,4,3,0,0,0,0,0,0,0,1,0.000,0.000,0.000
67954,64984,-,1,0,0,0,0,0,0,1,0,0,0.000,1.000,1.000
67954,50357,1.000,1,1,1,0,0,0,1,0,0,0,1.000,1.000,2.000
67954,69332,0.000,1,1,0,0,0,0,0,0,0,0,0.000,0.000,0.000
67954,64346,-,1,0,0,0,0,0,1,1,0,0,0.000,1.000,1.000
69969,53312,0.000,2,2,0,0,0,0,0,0,0,1,0.000,0.000,0.000
69969,64984,-,1,0,0,0,0,0,0,1,0,0,0.000,1.000,1.000
69969,50357,-,1,0,0,0,0,0,0,1,0,0,0.000,1.000,1.000
69969,78756,0.000,2,1,0,0,0,0,0,0,0,0,0.000,0.000,0.000
64995,76267,0.000,1,1,0,0,0,0,0,0,0,0,0.000,0.000,0.000
64995,53312,0.500,2,2,1,0,0,1,1,0,0,0,2.000,0.500,2.500
64995,64984,0.000,1,1,0,0,0,0,0,0,0,0,0.000,0.000,0.000
64995,64346,0.500,2,2,1,1,0,0,0,0,0,1,1.000,0.500,1.500
65949,76267,1.000,1,1,1,0,0,0,1,0,0,0,1.000,1.000,2.000
65949,64340,-,1,0,0,0,0,0,0,1,0,0,0.000,1.000,1.000
65949,53312,1.000,3,3,3,0,0,0,0,0,0,0,1.000,1.000,2.000
65949,64984,0.500,2,2,1,0,0,0,0,0,0,0,0.500,0.500,1.000
65949,69332,0.000,1,1,0,0,0,0,0,0,0,1,0.000,0.000,0.000
65949,78756,0.000,1,1,0,0,0,0,0,0,0,0,0.000,0.000,0.000
54904,76267,0.000,2,2,0,0,0,0,0,0,0,1,0.000,0.000,0.000
54904,64340,1.000,1,1,1,0,0,1,1,0,0,0,4.000,1.000,5.000
54904,55392,0.000,1,1,0,0,0,0,0,0,0,0,0.000,0.000,0.000
54904,78756,0.000,1,1,0,0,0,0,0,0,0,0,0.000,0.000,0.000
54904,64346,0.000,1,1,0,0,0,0,0,0,0,1,0.000,0.000,0.000
68900,76267,0.000,1,1,0,0,0,0,0,0,0,1,0.000,0.000,0.000
68900,64340,1.000,1,1,1,1,0,0,1,0,0,0,2.000,1.000,3.000
68900,50357,0.000,1,1,0,0,0,0,0,0,0,1,0.000,0.000,0.000
68900,64346,1.000,1,1,1,1,0,0,1,0,0,0,2.000,1.000,3.000
66920,76267,0.000,1,1,0,0,0,0,0,0,0,0,0.000,0.000,0.000
63959,76267,0.000,1,1,0,0,0,0,0,0,0,1,0.000,0.000,0.000
63959,64340,0.000,1,1,0,0,0,0,0,0,0,0,0.000,0.000,0.000
63959,50357,1.000,1,1,1,0,0,0,0,0,0,0,1.000,1.000,2.000
63959,64346,1.000,1,1,1,0,0,1,1,0,0,0,4.000,1.000,5.000
55903,76267,0.000,6,6,0,0,0,0,0,0,0,2,0.000,0.000,0.000
55903,64340,0.000,2,1,0,0,0,0,0,1,0,1,0.000,0.500,0.500
55903,55392,0.500,2,2,1,1,0,0,0,0,0,1,1.000,0.500,1.500
55903,53312,0.333,6,6,2,0,0,0,1,0,0,3,0.333,0.333,0.666
55903,50357,0.000,3,3,0,0,0,0,0,0,0,1,0.000,0.000,0.000
55903,64346,0.000,8,8,0,0,0,0,0,0,0,5,0.000,0.000,0.000
68902,76267,0.000,3,3,0,0,0,0,0,0,0,0,0.000,0.000,0.000
68902,64340,0.500,2,2,1,1,0,0,0,0,0,0,1.000,0.500,1.500
68902,53312,0.000,2,1,0,0,0,0,1,0,0,1,0.000,0.000,0.000
68902,50357,0.000,4,1,0,0,0,0,0,2,1,1,0.000,0.750,0.750
68902,69332,0.000,3,2,0,0,0,0,0,0,1,0,0.000,0.333,0.333
68902,64346,0.000,1,1,0,0,0,0,0,0,0,0,0.000,0.000,0.000
52992,76267,0.000,1,1,0,0,0,0,0,0,0,0,0.000,0.000,0.000
68242,54400,0.500,2,2,1,0,0,0,0,0,0,1,0.500,0.500,1.000
68242,52415,0.500,3,2,1,0,0,0,0,1,0,0,0.500,0.667,1.167
68242,67449,0.000,2,2,0,0,0,0,0,0,0,0,0.000,0.000,0.000
68242,52430,0.000,2,2,0,0,0,0,0,0,0,1,0.000,0.000,0.000
68242,74540,0.500,2,2,1,1,0,0,1,0,0,1,1.000,0.500,1.500
68242,62234,0.333,3,3,1,1,0,0,0,0,0,0,0.667,0.333,1.000
68242,50458,1.000,1,1,1,1,0,0,1,0,0,0,2.000,1.000,3.000
68242,65586,0.500,2,2,1,0,0,0,0,0,0,1,0.500,0.500,1.000
65522,50458,0.000,1,1,0,0,0,0,0,0,0,0,0.000,0.000,0.000
65522,61404,0.000,1,1,0,0,0,0,1,0,0,0,0.000,0.000,0.000
62528,54400,0.500,2,2,1,0,0,0,1,0,0,0,0.500,0.500,1.000
62528,62404,0.500,2,2,1,0,0,0,2,0,0,0,0.500,0.500,1.000
62528,52415,1.000,2,2,2,0,0,0,0,0,0,0,1.000,1.000,2.000
62528,67449,1.000,2,2,2,2,0,0,1,0,0,0,2.000,1.000,3.000
62528,52430,0.000,3,3,0,0,0,0,0,0,0,0,0.000,0.000,0.000
62528,74540,-,1,0,0,0,0,0,0,1,0,0,0.000,1.000,1.000
62528,62234,0.333,3,3,1,0,0,0,1,0,0,0,0.333,0.333,0.666
62528,50458,0.000,3,3,0,0,0,0,0,0,0,1,0.000,0.000,0.000
62528,61404,0.000,1,1,0,0,0,0,0,0,0,0,0.000,0.000,0.000
50556,54400,0.333,3,3,1,0,0,0,1,0,0,1,0.333,0.333,0.666
50556,62404,0.000,3,2,0,0,0,0,0,1,0,1,0.000,0.333,0.333
50556,52415,0.000,1,1,0,0,0,0,0,0,0,1,0.000,0.000,0.000
50556,67449,0.000,3,2,0,0,0,0,0,1,0,0,0.000,0.333,0.333
50556,52430,0.000,1,1,0,0,0,0,0,0,0,0,0.000,0.000,0.000
50556,74540,1.000,1,1,1,0,0,0,2,0,0,0,1.000,1.000,2.000
50556,62234,0.000,3,2,0,0,0,0,0,1,0,1,0.000,0.333,0.333
50556,50458,-,1,0,0,0,0,0,0,1,0,0,0.000,1.000,1.000
50556,69418,1.000,1,1,1,0,0,0,0,0,0,0,1.000,1.000,2.000
50556,61404,0.000,2,2,0,0,0,0,0,0,0,1,0.000,0.000,0.000
50556,65586,1.000,3,1,1,0,0,0,1,2,0,0,1.000,1.000,2.000
64021,54400,0.167,6,6,1,1,0,0,0,0,0,1,0.333,0.167,0.500
64021,62404,0.800,7,5,4,1,0,0,0,2,0,0,1.000,0.857,1.857
64021,52415,0.000,6,4,0,0,0,0,0,0,1,0,0.000,0.200,0.200
64021,67449,0.429,7,7,3,0,0,0,2,0,0,2,0.429,0.429,0.858
64021,52430,0.000,3,2,0,0,0,0,0,1,0,0,0.000,0.333,0.333
64021,74540,0.500,4,4,2,0,0,0,3,0,0,0,0.500,0.500,1.000
64021,62234,0.800,6,5,4,0,0,0,0,1,0,1,0.800,0.833,1.633
64021,50458,0.500,6,6,3,1,0,0,0,0,0,0,0.667,0.500,1.167
64021,65586,0.000,3,3,0,0,0,0,0,0,0,1,0.000,0.000,0.000
67539,54400,0.000,3,2,0,0,0,0,1,0,0,0,0.000,0.000,0.000
67539,62404,0.667,3,3,2,1,0,1,2,0,0,0,2.000,0.667,2.667
67539,67449,0.667,3,3,2,1,0,1,1,0,0,0,2.000,0.667,2.667
67539,52430,0.000,2,2,0,0,0,0,0,0,0,1,0.000,0.000,0.000
67539,74540,0.500,2,2,1,0,0,0,0,0,0,1,0.500,0.500,1.000
67539,62234,0.667,3,3,2,0,0,0,0,0,0,0,0.667,0.667,1.334
67539,50458,0.000,3,3,0,0,0,0,0,0,0,0,0.000,0.000,0.000
50596,54400,0.500,2,2,1,0,0,0,0,0,0,1,0.500,0.500,1.000
50596,62404,0.000,1,1,0,0,0,0,0,0,0,0,0.000,0.000,0.000
50596,62234,0.000,1,1,0,0,0,0,0,0,0,0,0.000,0.000,0.000
52530,54400,0.000,2,2,0,0,0,0,0,0,0,0,0.000,0.000,0.000
52530,62404,0.000,4,4,0,0,0,0,0,0,0,0,0.000,0.000,0.000
52530,52415,1.000,2,1,1,0,0,0,1,0,0,0,1.000,0.500,1.500
52530,67449,0.000,4,2,0,0,0,0,0,2,0,0,0.000,0.500,0.500
52530,52430,0.000,1,1,0,0,0,0,0,0,0,0,0.000,0.000,0.000
52530,74540,-,1,0,0,0,0,0,0,1,0,0,0.000,1.000,1.000
52530,62234,0.000,3,3,0,0,0,0,0,0,0,1,0.000,0.000,0.000
52530,50458,0.333,3,3,1,0,0,0,0,0,0,0,0.333,0.333,0.666
52530,65586,0.500,2,2,1,0,0,0,0,0,0,1,0.500,0.500,1.000
54537,64004,0.000,1,1,0,0,0,0,0,0,0,0,0.000,0.000,0.000
68242,79240,0.000,1,1,0,0,0,0,0,0,0,0,0.000,0.000,0.000
68242,79402,1.000,1,1,1,0,0,0,0,0,0,0,1.000,1.000,2.000
68242,64504,0.000,1,1,0,0,0,0,0,0,0,0,0.000,0.000,0.000
65522,52001,0.000,1,1,0,0,0,0,0,0,0,0,0.000,0.000,0.000
65522,51003,0.000,1,1,0,0,0,0,0,0,0,0,0.000,0.000,0.000
65522,64115,1.000,1,1,1,0,0,0,0,0,0,0,1.000,1.000,2.000
62528,52001,-,2,0,0,0,0,0,0,2,0,0,0.000,1.000,1.000
62528,78548,1.000,1,1,1,0,0,0,1,0,0,0,1.000,1.000,2.000
62528,79402,0.333,3,3,1,0,0,0,0,0,0,0,0.333,0.333,0.666
62528,64004,0.000,1,1,0,0,0,0,0,0,0,1,0.000,0.000,0.000
62528,51003,0.500,2,2,1,1,0,0,1,0,0,1,1.000,0.500,1.500
62528,64504,0.000,2,2,0,0,0,0,0,0,0,1,0.000,0.000,0.000
62528,66706,0.000,1,1,0,0,0,0,0,0,0,0,0.000,0.000,0.000
62528,67644,0.000,1,1,0,0,0,0,0,0,0,0,0.000,0.000,0.000
50556,79240,0.000,1,1,0,0,0,0,0,0,0,0,0.000,0.000,0.000
50556,78548,0.000,1,1,0,0,0,0,0,0,0,1,0.000,0.000,0.000
50556,64004,0.000,2,2,0,0,0,0,0,0,0,0,0.000,0.000,0.000
50556,64166,0.000,1,1,0,0,0,0,0,0,0,0,0.000,0.000,0.000
50556,64504,0.000,1,1,0,0,0,0,0,0,0,0,0.000,0.000,0.000
67588,78548,-,1,0,0,0,0,0,0,1,0,0,0.000,1.000,1.000
67588,79402,0.000,1,1,0,0,0,0,0,0,0,0,0.000,0.000,0.000
67588,64504,1.000,1,1,1,1,0,0,2,0,0,0,2.000,1.000,3.000
64021,52001,0.000,3,3,0,0,0,0,0,0,0,2,0.000,0.000,0.000
64021,79240,0.667,3,3,2,0,0,0,0,0,0,1,0.667,0.667,1.334
64021,79402,0.000,3,3,0,0,0,0,0,0,0,1,0.000,0.000,0.000
64021,64004,0.333,3,3,1,0,0,0,0,0,0,1,0.333,0.333,0.666
64021,51003,0.333,3,3,1,1,0,0,1,0,0,1,0.667,0.333,1.000
64021,67644,-,1,0,0,0,0,0,0,1,0,0,0.000,1.000,1.000
67539,52001,0.000,5,4,0,0,0,0,0,0,1,3,0.000,0.200,0.200
67539,79240,1.000,3,3,3,0,0,0,1,0,0,0,1.000,1.000,2.000
67539,78548,0.000,5,4,0,0,0,0,1,1,0,3,0.000,0.200,0.200
67539,79402,0.500,5,4,2,0,0,1,1,0,0,0,1.250,0.500,1.750
67539,51003,0.000,2,2,0,0,0,0,0,0,0,1,0.000,0.000,0.000
67539,64504,0.000,2,2,0,0,0,0,0,0,0,2,0.000,0.000,0.000
52530,52001,0.500,2,2,1,0,0,0,0,0,0,0,0.500,0.500,1.000
52530,79240,0.000,1,1,0,0,0,0,0,0,0,0,0.000,0.000,0.000
52530,78548,0.000,2,2,0,0,0,0,0,0,0,0,0.000,0.000,0.000
52530,79402,0.500,2,2,1,0,0,0,1,0,0,0,0.500,0.500,1.000
52530,64004,0.000,2,2,0,0,0,0,0,0,0,1,0.000,0.000,0.000
52530,51003,0.500,2,2,1,0,0,0,0,0,0,0,0.500,0.500,1.000
52530,68089,0.500,2,2,1,0,0,0,0,0,0,0,0.500,0.500,1.000
54537,62415,0.000,1,1,0,0,0,0,0,0,0,0,0.000,0.000,0.000
54537,68119,-,1,0,0,0,0,0,0,1,0,0,0.000,1.000,1.000
54537,65207,0.000,2,2,0,0,0,0,0,0,0,1,0.000,0.000,0.000
54537,69100,1.000,1,1,1,0,0,0,0,0,0,0,1.000,1.000,2.000
54537,66108,-,1,0,0,0,0,0,0,1,0,0,0.000,1.000,1.000
54537,50054,0.000,1,1,0,0,0,0,0,0,0,0,0.000,0.000,0.000
54537,52154,0.000,1,1,0,0,0,0,0,0,0,1,0.000,0.000,0.000
68242,69102,0.000,1,1,0,0,0,0,0,0,0,0,0.000,0.000,0.000
68242,62415,-,1,0,0,0,0,0,0,0,1,0,0.000,1.000,1.000
68242,65207,0.000,1,1,0,0,0,0,0,0,0,0,0.000,0.000,0.000
68242,53123,-,1,0,0,0,0,0,1,1,0,0,0.000,1.000,1.000
68242,69100,0.000,1,1,0,0,0,0,0,0,0,0,0.000,0.000,0.000
68242,66108,0.500,2,2,1,0,0,0,1,0,0,1,0.500,0.500,1.000
65522,69102,0.000,1,1,0,0,0,0,0,0,0,1,0.000,0.000,0.000
65522,62415,0.000,2,2,0,0,0,0,0,0,0,0,0.000,0.000,0.000
65522,68119,1.000,2,1,1,0,0,0,1,1,0,0,1.000,1.000,2.000
65522,65207,0.000,1,1,0,0,0,0,0,0,0,0,0.000,0.000,0.000
65522,79365,1.000,1,1,1,0,0,0,0,0,0,0,1.000,1.000,2.000
65522,53123,1.000,2,1,1,0,0,0,0,1,0,0,1.000,1.000,2.000
65522,66108,0.000,2,2,0,0,0,0,0,0,0,0,0.000,0.000,0.000
65522,52154,0.000,1,1,0,0,0,0,0,0,0,0,0.000,0.000,0.000
65522,51100,0.000,1,1,0,0,0,0,0,0,0,0,0.000,0.000,0.000
62528,69102,0.000,2,1,0,0,0,0,0,1,0,0,0.000,0.500,0.500
62528,62415,0.000,2,1,0,0,0,0,1,0,0,0,0.000,0.000,0.000
62528,68119,0.500,2,2,1,0,0,0,0,0,0,0,0.500,0.500,1.000
62528,65207,1.000,1,1,1,0,0,0,2,0,0,0,1.000,1.000,2.000
62528,79365,-,1,0,0,0,0,0,0,1,0,0,0.000,1.000,1.000
62528,53123,0.250,4,4,1,0,0,0,1,0,0,1,0.250,0.250,0.500
62528,69100,0.000,1,1,0,0,0,0,0,0,0,0,0.000,0.000,0.000
62528,50054,0.500,2,2,1,0,0,0,1,0,0,0,0.500,0.500,1.000
62528,68110,0.000,1,1,0,0,0,0,0,0,0,1,0.000,0.000,0.000
50556,69102,0.000,1,1,0,0,0,0,0,0,0,1,0.000,0.000,0.000
50556,68119,1.000,1,1,1,0,0,0,0,0,0,0,1.000,1.000,2.000
50556,65207,0.333,3,3,1,0,0,0,0,0,0,0,0.333,0.333,0.666
50556,79365,0.000,1,1,0,0,0,0,0,0,0,0,0.000,0.000,0.000
50556,53123,1.000,1,1,1,0,0,1,4,0,0,0,4.000,1.000,5.000
50556,79109,0.000,2,2,0,0,0,0,0,0,0,0,0.000,0.000,0.000
50556,69100,0.000,1,1,0,0,0,0,0,0,0,0,0.000,0.000,0.000
50556,66108,0.000,1,1,0,0,0,0,0,0,0,0,0.000,0.000,0.000
50556,50054,0.000,1,1,0,0,0,0,0,0,0,0,0.000,0.000,0.000
67539,69102,0.333,6,3,1,0,0,0,2,2,0,0,0.333,0.500,0.833
67539,62415,0.375,10,8,3,1,0,0,1,1,0,0,0.500,0.400,0.900
67539,68119,0.200,6,5,1,0,0,0,0,1,0,0,0.200,0.333,0.533
67539,65207,0.429,8,7,3,0,0,0,0,1,0,1,0.429,0.500,0.929
67539,79365,0.333,6,6,2,1,0,1,2,0,0,2,1.000,0.333,1.333
67539,53123,0.500,10,8,4,3,0,0,1,2,0,2,0.875,0.600,1.475
67539,79109,0.111,9,9,1,0,0,0,0,0,0,4,0.111,0.111,0.222
67539,69100,0.000,3,3,0,0,0,0,0,0,0,0,0.000,0.000,0.000
67539,66108,0.333,10,9,3,0,0,0,0,1,0,2,0.333,0.400,0.733
67539,50054,0.167,6,6,1,0,0,0,1,0,0,1,0.167,0.167,0.334
67539,68110,0.333,3,3,1,0,0,0,1,0,0,0,0.333,0.333,0.666
67539,52154,0.000,2,2,0,0,0,0,0,0,0,0,0.000,0.000,0.000
50596,62415,-,1,0,0,0,0,0,0,0,1,0,0.000,1.000,1.000
50596,79109,0.000,2,1,0,0,0,0,0,1,0,1,0.000,0.500,0.500
50596,66108,0.500,2,2,1,0,0,0,1,0,0,1,0.500,0.500,1.000
52530,69102,0.000,3,3,0,0,0,0,1,0,0,0,0.000,0.000,0.000
52530,62415,0.667,3,3,2,0,0,0,1,0,0,0,0.667,0.667,1.334
52530,68119,0.000,3,3,0,0,0,0,0,0,0,1,0.000,0.000,0.000
52530,65207,0.333,3,3,1,0,0,0,0,0,0,0,0.333,0.333,0.666
52530,79365,0.000,3,1,0,0,0,0,0,2,0,0,0.000,0.667,0.667
52530,53123,0.500,3,2,1,0,0,0,2,0,0,0,0.500,0.333,0.833
52530,79109,0.333,3,3,1,0,0,0,0,0,0,0,0.333,0.333,0.666
52530,66108,0.333,3,3,1,0,0,0,0,0,0,0,0.333,0.333,0.666
54537,62947,-,1,0,0,0,0,0,1,0,0,0,0.000,0.000,0.000
54537,78603,1.000,1,1,1,1,0,0,3,0,0,0,2.000,1.000,3.000
54537,66614,-,1,0,0,0,0,0,0,1,0,0,0.000,1.000,1.000
68242,65653,1.000,1,1,1,1,0,0,0,0,0,0,2.000,1.000,3.000
68242,62947,1.000,1,1,1,0,0,1,1,0,0,0,4.000,1.000,5.000
68242,78603,-,1,0,0,0,0,0,0,1,0,0,0.000,1.000,1.000
68242,68646,0.000,1,1,0,0,0,0,0,0,0,0,0.000,0.000,0.000
68242,78122,-,1,0,0,0,0,0,0,0,0,0,0.000,0.000,0.000
68242,66614,-,1,0,0,0,0,0,0,1,0,0,0.000,1.000,1.000
65522,69727,1.000,1,1,1,1,0,0,0,0,0,0,2.000,1.000,3.000
62528,65653,1.000,2,2,2,0,0,0,0,0,0,0,1.000,1.000,2.000
62528,62947,0.333,3,3,1,0,0,0,0,0,0,1,0.333,0.333,0.666
62528,78603,0.000,2,2,0,0,0,0,0,0,0,0,0.000,0.000,0.000
62528,78122,-,1,0,0,0,0,0,0,1,0,0,0.000,1.000,1.000
62528,52605,0.333,4,3,1,0,0,1,2,1,0,0,1.333,0.500,1.833
62528,64560,0.000,1,1,0,0,0,0,0,0,0,1,0.000,0.000,0.000
50556,69636,-,1,0,0,0,0,0,0,1,0,0,0.000,1.000,1.000
50556,65653,0.000,1,1,0,0,0,0,0,0,0,0,0.000,0.000,0.000
50556,62947,1.000,3,2,2,0,0,1,2,1,0,0,2.500,1.000,3.500
50556,78603,0.000,2,2,0,0,0,0,0,0,0,1,0.000,0.000,0.000
50556,68646,0.333,4,3,1,1,0,0,1,0,0,0,0.667,0.250,0.917
50556,66614,1.000,2,1,1,0,0,0,1,1,0,0,1.000,1.000,2.000
50556,61353,0.000,1,1,0,0,0,0,1,0,0,0,0.000,0.000,0.000
50556,52605,0.000,2,2,0,0,0,0,0,0,0,2,0.000,0.000,0.000
64021,69636,1.000,2,1,1,1,0,0,1,1,0,0,2.000,1.000,3.000
64021,65653,0.000,8,6,0,0,0,0,1,1,0,3,0.000,0.125,0.125
64021,62947,0.500,4,2,1,1,0,0,0,2,0,1,1.000,0.750,1.750
64021,78603,0.429,9,7,3,2,0,0,1,2,0,1,0.714,0.556,1.270
64021,68646,0.000,2,2,0,0,0,0,0,0,0,0,0.000,0.000,0.000
64021,78122,0.000,4,4,0,0,0,0,0,0,0,2,0.000,0.000,0.000
64021,66614,0.333,6,6,2,1,1,0,2,0,0,1,0.833,0.333,1.166
64021,52605,0.571,9,7,4,2,0,1,4,1,1,1,1.286,0.667,1.953
67539,69636,0.000,2,1,0,0,0,0,0,1,0,0,0.000,0.500,0.500
67539,65653,0.417,12,12,5,2,0,0,0,0,0,1,0.583,0.417,1.000
67539,62947,0.364,11,11,4,2,0,0,1,0,0,1,0.545,0.364,0.909
67539,78603,0.091,11,11,1,0,0,0,0,0,0,2,0.091,0.091,0.182
67539,68646,0.333,6,6,2,1,0,0,1,0,0,2,0.500,0.333,0.833
67539,78122,0.000,6,5,0,0,0,0,0,1,0,1,0.000,0.167,0.167
67539,66614,0.000,5,3,0,0,0,0,0,1,0,2,0.000,0.250,0.250
67539,52605,0.091,12,11,1,0,0,0,0,1,0,2,0.091,0.167,0.258
50596,68646,-,1,0,0,0,0,0,0,1,0,0,0.000,1.000,1.000
50596,52605,0.000,1,1,0,0,0,0,0,0,0,0,0.000,0.000,0.000
52530,65653,0.000,1,1,0,0,0,0,0,0,0,0,0.000,0.000,0.000
52530,62947,1.000,1,1,1,0,0,0,0,0,0,0,1.000,1.000,2.000
52530,68646,0.000,1,1,0,0,0,0,0,0,0,0,0.000,0.000,0.000
52530,78122,-,1,0,0,0,0,0,0,1,0,0,0.000,1.000,1.000
52530,69727,-,1,0,0,0,0,0,0,1,0,0,0.000,1.000,1.000
52530,52605,0.000,3,2,0,0,0,0,0,1,0,1,0.000,0.333,0.333
54537,79231,1.000,1,1,1,1,0,0,0,0,0,0,2.000,1.000,3.000
68242,79231,0.500,2,2,1,0,0,0,1,0,0,1,0.500,0.500,1.000
68242,63123,0.000,1,1,0,0,0,0,0,0,0,0,0.000,0.000,0.000
65522,79231,0.333,3,3,1,0,0,0,1,0,0,1,0.333,0.333,0.666
65522,76232,-,1,0,0,0,0,0,0,1,0,0,0.000,1.000,1.000
65522,63123,0.500,2,2,1,0,0,0,0,0,0,1,0.500,0.500,1.000
65522,67207,0.333,4,3,1,0,0,0,3,1,0,0,0.333,0.500,0.833
65522,53554,0.000,3,2,0,0,0,0,0,1,0,1,0.000,0.333,0.333
65522,51203,0.000,2,2,0,0,0,0,0,0,0,0,0.000,0.000,0.000
62528,79231,0.000,5,5,0,0,0,0,0,0,0,0,0.000,0.000,0.000
62528,76232,0.000,3,2,0,0,0,0,1,0,0,0,0.000,0.000,0.000
62528,63123,0.500,2,2,1,0,0,0,0,0,0,0,0.500,0.500,1.000
62528,55252,0.667,3,3,2,1,0,0,1,0,0,1,1.000,0.667,1.667
62528,53554,0.000,1,1,0,0,0,0,0,0,0,0,0.000,0.000,0.000
62528,63257,-,1,0,0,0,0,0,0,0,1,0,0.000,1.000,1.000
62528,51203,0.000,1,1,0,0,0,0,0,0,0,0,0.000,0.000,0.000
62528,66209,0.000,1,1,0,0,0,0,0,0,0,0,0.000,0.000,0.000
50556,79231,0.000,2,2,0,0,0,0,0,0,0,1,0.000,0.000,0.000
50556,76232,0.000,2,1,0,0,0,0,0,1,0,0,0.000,0.500,0.500
50556,63123,0.000,2,2,0,0,0,0,0,0,0,0,0.000,0.000,0.000
50556,50208,1.000,2,1,1,0,0,1,1,1,0,0,4.000,1.000,5.000
50556,55252,0.000,1,1,0,0,0,0,0,0,0,0,0.000,0.000,0.000
50556,64153,1.000,1,1,1,1,0,0,0,0,0,0,2.000,1.000,3.000
50556,53554,0.500,2,2,1,0,0,0,0,0,0,1,0.500,0.500,1.000
50556,63257,0.000,1,1,0,0,0,0,0,0,0,0,0.000,0.000,0.000
50556,51203,1.000,2,2,2,1,0,0,2,0,0,0,1.500,1.000,2.500
50556,66209,0.000,3,3,0,0,0,0,0,0,0,0,0.000,0.000,0.000
64021,79231,0.091,12,11,1,0,0,0,0,1,0,1,0.091,0.167,0.258
64021,76232,0.200,12,10,2,1,0,0,1,1,1,3,0.300,0.333,0.633
64021,63123,0.500,2,2,1,0,0,0,0,0,0,1,0.500,0.500,1.000
64021,50208,0.000,6,5,0,0,0,0,0,1,0,1,0.000,0.167,0.167
64021,67207,0.250,4,4,1,0,0,1,1,0,0,2,1.000,0.250,1.250
64021,55252,0.167,6,6,1,0,0,0,0,0,0,3,0.167,0.167,0.334
64021,53554,0.455,12,11,5,3,0,0,4,1,0,0,0.727,0.500,1.227
64021,51203,0.222,9,9,2,1,0,0,1,0,0,5,0.333,0.222,0.555
67539,79231,0.375,8,8,3,0,0,0,1,0,0,2,0.375,0.375,0.750
67539,76232,0.556,9,9,5,2,0,1,4,0,0,0,1.111,0.556,1.667
67539,63123,0.500,2,2,1,0,0,1,2,0,0,0,2.000,0.500,2.500
67539,50208,1.000,2,2,2,1,0,0,0,0,0,0,1.500,1.000,2.500
67539,55252,0.000,6,5,0,0,0,0,0,0,1,1,0.000,0.167,0.167
67539,64153,0.333,3,3,1,0,0,0,0,0,0,2,0.333,0.333,0.666
67539,53554,0.444,9,9,4,0,0,0,0,0,0,1,0.444,0.444,0.888
67539,66112,0.000,2,2,0,0,0,0,0,0,0,1,0.000,0.000,0.000
67539,51203,0.167,6,6,1,1,0,0,1,0,0,2,0.333,0.167,0.500
50596,79231,-,1,0,0,0,0,0,0,0,1,0,0.000,1.000,1.000
50596,76232,1.000,2,1,1,0,0,0,2,1,0,0,1.000,1.000,2.000
50596,50208,-,1,0,0,0,0,0,0,1,0,0,0.000,1.000,1.000
50596,53554,0.667,3,3,2,1,0,0,3,0,0,0,1.000,0.667,1.667
50596,51203,-,1,0,0,0,0,0,0,0,1,0,0.000,1.000,1.000
50596,66209,0.000,1,1,0,0,0,0,0,0,0,0,0.000,0.000,0.000
52530,79231,0.000,1,1,0,0,0,0,0,0,0,0,0.000,0.000,0.000
52530,76232,1.000,1,1,1,1,0,0,2,0,0,0,2.000,1.000,3.000
52530,55252,-,1,0,0,0,0,0,0,0,1,0,0.000,1.000,1.000
52530,66209,-,1,0,0,0,0,0,0,1,0,0,0.000,1.000,1.000
54537,51907,1.000,1,1,1,1,0,0,0,0,0,0,2.000,1.000,3.000
54537,62907,-,1,0,0,0,0,0,0,1,0,0,0.000,1.000,1.000
54537,64101,0.000,1,1,0,0,0,0,0,0,0,0,0.000,0.000,0.000
68242,51907,0.500,2,2,1,0,0,0,1,0,0,0,0.500,0.500,1.000
68242,51344,0.500,2,2,1,0,0,0,0,0,0,0,0.500,0.500,1.000
68242,62907,0.000,1,1,0,0,0,0,0,0,0,0,0.000,0.000,0.000
68242,63963,-,1,0,0,0,0,0,0,1,0,0,0.000,1.000,1.000
68242,68912,0.000,2,1,0,0,0,0,0,0,0,0,0.000,0.000,0.000
68242,63260,0.000,1,1,0,0,0,0,0,0,0,0,0.000,0.000,0.000
68242,67905,0.000,2,1,0,0,0,0,0,1,0,0,0.000,0.500,0.500
68242,64101,1.000,1,1,1,0,0,0,1,0,0,0,1.000,1.000,2.000
68242,50902,1.000,1,1,1,0,0,0,0,0,0,0,1.000,1.000,2.000
65522,51907,0.000,1,1,0,0,0,0,0,0,0,1,0.000,0.000,0.000
65522,51344,1.000,1,1,1,0,0,0,1,0,0,0,1.000,1.000,2.000
65522,62907,0.000,1,1,0,0,0,0,0,0,0,0,0.000,0.000,0.000
65522,79215,-,1,0,0,0,0,0,0,1,0,0,0.000,1.000,1.000
65522,68912,0.000,1,1,0,0,0,0,0,0,0,1,0.000,0.000,0.000
65522,67905,0.000,1,1,0,0,0,0,0,0,0,0,0.000,0.000,0.000
65522,69992,0.000,2,1,0,0,0,0,0,1,0,1,0.000,0.500,0.500
65522,64101,1.000,1,1,1,1,0,0,2,0,0,0,2.000,1.000,3.000
62528,51907,0.000,4,3,0,0,0,0,0,0,1,1,0.000,0.250,0.250
62528,51344,-,1,0,0,0,0,0,1,1,0,0,0.000,1.000,1.000
62528,62907,0.500,3,2,1,1,0,0,0,1,0,0,1.000,0.667,1.667
62528,63963,0.000,2,2,0,0,0,0,0,0,0,2,0.000,0.000,0.000
62528,79215,0.000,2,1,0,0,0,0,0,1,0,1,0.000,0.500,0.500
62528,68912,0.000,1,1,0,0,0,0,0,0,0,1,0.000,0.000,0.000
62528,63260,1.000,3,2,2,0,0,0,2,0,0,0,1.000,0.667,1.667
62528,67905,-,1,0,0,0,0,0,0,0,1,0,0.000,1.000,1.000
62528,68904,0.000,2,2,0,0,0,0,0,0,0,0,0.000,0.000,0.000
62528,69992,1.000,1,1,1,0,0,0,0,0,0,0,1.000,1.000,2.000
62528,50902,1.000,1,1,1,0,0,0,0,0,0,0,1.000,1.000,2.000
50556,51907,0.000,2,2,0,0,0,0,0,0,0,0,0.000,0.000,0.000
50556,62907,0.333,3,3,1,0,0,0,0,0,0,0,0.333,0.333,0.666
50556,63963,0.000,1,1,0,0,0,0,0,0,0,0,0.000,0.000,0.000
50556,79215,0.500,2,2,1,0,0,1,1,0,0,0,2.000,0.500,2.500
50556,68912,0.000,3,3,0,0,0,0,0,0,0,2,0.000,0.000,0.000
50556,63260,0.000,1,1,0,0,0,0,0,0,0,1,0.000,0.000,0.000
50556,67905,1.000,2,1,1,0,0,0,0,0,0,0,1.000,1.000,2.000
50556,69995,0.000,1,1,0,0,0,0,0,0,0,1,0.000,0.000,0.000
50556,68904,0.000,1,1,0,0,0,0,0,0,0,0,0.000,0.000,0.000
67588,51907,0.000,1,1,0,0,0,0,0,0,0,0,0.000,0.000,0.000
67588,62907,-,2,0,0,0,0,0,0,2,0,0,0.000,1.000,1.000
67588,79215,-,1,0,0,0,0,0,0,1,0,0,0.000,1.000,1.000
67588,69995,0.000,1,1,0,0,0,0,0,0,0,1,0.000,0.000,0.000
67588,69992,0.000,1,1,0,0,0,0,0,0,0,0,0.000,0.000,0.000
67588,50902,0.000,1,1,0,0,0,0,0,0,0,0,0.000,0.000,0.000
64021,51907,0.077,13,13,1,0,0,0,1,0,0,6,0.077,0.077,0.154
64021,51344,0.200,5,5,1,0,0,0,2,0,0,1,0.200,0.200,0.400
64021,62907,0.400,12,10,4,0,0,0,0,2,0,1,0.400,0.500,0.900
64021,63963,0.000,3,3,0,0,0,0,0,0,0,0,0.000,0.000,0.000
64021,79215,0.250,12,12,3,1,0,0,1,0,0,1,0.333,0.250,0.583
64021,68912,0.333,7,6,2,0,0,1,2,0,1,3,0.833,0.429,1.262
64021,63260,0.250,8,8,2,0,0,0,0,0,0,2,0.250,0.250,0.500
64021,67905,0.667,3,3,2,0,0,0,0,0,0,0,0.667,0.667,1.334
64021,69995,0.000,7,7,0,0,0,0,0,0,0,0,0.000,0.000,0.000
64021,68904,0.000,2,2,0,0,0,0,0,0,0,1,0.000,0.000,0.000
64021,69992,0.000,2,2,0,0,0,0,0,0,0,0,0.000,0.000,0.000
64021,50902,0.000,2,1,0,0,0,0,0,1,0,1,0.000,0.500,0.500
67539,51907,0.167,6,6,1,0,0,1,2,0,0,1,0.667,0.167,0.834
67539,51344,0.500,3,2,1,1,0,0,0,1,0,1,1.000,0.667,1.667
67539,62907,0.333,6,6,2,0,0,1,2,0,0,0,0.833,0.333,1.166
67539,79215,0.200,6,5,1,0,0,0,1,1,0,1,0.200,0.333,0.533
67539,68912,0.200,5,5,1,0,0,0,0,0,0,2,0.200,0.200,0.400
67539,63260,0.800,5,5,4,0,0,0,0,0,0,0,0.800,0.800,1.600
67539,69995,0.000,2,2,0,0,0,0,0,0,0,1,0.000,0.000,0.000
67539,68904,1.000,2,1,1,0,0,0,0,1,0,0,1.000,1.000,2.000
67539,69992,1.000,2,1,1,0,0,0,0,0,0,0,1.000,1.000,2.000
67539,64101,0.500,3,2,1,0,0,0,0,1,0,1,0.500,0.667,1.167
67539,50902,0.000,2,2,0,0,0,0,0,0,0,1,0.000,0.000,0.000
50596,62907,-,1,0,0,0,0,0,0,1,0,0,0.000,1.000,1.000
50596,79215,0.000,1,1,0,0,0,0,0,0,0,1,0.000,0.000,0.000
50596,63260,0.000,1,1,0,0,0,0,0,0,0,1,0.000,0.000,0.000
52530,51907,0.333,7,6,2,1,0,0,1,0,1,0,0.500,0.429,0.929
52530,51344,1.000,2,1,1,1,0,0,0,1,0,0,2.000,1.000,3.000
52530,62907,0.333,6,6,2,0,0,0,0,0,0,1,0.333,0.333,0.666
52530,63963,0.250,4,4,1,0,0,0,2,0,0,2,0.250,0.250,0.500
52530,79215,0.500,5,4,2,0,0,0,0,1,0,1,0.500,0.600,1.100
52530,68912,0.333,4,3,1,1,0,0,2,0,0,0,0.667,0.250,0.917
52530,63260,0.250,5,4,1,0,0,0,2,1,0,0,0.250,0.400,0.650
52530,67905,0.333,4,3,1,0,0,0,0,1,0,2,0.333,0.500,0.833
52530,69995,0.000,2,1,0,0,0,0,0,1,0,0,0.000,0.500,0.500
52530,68904,0.000,1,1,0,0,0,0,0,0,0,1,0.000,0.000,0.000
52530,69992,0.000,2,1,0,0,0,0,0,1,0,0,0.000,0.500,0.500
52530,50902,0.000,1,1,0,0,0,0,1,0,0,0,0.000,0.000,0.000
54537,50854,0.000,1,1,0,0,0,0,0,0,0,0,0.000,0.000,0.000
54537,67893,1.000,1,1,1,0,0,0,1,0,0,0,1.000,1.000,2.000
68242,50854,0.333,3,3,1,1,0,0,0,0,0,0,0.667,0.333,1.000
68242,67893,0.000,4,4,0,0,0,0,0,0,0,2,0.000,0.000,0.000
68242,62895,0.000,2,2,0,0,0,0,0,0,0,2,0.000,0.000,0.000
68242,54812,0.500,2,2,1,0,0,0,0,0,0,0,0.500,0.500,1.000
68242,53827,0.333,3,3,1,0,0,0,1,0,0,0,0.333,0.333,0.666
68242,75847,0.667,3,3,2,0,0,1,3,0,0,1,1.667,0.667,2.334
68242,51865,-,2,0,0,0,0,0,0,1,0,0,0.000,1.000,1.000
68242,66864,1.000,2,1,1,0,0,0,0,1,0,0,1.000,1.000,2.000
68242,60558,0.000,1,1,0,0,0,0,0,0,0,0,0.000,0.000,0.000
68242,62934,0.000,1,1,0,0,0,0,0,0,0,0,0.000,0.000,0.000
65522,50854,1.000,2,2,2,1,0,0,0,0,0,0,1.500,1.000,2.500
65522,67893,0.000,2,1,0,0,0,0,0,1,0,0,0.000,0.500,0.500
65522,54812,-,1,0,0,0,0,0,0,0,0,0,0.000,0.000,0.000
65522,75847,-,1,0,0,0,0,0,0,1,0,0,0.000,1.000,1.000
65522,51865,0.500,2,2,1,1,0,0,2,0,0,0,1.000,0.500,1.500
62528,50854,0.000,4,4,0,0,0,0,0,0,0,0,0.000,0.000,0.000
62528,67893,0.000,1,1,0,0,0,0,0,0,0,0,0.000,0.000,0.000
62528,62895,0.000,1,1,0,0,0,0,0,0,0,1,0.000,0.000,0.000
62528,51868,0.000,2,2,0,0,0,0,0,0,0,0,0.000,0.000,0.000
62528,54812,0.000,2,1,0,0,0,0,0,1,0,0,0.000,0.500,0.500
62528,53827,0.000,2,2,0,0,0,0,0,0,0,0,0.000,0.000,0.000
62528,75847,-,2,0,0,0,0,0,0,1,1,0,0.000,1.000,1.000
62528,51865,0.500,2,2,1,1,0,0,0,0,0,0,1.000,0.500,1.500
62528,66864,0.000,1,1,0,0,0,0,0,0,0,0,0.000,0.000,0.000
62528,60558,0.000,2,2,0,0,0,0,0,0,0,2,0.000,0.000,0.000
62528,68868,0.000,1,1,0,0,0,0,0,0,0,0,0.000,0.000,0.000
62528,50868,0.000,1,1,0,0,0,0,0,0,0,0,0.000,0.000,0.000
50556,50854,0.200,5,5,1,1,0,0,0,0,0,1,0.400,0.200,0.600
50556,67893,0.000,4,3,0,0,0,0,1,0,0,0,0.000,0.000,0.000
50556,51868,1.000,1,1,1,0,0,0,1,0,0,0,1.000,1.000,2.000
50556,54812,1.000,2,1,1,0,0,0,0,0,1,0,1.000,1.000,2.000
50556,53827,0.500,3,2,1,0,0,0,0,1,0,0,0.500,0.667,1.167
50556,75847,0.000,3,2,0,0,0,0,0,1,0,2,0.000,0.333,0.333
50556,51865,0.333,3,3,1,0,0,0,0,0,0,1,0.333,0.333,0.666
50556,66864,0.500,2,2,1,0,0,0,0,0,0,1,0.500,0.500,1.000
50556,60558,0.333,3,3,1,0,0,0,0,0,0,0,0.333,0.333,0.666
50556,68868,0.000,1,1,0,0,0,0,0,0,0,0,0.000,0.000,0.000
50556,62934,0.500,2,2,1,1,0,0,1,0,0,1,1.000,0.500,1.500
50556,50868,0.000,1,1,0,0,0,0,0,0,0,1,0.000,0.000,0.000
67588,51868,0.000,1,1,0,0,0,0,0,0,0,0,0.000,0.000,0.000
67588,51865,1.000,1,1,1,0,0,0,0,0,0,0,1.000,1.000,2.000
67588,66864,0.000,1,1,0,0,0,0,0,0,0,0,0.000,0.000,0.000
67588,60558,1.000,1,1,1,1,0,0,1,0,0,0,2.000,1.000,3.000
67588,62934,-,1,0,0,0,0,0,0,1,0,0,0.000,1.000,1.000
64021,50854,0.167,10,6,1,0,0,0,0,3,1,0,0.167,0.500,0.667
64021,67893,0.364,12,11,4,1,0,0,1,1,0,1,0.455,0.417,0.872
64021,62895,0.333,6,6,2,0,0,0,1,0,0,3,0.333,0.333,0.666
64021,51868,0.167,6,6,1,0,0,0,0,0,0,0,0.167,0.167,0.334
64021,54812,0.286,9,7,2,0,0,0,0,2,0,1,0.286,0.444,0.730
64021,53827,0.333,9,9,3,0,0,0,1,0,0,1,0.333,0.333,0.666
64021,75847,0.286,9,7,2,1,0,0,0,2,0,3,0.429,0.444,0.873
64021,51865,0.300,11,10,3,1,0,1,3,0,1,2,0.700,0.364,1.064
64021,66864,0.200,5,5,1,0,0,0,0,0,0,0,0.200,0.200,0.400
64021,60558,0.333,3,3,1,1,0,0,0,0,0,0,0.667,0.333,1.000
67539,50854,0.000,3,3,0,0,0,0,0,0,0,0,0.000,0.000,0.000
67539,67893,0.333,3,3,1,0,0,1,1,0,0,0,1.333,0.333,1.666
67539,62895,0.000,3,3,0,0,0,0,0,0,0,0,0.000,0.000,0.000
67539,54812,0.000,3,3,0,0,0,0,0,0,0,2,0.000,0.000,0.000
67539,53827,0.333,3,3,1,0,0,0,1,0,0,1,0.333,0.333,0.666
67539,75847,0.333,3,3,1,1,0,0,0,0,0,2,0.667,0.333,1.000
67539,51865,0.000,3,2,0,0,0,0,0,0,0,0,0.000,0.000,0.000
67539,60558,0.500,3,2,1,1,0,0,0,1,0,1,1.000,0.667,1.667
67539,68868,0.667,3,3,2,1,0,0,0,0,0,1,1.000,0.667,1.667
52530,50854,0.000,2,2,0,0,0,0,0,0,0,1,0.000,0.000,0.000
52530,67893,0.667,3,3,2,1,0,0,2,0,0,1,1.000,0.667,1.667
52530,51868,0.500,2,2,1,0,0,1,1,0,0,0,2.000,0.500,2.500
52530,54812,0.000,3,3,0,0,0,0,1,0,0,0,0.000,0.000,0.000
52530,53827,0.500,2,2,1,0,0,0,1,0,0,0,0.500,0.500,1.000
52530,75847,1.000,1,1,1,1,0,0,0,0,0,0,2.000,1.000,3.000
52530,51865,0.000,3,2,0,0,0,0,0,1,0,1,0.000,0.333,0.333
52530,66864,0.000,2,1,0,0,0,0,0,1,0,0,0.000,0.500,0.500
52530,60558,0.000,1,1,0,0,0,0,0,0,0,1,0.000,0.000,0.000
52530,62934,-,1,0,0,0,0,0,0,1,0,0,0.000,1.000,1.000
68242,69737,0.000,2,2,0,0,0,0,0,0,0,0,0.000,0.000,0.000
68242,53764,0.000,1,1,0,0,0,0,0,0,0,0,0.000,0.000,0.000
68242,79192,1.000,1,1,1,1,0,0,0,0,0,0,2.000,1.000,3.000
68242,68700,-,1,0,0,0,0,0,0,1,0,0,0.000,1.000,1.000
65522,69737,0.000,1,1,0,0,0,0,0,0,0,0,0.000,0.000,0.000
65522,53764,0.000,1,1,0,0,0,0,0,0,0,0,0.000,0.000,0.000
65522,79192,1.000,2,1,1,0,0,0,0,1,0,0,1.000,1.000,2.000
65522,66704,0.500,2,2,1,0,0,0,0,0,0,1,0.500,0.500,1.000
65522,65703,0.000,2,1,0,0,0,0,1,0,0,0,0.000,0.000,0.000
65522,64006,0.000,1,1,0,0,0,0,0,0,0,0,0.000,0.000,0.000
65522,68700,0.500,2,2,1,1,0,0,0,0,0,0,1.000,0.500,1.500
65522,50707,0.000,1,1,0,0,0,0,0,0,0,0,0.000,0.000,0.000
62528,69737,0.500,2,2,1,0,0,0,0,0,0,1,0.500,0.500,1.000
62528,79192,-,1,0,0,0,0,0,0,1,0,0,0.000,1.000,1.000
62528,66657,0.000,1,1,0,0,0,0,0,0,0,1,0.000,0.000,0.000
62528,66704,0.500,2,2,1,0,0,0,0,0,0,0,0.500,0.500,1.000
62528,54795,0.000,1,1,0,0,0,0,0,0,0,0,0.000,0.000,0.000
62528,65703,0.333,3,3,1,1,0,0,2,0,0,0,0.667,0.333,1.000
62528,68700,0.000,1,1,0,0,0,0,0,0,0,0,0.000,0.000,0.000
62528,50707,0.000,1,1,0,0,0,0,0,0,0,0,0.000,0.000,0.000
50556,69737,0.500,2,2,1,0,0,0,2,0,0,1,0.500,0.500,1.000
50556,53764,0.000,3,3,0,0,0,0,0,0,0,1,0.000,0.000,0.000
50556,66657,0.000,1,1,0,0,0,0,0,0,0,1,0.000,0.000,0.000
50556,66704,0.000,3,2,0,0,0,0,0,1,0,1,0.000,0.333,0.333
50556,54795,0.000,3,2,0,0,0,0,0,1,0,1,0.000,0.333,0.333
50556,64006,-,1,0,0,0,0,0,0,1,0,0,0.000,1.000,1.000
50556,50707,0.000,1,1,0,0,0,0,0,0,0,0,0.000,0.000,0.000
64021,69737,0.000,2,1,0,0,0,0,0,0,1,0,0.000,0.500,0.500
64021,53764,0.750,5,4,3,0,0,1,1,1,0,1,1.500,0.800,2.300
64021,79192,0.200,5,5,1,0,0,0,2,0,0,1,0.200,0.200,0.400
64021,78288,0.000,2,2,0,0,0,0,0,0,0,0,0.000,0.000,0.000
64021,66704,0.333,4,3,1,0,0,0,0,0,0,1,0.333,0.333,0.666
64021,65703,0.400,5,5,2,0,0,0,0,0,0,0,0.400,0.400,0.800
64021,64006,0.000,3,2,0,0,0,0,0,1,0,0,0.000,0.333,0.333
64021,68700,0.000,3,2,0,0,0,0,0,1,0,1,0.000,0.333,0.333
67539,69737,0.250,5,4,1,1,0,0,0,1,0,0,0.500,0.400,0.900
67539,53764,0.000,4,4,0,0,0,0,0,0,0,1,0.000,0.000,0.000
67539,79192,0.500,2,2,1,0,0,1,1,0,0,0,2.000,0.500,2.500
67539,66657,0.000,5,3,0,0,0,0,1,1,0,2,0.000,0.200,0.200
67539,66704,0.000,4,4,0,0,0,0,0,0,0,3,0.000,0.000,0.000
67539,54795,0.000,2,2,0,0,0,0,0,0,0,1,0.000,0.000,0.000
67539,65703,0.000,2,2,0,0,0,0,0,0,0,2,0.000,0.000,0.000
67539,64006,0.500,4,4,2,0,0,0,1,0,0,0,0.500,0.500,1.000
67539,68700,0.500,2,2,1,0,0,0,0,0,0,0,0.500,0.500,1.000
67539,50707,0.500,3,2,1,0,0,0,0,1,0,0,0.500,0.667,1.167
50596,53764,0.000,2,2,0,0,0,0,0,0,0,0,0.000,0.000,0.000
50596,64006,1.000,1,1,1,0,0,0,0,0,0,0,1.000,1.000,2.000
52530,69737,0.000,3,2,0,0,0,0,1,1,0,1,0.000,0.333,0.333
52530,53764,0.500,4,4,2,0,0,0,0,0,0,0,0.500,0.500,1.000
52530,66657,0.000,2,1,0,0,0,0,0,1,0,0,0.000,0.500,0.500
52530,66704,0.667,3,3,2,0,0,0,0,0,0,0,0.667,0.667,1.334
52530,65703,0.000,3,2,0,0,0,0,0,1,0,0,0.000,0.333,0.333
52530,64006,0.500,3,2,1,0,0,0,0,1,0,0,0.500,0.667,1.167
54537,76267,0.000,1,1,0,0,0,0,0,0,0,1,0.000,0.000,0.000
54537,64346,1.000,1,1,1,0,0,0,0,0,0,0,1.000,1.000,2.000
68242,76267,0.000,2,2,0,0,0,0,0,0,0,0,0.000,0.000,0.000
68242,64340,0.000,1,1,0,0,0,0,0,0,0,0,0.000,0.000,0.000
68242,55392,0.000,1,1,0,0,0,0,0,0,0,0,0.000,0.000,0.000
68242,53312,0.000,2,2,0,0,0,0,0,0,0,1,0.000,0.000,0.000
68242,50357,0.000,3,3,0,0,0,0,0,0,0,1,0.000,0.000,0.000
68242,69332,0.000,1,1,0,0,0,0,0,0,0,1,0.000,0.000,0.000
68242,78756,1.000,1,1,1,0,0,0,0,0,0,0,1.000,1.000,2.000
68242,64346,0.000,1,1,0,0,0,0,0,0,0,0,0.000,0.000,0.000
65522,69332,1.000,1,1,1,0,0,0,0,0,0,0,1.000,1.000,2.000
62528,50167,0.000,1,1,0,0,0,0,0,0,0,0,0.000,0.000,0.000
62528,76267,0.333,3,3,1,1,0,0,0,0,0,0,0.667,0.333,1.000
62528,64340,0.000,1,1,0,0,0,0,0,0,0,1,0.000,0.000,0.000
62528,55392,0.000,1,1,0,0,0,0,0,0,0,0,0.000,0.000,0.000
62528,53312,0.000,3,3,0,0,0,0,0,0,0,2,0.000,0.000,0.000
62528,64984,0.000,1,1,0,0,0,0,0,0,0,0,0.000,0.000,0.000
62528,78756,-,2,0,0,0,0,0,1,1,0,0,0.000,1.000,1.000
62528,64346,1.000,2,1,1,0,0,0,0,0,0,0,1.000,1.000,2.000
50556,50167,0.000,1,1,0,0,0,0,0,0,0,0,0.000,0.000,0.000
50556,76267,0.000,1,1,0,0,0,0,0,0,0,0,0.000,0.000,0.000
50556,55392,0.000,2,2,0,0,0,0,0,0,0,1,0.000,0.000,0.000
50556,53312,1.000,2,1,1,0,0,0,0,1,0,0,1.000,1.000,2.000
50556,50357,0.500,2,2,1,0,1,0,1,0,0,0,1.500,0.500,2.000
50556,64346,0.000,2,1,0,0,0,0,0,1,0,0,0.000,0.500,0.500
64021,50167,0.500,3,2,1,0,0,1,1,1,0,1,2.000,0.667,2.667
64021,76267,0.000,3,3,0,0,0,0,0,0,0,1,0.000,0.000,0.000
64021,53312,0.333,3,3,1,0,0,0,0,0,0,1,0.333,0.333,0.666
64021,50357,0.333,3,3,1,0,0,0,0,0,0,2,0.333,0.333,0.666
64021,78756,0.000,2,2,0,0,0,0,0,0,0,0,0.000,0.000,0.000
67539,76267,0.000,2,2,0,0,0,0,0,0,0,0,0.000,0.000,0.000
67539,55392,0.333,3,3,1,0,0,0,0,0,0,2,0.333,0.333,0.666
67539,53312,0.200,6,5,1,0,0,0,0,1,0,2,0.200,0.333,0.533
52530,76267,0.000,1,1,0,0,0,0,0,0,0,0,0.000,0.000,0.000
52530,53312,0.333,3,3,1,0,0,0,0,0,0,1,0.333,0.333,0.666
73211,54400,0.333,4,3,1,0,0,1,4,1,0,0,1.333,0.500,1.833
73211,62404,0.500,2,2,1,0,0,0,0,0,0,0,0.500,0.500,1.000
73211,52415,0.000,1,1,0,0,0,0,0,0,0,0,0.000,0.000,0.000
73211,67449,0.000,1,1,0,0,0,0,0,0,0,0,0.000,0.000,0.000
73211,74540,0.000,1,1,0,0,0,0,0,0,0,0,0.000,0.000,0.000
73211,62234,0.000,3,2,0,0,0,0,0,1,0,0,0.000,0.333,0.333
73211,50458,0.000,1,1,0,0,0,0,0,0,0,0,0.000,0.000,0.000
73211,69418,0.000,2,2,0,0,0,0,0,0,0,0,0.000,0.000,0.000
73211,61404,1.000,1,1,1,0,0,0,0,0,0,0,1.000,1.000,2.000
73211,65586,1.000,2,2,2,0,0,0,0,0,0,0,1.000,1.000,2.000
53892,54400,0.000,3,2,0,0,0,0,0,1,0,0,0.000,0.333,0.333
53892,62404,0.000,2,1,0,0,0,0,1,0,0,1,0.000,0.000,0.000
53892,67449,-,1,0,0,0,0,0,0,1,0,0,0.000,1.000,1.000
53892,62234,0.000,3,3,0,0,0,0,0,0,0,0,0.000,0.000,0.000
53892,69418,0.000,2,1,0,0,0,0,0,1,0,0,0.000,0.500,0.500
53892,65586,0.000,3,3,0,0,0,0,0,0,0,2,0.000,0.000,0.000
68043,54400,0.000,2,2,0,0,0,0,0,0,0,0,0.000,0.000,0.000
68043,62404,1.000,2,2,2,0,0,0,0,0,0,0,1.000,1.000,2.000
68043,52415,0.000,3,1,0,0,0,0,0,1,1,0,0.000,0.667,0.667
68043,67449,0.333,4,3,1,0,0,0,0,1,0,0,0.333,0.500,0.833
68043,74540,0.200,6,5,1,0,0,0,0,1,0,2,0.200,0.333,0.533
68043,62234,0.000,4,3,0,0,0,0,1,0,0,1,0.000,0.000,0.000
68043,50458,0.333,3,3,1,0,0,0,2,0,0,0,0.333,0.333,0.666
68043,69418,0.167,6,6,1,0,0,0,2,0,0,2,0.167,0.167,0.334
68043,61404,1.000,1,1,1,0,0,0,0,0,0,0,1.000,1.000,2.000
68043,65586,0.500,4,4,2,0,0,0,0,0,0,1,0.500,0.500,1.000
51897,54400,0.000,3,2,0,0,0,0,0,1,0,1,0.000,0.333,0.333
51897,62404,0.667,4,3,2,0,0,0,2,1,0,1,0.667,0.750,1.417
51897,52415,0.000,1,1,0,0,0,0,0,0,0,0,0.000,0.000,0.000
51897,67449,0.500,2,2,1,0,0,0,0,0,0,0,0.500,0.500,1.000
51897,74540,-,2,0,0,0,0,0,0,2,0,0,0.000,1.000,1.000
51897,62234,1.000,1,1,1,0,0,0,0,0,0,0,1.000,1.000,2.000
51897,50458,0.000,4,1,0,0,0,0,0,2,1,0,0.000,0.750,0.750
51897,69418,0.000,2,2,0,0,0,0,0,0,0,1,0.000,0.000,0.000
51897,61404,1.000,2,1,1,0,0,0,0,1,0,0,1.000,1.000,2.000
51897,66409,0.000,1,1,0,0,0,0,0,0,0,1,0.000,0.000,0.000
51897,65586,0.000,3,1,0,0,0,0,1,1,0,1,0.000,0.333,0.333
50812,54400,0.500,2,2,1,0,0,0,0,0,0,0,0.500,0.500,1.000
50812,62404,0.000,1,1,0,0,0,0,0,0,0,0,0.000,0.000,0.000
50812,52415,0.000,1,1,0,0,0,0,0,0,0,1,0.000,0.000,0.000
50812,67449,0.333,4,3,1,0,0,0,0,1,0,0,0.333,0.500,0.833
50812,74540,0.500,2,2,1,0,0,1,1,0,0,0,2.000,0.500,2.500
50812,62234,0.250,4,4,1,0,0,0,2,0,0,2,0.250,0.250,0.500
50812,50458,0.500,2,2,1,0,0,0,0,0,0,1,0.500,0.500,1.000
50812,69418,0.000,2,2,0,0,0,0,0,0,0,0,0.000,0.000,0.000
50812,61404,0.000,1,1,0,0,0,0,0,0,0,0,0.000,0.000,0.000
50812,65586,0.250,4,4,1,0,0,1,3,0,0,2,1.000,0.250,1.250
68092,54400,1.000,2,1,1,1,0,0,1,1,0,0,2.000,1.000,3.000
68092,62404,0.333,3,3,1,0,0,0,1,0,0,1,0.333,0.333,0.666
68092,52415,-,1,0,0,0,0,0,0,1,0,0,0.000,1.000,1.000
68092,67449,1.000,1,1,1,1,0,0,0,0,0,0,2.000,1.000,3.000
68092,74540,0.000,1,1,0,0,0,0,0,0,0,0,0.000,0.000,0.000
68092,62234,0.000,2,1,0,0,0,0,0,1,0,0,0.000,0.500,0.500
68092,50458,0.500,2,2,1,0,0,0,1,0,0,0,0.500,0.500,1.000
68092,69418,0.000,3,2,0,0,0,0,0,1,0,1,0.000,0.333,0.333
68092,66409,0.000,1,1,0,0,0,0,0,0,0,0,0.000,0.000,0.000
68092,65586,0.500,2,2,1,0,0,0,2,0,0,1,0.500,0.500,1.000
68856,54400,0.000,5,5,0,0,0,0,0,0,0,3,0.000,0.000,0.000
68856,62404,1.000,2,1,1,0,0,0,0,1,0,0,1.000,1.000,2.000
68856,52415,0.500,2,2,1,0,0,1,1,0,0,0,2.000,0.500,2.500
68856,67449,0.000,3,2,0,0,0,0,0,1,0,0,0.000,0.333,0.333
68856,74540,0.000,4,3,0,0,0,0,0,0,1,1,0.000,0.250,0.250
68856,62234,0.333,4,3,1,0,0,0,0,1,0,1,0.333,0.500,0.833
68856,50458,0.000,3,2,0,0,0,0,0,1,0,1,0.000,0.333,0.333
68856,69418,0.200,5,5,1,0,0,1,1,0,0,2,0.800,0.200,1.000
68856,65586,0.250,4,4,1,0,0,0,0,0,0,1,0.250,0.250,0.500
51867,54400,0.667,3,3,2,2,0,0,0,0,0,0,1.333,0.667,2.000
51867,67449,0.500,3,2,1,0,0,0,0,1,0,0,0.500,0.667,1.167
51867,74540,0.000,2,2,0,0,0,0,0,0,0,0,0.000,0.000,0.000
51867,62234,0.333,3,3,1,0,0,0,0,0,0,0,0.333,0.333,0.666
51867,50458,0.500,3,2,1,0,0,0,1,1,0,0,0.500,0.667,1.167
51867,69418,0.000,3,3,0,0,0,0,0,0,0,0,0.000,0.000,0.000
51867,65586,-,2,0,0,0,0,0,0,0,2,0,0.000,1.000,1.000
52809,54400,0.333,4,3,1,0,0,0,0,1,0,1,0.333,0.500,0.833
52809,62404,0.000,3,3,0,0,0,0,0,0,0,1,0.000,0.000,0.000
52809,67449,0.000,1,1,0,0,0,0,0,0,0,0,0.000,0.000,0.000
52809,74540,1.000,2,1,1,0,0,1,3,1,0,0,4.000,1.000,5.000
52809,62234,0.000,2,2,0,0,0,0,0,0,0,1,0.000,0.000,0.000
52809,50458,1.000,1,1,1,0,0,0,0,0,0,0,1.000,1.000,2.000
52809,69418,0.000,3,2,0,0,0,0,0,1,0,0,0.000,0.333,0.333
52809,65586,0.000,2,2,0,0,0,0,0,0,0,1,0.000,0.000,0.000
55855,54400,0.000,3,3,0,0,0,0,0,0,0,2,0.000,0.000,0.000
55855,74540,1.000,3,2,2,0,0,0,0,1,0,0,1.000,1.000,2.000
55855,62234,0.667,3,3,2,0,0,0,0,0,0,0,0.667,0.667,1.334
55855,50458,0.000,3,3,0,0,0,0,0,0,0,0,0.000,0.000,0.000
55855,69418,0.500,3,2,1,0,0,0,0,1,0,0,0.500,0.667,1.167
55855,61404,0.000,3,3,0,0,0,0,0,0,0,2,0.000,0.000,0.000
55855,65586,0.333,3,3,1,1,0,0,1,0,0,1,0.667,0.333,1.000
62869,52415,0.000,2,1,0,0,0,0,0,0,0,0,0.000,0.000,0.000
62869,67449,0.500,2,2,1,1,0,0,0,0,0,0,1.000,0.500,1.500
62869,74540,0.333,3,3,1,0,0,0,0,0,0,1,0.333,0.333,0.666
62869,62234,1.000,2,1,1,0,0,0,0,1,0,0,1.000,1.000,2.000
62869,50458,0.000,3,2,0,0,0,0,0,1,0,0,0.000,0.333,0.333
62869,69418,0.000,3,3,0,0,0,0,0,0,0,0,0.000,0.000,0.000
62869,65040,0.000,1,1,0,0,0,0,0,0,0,0,0.000,0.000,0.000
62869,65586,1.000,3,1,1,0,0,1,3,2,0,0,4.000,1.000,5.000
62869,65132,0.000,1,1,0,0,0,0,0,0,0,1,0.000,0.000,0.000
73211,79240,0.000,3,3,0,0,0,0,0,0,0,1,0.000,0.000,0.000
73211,78548,0.500,2,2,1,0,0,1,3,0,0,0,2.000,0.500,2.500
73211,79402,0.000,3,2,0,0,0,0,0,1,0,0,0.000,0.333,0.333
73211,64004,0.500,2,2,1,0,0,0,0,0,0,0,0.500,0.500,1.000
73211,51003,-,1,0,0,0,0,0,0,1,0,0,0.000,1.000,1.000
73211,64166,0.000,1,1,0,0,0,0,0,0,0,0,0.000,0.000,0.000
73211,67644,0.000,1,1,0,0,0,0,0,0,0,1,0.000,0.000,0.000
53892,79240,0.333,3,3,1,0,0,1,4,0,0,0,1.333,0.333,1.666
53892,78548,0.000,2,1,0,0,0,0,0,1,0,0,0.000,0.500,0.500
53892,79402,1.000,1,1,1,0,0,0,0,0,0,0,1.000,1.000,2.000
53892,64004,0.000,2,2,0,0,0,0,0,0,0,0,0.000,0.000,0.000
53892,51003,0.000,1,1,0,0,0,0,0,0,0,1,0.000,0.000,0.000
53892,64166,0.000,1,1,0,0,0,0,0,0,0,0,0.000,0.000,0.000
68043,52001,-,1,0,0,0,0,0,0,1,0,0,0.000,1.000,1.000
68043,79240,0.750,4,4,3,1,0,0,2,0,0,0,1.000,0.750,1.750
68043,78548,0.000,1,1,0,0,0,0,0,0,0,0,0.000,0.000,0.000
68043,79402,0.000,3,2,0,0,0,0,0,1,0,2,0.000,0.333,0.333
68043,64166,0.000,1,1,0,0,0,0,0,0,0,0,0.000,0.000,0.000
68043,64504,0.500,2,2,1,0,0,0,1,0,0,0,0.500,0.500,1.000
68043,67644,0.500,2,2,1,0,0,0,1,0,0,0,0.500,0.500,1.000
51897,52001,0.000,1,1,0,0,0,0,0,0,0,1,0.000,0.000,0.000
51897,79240,1.000,2,1,1,0,0,0,0,0,1,0,1.000,1.000,2.000
51897,79402,0.000,3,2,0,0,0,0,0,1,0,1,0.000,0.333,0.333
51897,64004,0.000,1,1,0,0,0,0,0,0,0,0,0.000,0.000,0.000
51897,64504,0.000,1,1,0,0,0,0,0,0,0,0,0.000,0.000,0.000
51897,66706,0.000,1,1,0,0,0,0,0,0,0,0,0.000,0.000,0.000
51897,67644,0.500,2,2,1,0,0,0,0,0,0,0,0.500,0.500,1.000
50812,52001,1.000,1,1,1,0,0,0,2,0,0,0,1.000,1.000,2.000
50812,79240,0.000,1,1,0,0,0,0,0,0,0,0,0.000,0.000,0.000
50812,78548,1.000,1,1,1,0,0,1,3,0,0,0,4.000,1.000,5.000
50812,79402,0.000,1,1,0,0,0,0,0,0,0,0,0.000,0.000,0.000
50812,64004,0.000,3,3,0,0,0,0,0,0,0,0,0.000,0.000,0.000
50812,51003,0.000,1,1,0,0,0,0,0,0,0,1,0.000,0.000,0.000
68092,78548,-,1,0,0,0,0,0,0,1,0,0,0.000,1.000,1.000
68092,64004,0.333,3,3,1,0,0,0,0,0,0,0,0.333,0.333,0.666
68092,51003,1.000,1,1,1,0,0,0,0,0,0,0,1.000,1.000,2.000
68092,64504,0.000,2,2,0,0,0,0,0,0,0,1,0.000,0.000,0.000
68092,64115,0.333,3,3,1,0,0,0,0,0,0,1,0.333,0.333,0.666
51867,52001,0.250,6,4,1,0,0,1,2,1,0,2,1.000,0.333,1.333
51867,79240,0.222,9,9,2,0,0,0,1,0,0,0,0.222,0.222,0.444
51867,78548,0.167,6,6,1,0,0,0,0,0,0,3,0.167,0.167,0.334
51867,79402,0.273,13,11,3,0,1,0,0,2,0,2,0.455,0.385,0.840
51867,64004,0.125,11,8,1,0,0,0,0,3,0,0,0.125,0.364,0.489
51867,51003,0.250,4,4,1,0,0,0,0,0,0,2,0.250,0.250,0.500
51867,64504,0.000,3,3,0,0,0,0,0,0,0,1,0.000,0.000,0.000
51867,64115,0.000,2,1,0,0,0,0,0,0,0,1,0.000,0.000,0.000
52809,52001,0.500,2,2,1,0,0,1,2,0,0,1,2.000,0.500,2.500
52809,79240,0.000,1,1,0,0,0,0,0,0,0,0,0.000,0.000,0.000
52809,64004,0.000,3,2,0,0,0,0,0,1,0,1,0.000,0.333,0.333
52809,51003,0.500,2,2,1,0,0,0,0,0,0,0,0.500,0.500,1.000
52809,64166,0.000,1,1,0,0,0,0,0,0,0,0,0.000,0.000,0.000
52809,64504,0.000,1,1,0,0,0,0,0,0,0,1,0.000,0.000,0.000
52809,66706,-,1,0,0,0,0,0,0,1,0,0,0.000,1.000,1.000
52809,67644,0.000,2,1,0,0,0,0,0,1,0,0,0.000,0.500,0.500
62869,52001,-,1,0,0,0,0,0,0,0,1,0,0.000,1.000,1.000
62869,79240,-,1,0,0,0,0,0,0,0,1,0,0.000,1.000,1.000
62869,78548,0.000,2,2,0,0,0,0,0,0,0,0,0.000,0.000,0.000
62869,79402,0.000,2,2,0,0,0,0,0,0,0,0,0.000,0.000,0.000
62869,64004,0.667,3,3,2,0,0,0,2,0,0,0,0.667,0.667,1.334
62869,51003,0.000,1,1,0,0,0,0,0,0,0,0,0.000,0.000,0.000
73211,69102,0.000,1,1,0,0,0,0,0,0,0,1,0.000,0.000,0.000
73211,62415,1.000,1,1,1,1,0,0,2,0,0,0,2.000,1.000,3.000
73211,79365,0.500,4,2,1,0,0,1,2,0,1,0,2.000,0.667,2.667
73211,53123,1.000,2,2,2,0,0,1,1,0,0,0,2.500,1.000,3.500
73211,79109,1.000,1,1,1,0,0,0,0,0,0,0,1.000,1.000,2.000
73211,69100,0.000,1,1,0,0,0,0,0,0,0,0,0.000,0.000,0.000
73211,66108,0.000,1,1,0,0,0,0,0,0,0,0,0.000,0.000,0.000
73211,50054,0.000,2,2,0,0,0,0,0,0,0,0,0.000,0.000,0.000
73211,51100,0.000,1,1,0,0,0,0,0,0,0,1,0.000,0.000,0.000
53892,69102,0.000,1,1,0,0,0,0,0,0,0,1,0.000,0.000,0.000
53892,62415,0.000,1,1,0,0,0,0,0,0,0,0,0.000,0.000,0.000
53892,68119,0.000,1,1,0,0,0,0,0,0,0,0,0.000,0.000,0.000
53892,79365,-,1,0,0,0,0,0,0,1,0,0,0.000,1.000,1.000
53892,53123,1.000,2,2,2,0,0,1,4,0,0,0,2.500,1.000,3.500
53892,79109,0.000,3,2,0,0,0,0,0,0,0,0,0.000,0.000,0.000
53892,69100,0.000,1,1,0,0,0,0,0,0,0,0,0.000,0.000,0.000
53892,50054,0.000,1,1,0,0,0,0,0,0,0,0,0.000,0.000,0.000
53892,68110,0.000,1,1,0,0,0,0,0,0,0,0,0.000,0.000,0.000
68043,69102,1.000,1,1,1,0,0,0,2,0,0,0,1.000,1.000,2.000
68043,62415,0.000,1,1,0,0,0,0,0,0,0,0,0.000,0.000,0.000
68043,68119,1.000,1,1,1,0,0,0,1,0,0,0,1.000,1.000,2.000
68043,65207,0.000,4,3,0,0,0,0,0,1,0,0,0.000,0.250,0.250
68043,79365,0.000,3,1,0,0,0,0,0,2,0,0,0.000,0.667,0.667
68043,53123,0.500,3,2,1,0,0,0,1,1,0,1,0.500,0.667,1.167
68043,79109,0.000,2,2,0,0,0,0,0,0,0,1,0.000,0.000,0.000
68043,69100,-,1,0,0,0,0,0,1,0,0,0,0.000,0.000,0.000
68043,66108,0.000,1,1,0,0,0,0,0,0,0,0,0.000,0.000,0.000
68043,50054,0.000,1,1,0,0,0,0,0,0,0,0,0.000,0.000,0.000
68043,68110,0.500,2,2,1,0,0,0,0,0,0,0,0.500,0.500,1.000
51897,69102,0.000,1,1,0,0,0,0,0,0,0,1,0.000,0.000,0.000
51897,62415,1.000,1,1,1,0,0,0,0,0,0,0,1.000,1.000,2.000
51897,65207,1.000,1,1,1,1,0,0,0,0,0,0,2.000,1.000,3.000
51897,53123,0.000,1,1,0,0,0,0,0,0,0,0,0.000,0.000,0.000
51897,79109,0.000,1,1,0,0,0,0,0,0,0,0,0.000,0.000,0.000
51897,66108,-,1,0,0,0,0,0,1,1,0,0,0.000,1.000,1.000
51897,50054,-,1,0,0,0,0,0,0,1,0,0,0.000,1.000,1.000
51897,68110,0.000,2,2,0,0,0,0,0,0,0,1,0.000,0.000,0.000
51897,52154,0.000,1,1,0,0,0,0,0,0,0,1,0.000,0.000,0.000
51897,51100,0.000,1,1,0,0,0,0,0,0,0,0,0.000,0.000,0.000
50812,69102,0.000,1,1,0,0,0,0,0,0,0,1,0.000,0.000,0.000
50812,62415,0.500,2,2,1,0,0,0,0,0,0,1,0.500,0.500,1.000
50812,68119,0.500,2,2,1,0,0,0,0,0,0,0,0.500,0.500,1.000
50812,65207,0.000,3,3,0,0,0,0,0,0,0,0,0.000,0.000,0.000
50812,79365,-,1,0,0,0,0,0,0,1,0,0,0.000,1.000,1.000
50812,53123,1.000,1,1,1,0,0,0,1,0,0,0,1.000,1.000,2.000
50812,79109,-,1,0,0,0,0,0,0,1,0,0,0.000,1.000,1.000
50812,69100,0.000,1,1,0,0,0,0,0,0,0,0,0.000,0.000,0.000
50812,66108,0.500,3,2,1,0,0,0,0,1,0,0,0.500,0.667,1.167
50812,68110,1.000,2,1,1,1,0,0,0,1,0,0,2.000,1.000,3.000
50812,52154,-,1,0,0,0,0,0,1,0,0,0,0.000,0.000,0.000
68092,69102,0.000,2,1,0,0,0,0,1,0,0,0,0.000,0.000,0.000
68092,62415,0.500,3,2,1,0,0,0,1,0,0,1,0.500,0.333,0.833
68092,65207,0.000,3,3,0,0,0,0,0,0,0,1,0.000,0.000,0.000
68092,79365,0.000,1,1,0,0,0,0,0,0,0,0,0.000,0.000,0.000
68092,53123,0.000,1,1,0,0,0,0,0,0,0,0,0.000,0.000,0.000
68092,79109,0.333,3,3,1,0,0,0,2,0,0,1,0.333,0.333,0.666
68092,69100,1.000,1,1,1,0,0,0,0,0,0,0,1.000,1.000,2.000
68092,66108,0.000,3,2,0,0,0,0,0,0,1,1,0.000,0.333,0.333
68092,50054,1.000,1,1,1,0,0,0,0,0,0,0,1.000,1.000,2.000
68092,52154,0.000,1,1,0,0,0,0,0,0,0,0,0.000,0.000,0.000
68092,52103,0.000,2,2,0,0,0,0,0,0,0,1,0.000,0.000,0.000
68092,51100,1.000,1,1,1,0,0,0,0,0,0,0,1.000,1.000,2.000
68856,69102,0.000,4,4,0,0,0,0,0,0,0,2,0.000,0.000,0.000
68856,62415,0.143,8,7,1,0,0,0,0,1,0,1,0.143,0.250,0.393
68856,68119,0.000,2,2,0,0,0,0,0,0,0,0,0.000,0.000,0.000
68856,65207,0.667,6,6,4,1,0,0,1,0,0,0,0.833,0.667,1.500
68856,79365,0.000,4,3,0,0,0,0,0,1,0,1,0.000,0.250,0.250
68856,53123,0.250,6,4,1,0,0,1,1,2,0,1,1.000,0.500,1.500
68856,79109,0.200,6,5,1,0,0,0,0,1,0,1,0.200,0.333,0.533
68856,69100,0.500,2,2,1,0,0,0,0,0,0,0,0.500,0.500,1.000
68856,66108,0.000,5,5,0,0,0,0,0,0,0,0,0.000,0.000,0.000
68856,50054,0.000,3,3,0,0,0,0,0,0,0,0,0.000,0.000,0.000
68856,68110,0.200,5,5,1,1,0,0,1,0,0,1,0.400,0.200,0.600
68856,52154,0.000,1,1,0,0,0,0,0,0,0,0,0.000,0.000,0.000
68856,51100,0.500,2,2,1,0,0,1,2,0,0,1,2.000,0.500,2.500
51867,69102,0.400,5,5,2,0,0,0,1,0,0,0,0.400,0.400,0.800
51867,62415,0.333,9,6,2,1,0,0,0,3,0,1,0.500,0.556,1.056
51867,68119,0.333,3,3,1,0,0,0,0,0,0,1,0.333,0.333,0.666
51867,65207,0.500,8,6,3,0,0,0,1,2,0,2,0.500,0.625,1.125
51867,79365,0.000,8,5,0,0,0,0,1,2,0,2,0.000,0.250,0.250
51867,53123,0.400,11,10,4,1,0,1,3,1,0,3,0.800,0.455,1.255
51867,79109,0.000,8,7,0,0,0,0,0,0,1,1,0.000,0.125,0.125
51867,69100,0.000,5,5,0,0,0,0,0,0,0,2,0.000,0.000,0.000
51867,66108,0.333,6,6,2,0,0,0,1,0,0,1,0.333,0.333,0.666
51867,50054,0.000,3,2,0,0,0,0,0,0,1,1,0.000,0.333,0.333
51867,68110,0.143,7,7,1,1,0,0,3,0,0,2,0.286,0.143,0.429
51867,52154,1.000,2,2,2,1,0,0,1,0,0,0,1.500,1.000,2.500
52809,69102,0.000,3,1,0,0,0,0,1,2,0,0,0.000,0.667,0.667
52809,62415,0.000,1,1,0,0,0,0,0,0,0,0,0.000,0.000,0.000
52809,68119,0.000,2,1,0,0,0,0,0,0,1,0,0.000,0.500,0.500
52809,65207,0.000,1,1,0,0,0,0,0,0,0,0,0.000,0.000,0.000
52809,79365,0.000,1,1,0,0,0,0,0,0,0,0,0.000,0.000,0.000
52809,53123,1.000,2,1,1,0,0,0,0,1,0,0,1.000,1.000,2.000
52809,79109,0.000,2,1,0,0,0,0,0,1,0,0,0.000,0.500,0.500
52809,69100,0.000,2,2,0,0,0,0,0,0,0,0,0.000,0.000,0.000
52809,66108,0.000,2,2,0,0,0,0,0,0,0,1,0.000,0.000,0.000
52809,50054,0.000,2,1,0,0,0,0,0,1,0,1,0.000,0.500,0.500
52809,68110,1.000,1,1,1,0,0,0,1,0,0,0,1.000,1.000,2.000
52809,52154,0.000,1,1,0,0,0,0,0,0,0,0,0.000,0.000,0.000
55855,69102,0.500,3,2,1,0,0,0,1,1,0,0,0.500,0.667,1.167
55855,62415,0.000,2,2,0,0,0,0,0,0,0,1,0.000,0.000,0.000
55855,68119,0.500,3,2,1,0,0,0,0,0,1,0,0.500,0.667,1.167
55855,65207,0.000,2,1,0,0,0,0,0,1,0,1,0.000,0.500,0.500
55855,79365,0.500,2,2,1,1,0,0,0,0,0,1,1.000,0.500,1.500
55855,53123,1.000,3,2,2,0,0,1,3,1,0,0,2.500,1.000,3.500
55855,79109,0.500,3,2,1,0,0,0,1,0,0,1,0.500,0.333,0.833
55855,66108,0.000,2,2,0,0,0,0,0,0,0,1,0.000,0.000,0.000
55855,50054,0.667,3,3,2,0,0,0,0,0,0,0,0.667,0.667,1.334
62869,62415,1.000,2,1,1,0,0,0,1,1,0,0,1.000,1.000,2.000
62869,68119,0.000,2,2,0,0,0,0,0,0,0,0,0.000,0.000,0.000
62869,65207,0.333,3,3,1,0,0,0,1,0,0,0,0.333,0.333,0.666
62869,79365,0.000,2,2,0,0,0,0,1,0,0,0,0.000,0.000,0.000
62869,53123,0.000,1,1,0,0,0,0,0,0,0,0,0.000,0.000,0.000
62869,69100,1.000,1,1,1,0,0,0,0,0,0,0,1.000,1.000,2.000
62869,66108,-,1,0,0,0,0,0,0,0,1,0,0.000,1.000,1.000
62869,50054,0.000,2,1,0,0,0,0,1,0,1,0,0.000,0.500,0.500
62869,68110,0.000,1,1,0,0,0,0,0,0,0,0,0.000,0.000,0.000
62869,51100,1.000,1,1,1,0,0,0,0,0,0,0,1.000,1.000,2.000
73211,69636,-,1,0,0,0,0,0,0,1,0,0,0.000,1.000,1.000
73211,65653,0.500,2,2,1,0,0,0,0,0,0,0,0.500,0.500,1.000
73211,62947,1.000,2,2,2,1,0,1,2,0,0,0,3.000,1.000,4.000
73211,78603,0.000,2,2,0,0,0,0,0,0,0,0,0.000,0.000,0.000
73211,68646,0.333,3,3,1,1,0,0,1,0,0,0,0.667,0.333,1.000
73211,66614,0.333,4,3,1,0,1,0,1,1,0,0,1.000,0.500,1.500
73211,52667,0.000,1,1,0,0,0,0,0,0,0,0,0.000,0.000,0.000
73211,52605,0.500,2,2,1,0,0,0,0,0,0,0,0.500,0.500,1.000
53892,65653,0.333,4,3,1,0,0,1,2,1,0,0,1.333,0.500,1.833
53892,62947,0.250,4,4,1,0,0,0,0,0,0,2,0.250,0.250,0.500
53892,78603,0.667,3,3,2,0,0,0,0,0,0,0,0.667,0.667,1.334
53892,68646,0.333,5,3,1,1,0,0,0,2,0,1,0.667,0.600,1.267
53892,78122,1.000,1,1,1,1,0,0,0,0,0,0,2.000,1.000,3.000
53892,66614,0.000,1,1,0,0,0,0,0,0,0,0,0.000,0.000,0.000
53892,52667,0.000,1,1,0,0,0,0,0,0,0,0,0.000,0.000,0.000
53892,69727,0.000,1,1,0,0,0,0,0,0,0,0,0.000,0.000,0.000
53892,52605,0.333,3,3,1,1,0,0,1,0,0,2,0.667,0.333,1.000
68043,65653,0.500,3,2,1,0,0,0,0,0,0,0,0.500,0.500,1.000
68043,62947,0.000,2,1,0,0,0,0,0,1,0,1,0.000,0.500,0.500
68043,78603,-,1,0,0,0,0,0,0,1,0,0,0.000,1.000,1.000
68043,68646,1.000,2,2,2,2,0,0,2,0,0,0,2.000,1.000,3.000
68043,66614,1.000,1,1,1,0,0,0,1,0,0,0,1.000,1.000,2.000
68043,52667,0.000,1,1,0,0,0,0,0,0,0,1,0.000,0.000,0.000
68043,69727,1.000,1,1,1,0,0,0,0,0,0,0,1.000,1.000,2.000
68043,52605,0.000,4,3,0,0,0,0,0,1,0,0,0.000,0.250,0.250
51897,65653,0.250,4,4,1,0,0,0,0,0,0,3,0.250,0.250,0.500
51897,62947,0.500,2,2,1,0,0,0,0,0,0,0,0.500,0.500,1.000
51897,78603,-,1,0,0,0,0,0,0,0,0,0,0.000,0.000,0.000
51897,68646,0.000,1,1,0,0,0,0,0,0,0,0,0.000,0.000,0.000
51897,66614,0.000,1,1,0,0,0,0,0,0,0,1,0.000,0.000,0.000
51897,69727,0.000,1,1,0,0,0,0,0,0,0,0,0.000,0.000,0.000
51897,52605,0.000,3,3,0,0,0,0,0,0,0,1,0.000,0.000,0.000
50812,65653,0.000,2,2,0,0,0,0,0,0,0,0,0.000,0.000,0.000
50812,62947,0.500,4,4,2,0,0,1,2,0,0,1,1.250,0.500,1.750
50812,78603,1.000,3,2,2,0,0,0,1,1,0,0,1.000,1.000,2.000
50812,68646,0.500,3,2,1,0,0,0,0,1,0,0,0.500,0.667,1.167
50812,66614,0.000,2,2,0,0,0,0,0,0,0,1,0.000,0.000,0.000
50812,69727,0.000,1,1,0,0,0,0,0,0,0,0,0.000,0.000,0.000
50812,52605,0.000,1,1,0,0,0,0,0,0,0,0,0.000,0.000,0.000
68092,65653,0.000,1,1,0,0,0,0,0,0,0,1,0.000,0.000,0.000
68092,62947,1.000,1,1,1,0,0,0,0,0,0,0,1.000,1.000,2.000
68092,68646,0.000,1,1,0,0,0,0,0,0,0,0,0.000,0.000,0.000
68092,66614,-,1,0,0,0,0,0,0,0,1,0,0.000,1.000,1.000
68092,69727,0.000,1,1,0,0,0,0,0,0,0,1,0.000,0.000,0.000
68092,52605,0.000,2,1,0,0,0,0,0,1,0,0,0.000,0.500,0.500
68856,65653,0.000,3,2,0,0,0,0,0,1,0,2,0.000,0.333,0.333
68856,62947,0.000,4,4,0,0,0,0,0,0,0,2,0.000,0.000,0.000
68856,78603,0.333,3,3,1,1,0,0,1,0,0,0,0.667,0.333,1.000
68856,68646,0.333,3,3,1,0,0,0,0,0,0,1,0.333,0.333,0.666
68856,66614,0.500,2,2,1,0,0,0,0,0,0,0,0.500,0.500,1.000
68856,52605,0.000,4,3,0,0,0,0,0,1,0,1,0.000,0.250,0.250
51867,65653,0.083,12,12,1,0,0,0,0,0,0,4,0.083,0.083,0.166
51867,62947,0.375,12,8,3,0,0,1,3,4,0,1,0.750,0.583,1.333
51867,78603,0.400,9,5,2,0,0,0,1,3,1,0,0.400,0.667,1.067
51867,68646,0.375,9,8,3,3,0,0,1,1,0,1,0.750,0.444,1.194
51867,66614,0.000,2,2,0,0,0,0,0,0,0,1,0.000,0.000,0.000
51867,52667,0.500,2,2,1,0,0,0,0,0,0,1,0.500,0.500,1.000
51867,69727,0.500,2,2,1,0,0,0,2,0,0,0,0.500,0.500,1.000
51867,52605,0.556,12,9,5,0,0,2,3,2,1,1,1.222,0.667,1.889
51867,64560,0.000,2,2,0,0,0,0,0,0,0,1,0.000,0.000,0.000
52809,69636,0.000,2,2,0,0,0,0,0,0,0,2,0.000,0.000,0.000
52809,65653,0.333,3,3,1,0,0,0,0,0,0,2,0.333,0.333,0.666
52809,62947,0.000,1,1,0,0,0,0,0,0,0,1,0.000,0.000,0.000
52809,78603,0.333,6,6,2,0,0,0,0,0,0,0,0.333,0.333,0.666
52809,68646,0.500,5,4,2,0,0,1,1,1,0,1,1.250,0.600,1.850
52809,78122,0.000,1,1,0,0,0,0,0,0,0,1,0.000,0.000,0.000
52809,66614,0.250,5,4,1,1,0,0,0,1,0,1,0.500,0.400,0.900
52809,52667,0.000,2,2,0,0,0,0,0,0,0,1,0.000,0.000,0.000
52809,69727,0.000,2,1,0,0,0,0,0,0,1,1,0.000,0.500,0.500
52809,52605,0.000,2,2,0,0,0,0,0,0,0,1,0.000,0.000,0.000
65343,65653,-,1,0,0,0,0,0,0,1,0,0,0.000,1.000,1.000
65343,68646,0.000,1,1,0,0,0,0,0,0,0,1,0.000,0.000,0.000
65343,52605,-,1,0,0,0,0,0,0,1,0,0,0.000,1.000,1.000
55855,69636,0.000,2,2,0,0,0,0,0,0,0,1,0.000,0.000,0.000
55855,65653,0.000,3,2,0,0,0,0,0,1,0,1,0.000,0.333,0.333
55855,62947,1.000,3,2,2,0,0,0,1,1,0,0,1.000,1.000,2.000
55855,78603,0.667,3,3,2,0,0,0,4,0,0,0,0.667,0.667,1.334
55855,78122,0.000,2,2,0,0,0,0,0,0,0,1,0.000,0.000,0.000
55855,52667,0.500,2,2,1,0,0,0,0,0,0,0,0.500,0.500,1.000
55855,52605,0.667,3,3,2,0,0,0,0,0,0,0,0.667,0.667,1.334
62869,65653,0.000,2,2,0,0,0,0,0,0,0,0,0.000,0.000,0.000
62869,62947,0.000,1,1,0,0,0,0,0,0,0,1,0.000,0.000,0.000
62869,78603,0.000,3,3,0,0,0,0,0,0,0,1,0.000,0.000,0.000
62869,68646,0.000,1,1,0,0,0,0,0,0,0,0,0.000,0.000,0.000
62869,78122,0.000,1,1,0,0,0,0,0,0,0,0,0.000,0.000,0.000
62869,66614,0.500,2,2,1,1,0,0,0,0,0,0,1.000,0.500,1.500
62869,52605,0.000,3,1,0,0,0,0,1,1,0,0,0.000,0.333,0.333
73211,79231,0.667,4,3,2,0,0,0,0,1,0,1,0.667,0.750,1.417
73211,76232,0.000,2,1,0,0,0,0,0,1,0,0,0.000,0.500,0.500
73211,50208,-,1,0,0,0,0,0,0,0,0,0,0.000,0.000,0.000
73211,55252,0.333,4,3,1,0,0,1,1,1,0,0,1.333,0.500,1.833
73211,64153,1.000,1,1,1,0,0,0,0,0,0,0,1.000,1.000,2.000
73211,53554,0.000,1,1,0,0,0,0,0,0,0,0,0.000,0.000,0.000
73211,66112,0.000,1,1,0,0,0,0,0,0,0,0,0.000,0.000,0.000
73211,51203,0.500,2,2,1,0,0,0,0,0,0,0,0.500,0.500,1.000
73211,66209,0.000,1,1,0,0,0,0,0,0,0,0,0.000,0.000,0.000
53892,79231,0.000,2,2,0,0,0,0,0,0,0,1,0.000,0.000,0.000
53892,76232,0.333,3,3,1,1,0,0,0,0,0,0,0.667,0.333,1.000
53892,63123,0.000,1,1,0,0,0,0,0,0,0,0,0.000,0.000,0.000
53892,55252,0.500,2,2,1,0,0,0,0,0,0,0,0.500,0.500,1.000
53892,53554,0.000,2,1,0,0,0,0,0,0,0,1,0.000,0.000,0.000
53892,51203,-,1,0,0,0,0,0,0,1,0,0,0.000,1.000,1.000
68043,79231,0.000,1,1,0,0,0,0,0,0,0,1,0.000,0.000,0.000
68043,76232,1.000,2,1,1,0,0,0,1,0,0,0,1.000,0.500,1.500
68043,63123,0.000,1,1,0,0,0,0,0,0,0,0,0.000,0.000,0.000
68043,55252,0.500,2,2,1,1,0,0,0,0,0,0,1.000,0.500,1.500
68043,64153,0.000,1,1,0,0,0,0,0,0,0,0,0.000,0.000,0.000
68043,51203,-,1,0,0,0,0,0,0,1,0,0,0.000,1.000,1.000
51897,79231,0.500,2,2,1,0,0,0,0,0,0,1,0.500,0.500,1.000
51897,76232,0.000,2,1,0,0,0,0,0,1,0,1,0.000,0.500,0.500
51897,63123,0.000,2,2,0,0,0,0,0,0,0,1,0.000,0.000,0.000
51897,50208,-,1,0,0,0,0,0,0,1,0,0,0.000,1.000,1.000
51897,55252,0.000,1,1,0,0,0,0,0,0,0,1,0.000,0.000,0.000
51897,64153,0.000,1,1,0,0,0,0,0,0,0,0,0.000,0.000,0.000
51897,53554,0.000,3,3,0,0,0,0,0,0,0,0,0.000,0.000,0.000
51897,63257,0.000,1,1,0,0,0,0,0,0,0,1,0.000,0.000,0.000
51897,66209,0.000,1,1,0,0,0,0,0,0,0,0,0.000,0.000,0.000
50812,79231,1.000,1,1,1,0,0,0,0,0,0,0,1.000,1.000,2.000
50812,76232,0.000,1,1,0,0,0,0,0,0,0,0,0.000,0.000,0.000
50812,55252,0.000,1,1,0,0,0,0,0,0,0,0,0.000,0.000,0.000
50812,64153,0.000,1,1,0,0,0,0,0,0,0,1,0.000,0.000,0.000
50812,53554,0.000,2,1,0,0,0,0,0,1,0,0,0.000,0.500,0.500
50812,51203,0.000,2,2,0,0,0,0,0,0,0,2,0.000,0.000,0.000
50812,66209,1.000,1,1,1,0,0,0,0,0,0,0,1.000,1.000,2.000
68092,79231,0.000,2,2,0,0,0,0,0,0,0,0,0.000,0.000,0.000
68092,76232,0.000,1,1,0,0,0,0,0,0,0,0,0.000,0.000,0.000
68092,63123,-,1,0,0,0,0,0,0,1,0,0,0.000,1.000,1.000
68092,55252,0.500,2,2,1,0,0,0,0,0,0,0,0.500,0.500,1.000
68092,64153,0.000,1,1,0,0,0,0,0,0,0,1,0.000,0.000,0.000
68092,53554,0.500,2,2,1,0,0,0,0,0,0,0,0.500,0.500,1.000
68092,66209,0.000,3,3,0,0,0,0,0,0,0,1,0.000,0.000,0.000
68856,79231,0.000,4,3,0,0,0,0,0,1,0,0,0.000,0.250,0.250
68856,76232,0.200,5,5,1,1,0,0,0,0,0,1,0.400,0.200,0.600
68856,63123,0.500,2,2,1,0,0,0,0,0,0,0,0.500,0.500,1.000
68856,50208,-,1,0,0,0,0,0,0,1,0,0,0.000,1.000,1.000
68856,55252,0.667,7,6,4,1,0,1,3,1,0,0,1.333,0.714,2.047
68856,64153,0.500,2,2,1,0,0,0,0,0,0,1,0.500,0.500,1.000
68856,53554,0.333,4,3,1,0,0,0,1,0,1,0,0.333,0.500,0.833
68856,63257,0.000,1,1,0,0,0,0,0,0,0,0,0.000,0.000,0.000
68856,51203,0.333,4,3,1,0,0,0,0,1,0,0,0.333,0.500,0.833
52809,79231,0.000,2,1,0,0,0,0,1,0,0,0,0.000,0.000,0.000
52809,76232,1.000,2,1,1,0,0,0,0,1,0,0,1.000,1.000,2.000
52809,63123,1.000,1,1,1,0,0,0,0,0,0,0,1.000,1.000,2.000
52809,55252,0.000,2,2,0,0,0,0,0,0,0,1,0.000,0.000,0.000
52809,53554,0.000,1,1,0,0,0,0,0,0,0,1,0.000,0.000,0.000
52809,51203,0.500,2,2,1,0,0,0,0,0,0,0,0.500,0.500,1.000
55855,79231,0.000,2,2,0,0,0,0,0,0,0,0,0.000,0.000,0.000
55855,76232,0.000,2,2,0,0,0,0,0,0,0,0,0.000,0.000,0.000
55855,55252,0.000,3,3,0,0,0,0,0,0,0,2,0.000,0.000,0.000
55855,64153,0.000,2,2,0,0,0,0,0,0,0,1,0.000,0.000,0.000
55855,53554,1.000,2,2,2,0,0,0,0,0,0,0,1.000,1.000,2.000
62869,79231,0.333,3,3,1,0,0,1,1,0,0,1,1.333,0.333,1.666
62869,76232,-,1,0,0,0,0,0,0,1,0,0,0.000,1.000,1.000
62869,50208,0.000,1,1,0,0,0,0,0,0,0,0,0.000,0.000,0.000
62869,55252,0.667,3,3,2,1,0,1,1,0,0,0,2.000,0.667,2.667
62869,53554,0.333,3,3,1,0,0,0,0,0,0,0,0.333,0.333,0.666
62869,51203,0.000,2,2,0,0,0,0,0,0,0,0,0.000,0.000,0.000
62869,66209,0.000,1,1,0,0,0,0,0,0,0,0,0.000,0.000,0.000
73211,51907,0.500,3,2,1,0,0,0,0,1,0,0,0.500,0.667,1.167
73211,62907,0.500,2,2,1,1,0,0,1,0,0,1,1.000,0.500,1.500
73211,79215,-,1,0,0,0,0,0,0,1,0,0,0.000,1.000,1.000
73211,68912,0.500,2,2,1,0,0,0,1,0,0,1,0.500,0.500,1.000
73211,63260,1.000,1,1,1,0,0,0,1,0,0,0,1.000,1.000,2.000
73211,67905,-,1,0,0,0,0,0,0,0,0,0,0.000,0.000,0.000
73211,69995,0.000,1,1,0,0,0,0,0,0,0,0,0.000,0.000,0.000
73211,64101,0.000,2,1,0,0,0,0,0,0,0,1,0.000,0.000,0.000
73211,50902,0.000,1,1,0,0,0,0,0,0,0,0,0.000,0.000,0.000
53892,51907,1.000,1,1,1,0,0,0,1,0,0,0,1.000,1.000,2.000
53892,51344,-,1,0,0,0,0,0,0,1,0,0,0.000,1.000,1.000
53892,62907,1.000,1,1,1,0,0,0,0,0,0,0,1.000,1.000,2.000
53892,63963,0.000,1,1,0,0,0,0,0,0,0,0,0.000,0.000,0.000
53892,79215,0.000,1,1,0,0,0,0,0,0,0,1,0.000,0.000,0.000
53892,68912,0.000,1,1,0,0,0,0,0,0,0,1,0.000,0.000,0.000
53892,63260,1.000,2,1,1,0,0,0,0,1,0,0,1.000,1.000,2.000
53892,67905,0.500,2,2,1,1,0,0,1,0,0,0,1.000,0.500,1.500
53892,50902,1.000,1,1,1,1,0,0,2,0,0,0,2.000,1.000,3.000
68043,51907,0.000,1,1,0,0,0,0,0,0,0,0,0.000,0.000,0.000
68043,51344,0.000,1,1,0,0,0,0,0,0,0,1,0.000,0.000,0.000
68043,62907,0.000,2,2,0,0,0,0,0,0,0,0,0.000,0.000,0.000
68043,79215,0.333,3,3,1,0,0,0,0,0,0,1,0.333,0.333,0.666
68043,68912,0.500,3,2,1,0,0,0,0,1,0,1,0.500,0.667,1.167
68043,63260,0.000,2,1,0,0,0,0,0,1,0,1,0.000,0.500,0.500
68043,67905,0.000,3,3,0,0,0,0,0,0,0,3,0.000,0.000,0.000
68043,69995,1.000,1,1,1,0,0,0,0,0,0,0,1.000,1.000,2.000
68043,69992,0.000,2,1,0,0,0,0,0,0,1,0,0.000,0.500,0.500
68043,64101,0.000,1,1,0,0,0,0,0,0,0,0,0.000,0.000,0.000
68043,50902,0.000,1,1,0,0,0,0,0,0,0,0,0.000,0.000,0.000
51897,51907,0.000,2,1,0,0,0,0,0,1,0,0,0.000,0.500,0.500
51897,51344,-,1,0,0,0,0,0,0,1,0,0,0.000,1.000,1.000
51897,62907,0.000,2,2,0,0,0,0,0,0,0,1,0.000,0.000,0.000
51897,68912,0.000,1,1,0,0,0,0,0,0,0,0,0.000,0.000,0.000
51897,67905,0.000,2,2,0,0,0,0,0,0,0,1,0.000,0.000,0.000
51897,69992,0.000,1,1,0,0,0,0,0,0,0,1,0.000,0.000,0.000
51897,64101,0.000,1,1,0,0,0,0,0,0,0,1,0.000,0.000,0.000
50812,51907,0.000,3,2,0,0,0,0,1,0,0,0,0.000,0.000,0.000
50812,62907,0.000,1,1,0,0,0,0,0,0,0,0,0.000,0.000,0.000
50812,68912,1.000,1,1,1,0,0,0,2,0,0,0,1.000,1.000,2.000
50812,64101,0.000,3,3,0,0,0,0,0,0,0,1,0.000,0.000,0.000
68092,51907,0.000,2,2,0,0,0,0,0,0,0,0,0.000,0.000,0.000
68092,62907,1.000,1,1,1,0,0,0,0,0,0,0,1.000,1.000,2.000
68092,79215,1.000,1,1,1,0,0,1,2,0,0,0,4.000,1.000,5.000
68092,68912,0.000,1,1,0,0,0,0,0,0,0,0,0.000,0.000,0.000
68092,69992,-,1,0,0,0,0,0,0,0,0,0,0.000,0.000,0.000
68092,64101,0.000,1,1,0,0,0,0,0,0,0,0,0.000,0.000,0.000
68856,51907,0.167,6,6,1,0,0,0,0,0,0,1,0.167,0.167,0.334
68856,62907,0.333,6,6,2,0,0,0,0,0,0,1,0.333,0.333,0.666
68856,63963,0.000,3,3,0,0,0,0,0,0,0,0,0.000,0.000,0.000
68856,79215,0.500,5,4,2,0,0,2,4,1,0,0,2.000,0.600,2.600
68856,68912,0.000,2,1,0,0,0,0,0,1,0,0,0.000,0.500,0.500
68856,63260,0.400,5,5,2,0,0,0,1,0,0,1,0.400,0.400,0.800
68856,67905,0.000,2,2,0,0,0,0,0,0,0,1,0.000,0.000,0.000
68856,69995,0.000,2,2,0,0,0,0,0,0,0,0,0.000,0.000,0.000
68856,69992,0.333,3,3,1,0,0,0,0,0,0,1,0.333,0.333,0.666
68856,64101,0.250,4,4,1,0,0,0,0,0,0,1,0.250,0.250,0.500
68856,50902,0.500,4,4,2,0,0,0,1,0,0,0,0.500,0.500,1.000
51867,51907,0.286,9,7,2,0,0,0,0,2,0,0,0.286,0.444,0.730
51867,51344,0.000,2,2,0,0,0,0,0,0,0,0,0.000,0.000,0.000
51867,62907,0.222,9,9,2,0,0,0,2,0,0,0,0.222,0.222,0.444
51867,63963,0.333,3,3,1,0,0,0,0,0,0,0,0.333,0.333,0.666
51867,79215,0.000,8,6,0,0,0,0,0,2,0,0,0.000,0.250,0.250
51867,68912,0.400,6,5,2,0,0,1,2,1,0,2,1.000,0.500,1.500
51867,63260,0.400,5,5,2,0,0,2,2,0,0,2,1.600,0.400,2.000
51867,67905,0.000,4,4,0,0,0,0,0,0,0,2,0.000,0.000,0.000
51867,69995,0.500,2,2,1,0,0,0,0,0,0,0,0.500,0.500,1.000
51867,69992,0.000,2,1,0,0,0,0,0,0,1,1,0.000,0.500,0.500
51867,64101,0.333,3,3,1,0,0,0,0,0,0,0,0.333,0.333,0.666
51867,50902,0.000,2,2,0,0,0,0,0,0,0,1,0.000,0.000,0.000
52809,51907,0.500,2,2,1,0,0,0,0,0,0,0,0.500,0.500,1.000
52809,51344,-,1,0,0,0,0,0,0,1,0,0,0.000,1.000,1.000
52809,79215,0.500,2,2,1,0,0,0,1,0,0,0,0.500,0.500,1.000
52809,68912,1.000,2,2,2,0,0,0,2,0,0,0,1.000,1.000,2.000
52809,63260,0.000,3,2,0,0,0,0,0,0,1,1,0.000,0.333,0.333
52809,67905,0.500,2,2,1,0,0,1,3,0,0,0,2.000,0.500,2.500
52809,68904,0.500,2,2,1,0,0,0,0,0,0,1,0.500,0.500,1.000
52809,64101,-,1,0,0,0,0,0,0,1,0,0,0.000,1.000,1.000
62869,51907,0.000,2,1,0,0,0,0,0,0,1,0,0.000,0.500,0.500
62869,62907,0.000,2,2,0,0,0,0,0,0,0,0,0.000,0.000,0.000
62869,79215,0.250,4,4,1,0,0,0,0,0,0,0,0.250,0.250,0.500
62869,68912,0.000,2,1,0,0,0,0,0,0,1,0,0.000,0.500,0.500
62869,63260,0.000,2,2,0,0,0,0,0,0,0,0,0.000,0.000,0.000
62869,67905,0.000,3,3,0,0,0,0,0,0,0,0,0.000,0.000,0.000
62869,69995,-,2,0,0,0,0,0,0,2,0,0,0.000,1.000,1.000
62869,68904,-,1,0,0,0,0,0,0,1,0,0,0.000,1.000,1.000
62869,50902,0.500,2,2,1,1,0,0,0,0,0,0,1.000,0.500,1.500
73211,54529,1.000,1,1,1,0,0,0,2,0,0,0,1.000,1.000,2.000
73211,69517,1.000,1,1,1,0,0,0,0,0,0,0,1.000,1.000,2.000
73211,78513,0.000,2,2,0,0,0,0,0,0,0,1,0.000,0.000,0.000
73211,52591,0.667,4,3,2,1,0,0,0,1,0,0,1.000,0.750,1.750
73211,51551,0.000,1,1,0,0,0,0,0,0,0,1,0.000,0.000,0.000
73211,50150,0.000,1,1,0,0,0,0,0,0,0,0,0.000,0.000,0.000
73211,68205,0.250,4,4,1,0,0,0,1,0,0,1,0.250,0.250,0.500
73211,61102,0.333,3,3,1,0,0,0,0,0,0,0,0.333,0.333,0.666
73211,68507,0.000,1,1,0,0,0,0,0,0,0,1,0.000,0.000,0.000
73211,50500,0.333,3,3,1,0,0,0,0,0,0,1,0.333,0.333,0.666
73211,52568,0.000,1,1,0,0,0,0,0,0,0,0,0.000,0.000,0.000
73211,54598,0.000,1,1,0,0,0,0,0,0,0,0,0.000,0.000,0.000
73211,55530,0.000,1,1,0,0,0,0,0,0,0,1,0.000,0.000,0.000
53892,54529,0.000,2,2,0,0,0,0,0,0,0,0,0.000,0.000,0.000
53892,78513,0.000,2,2,0,0,0,0,0,0,0,0,0.000,0.000,0.000
53892,52591,0.000,3,2,0,0,0,0,0,1,0,0,0.000,0.333,0.333
53892,51551,1.000,2,1,1,0,0,0,2,1,0,0,1.000,1.000,2.000
53892,68205,0.667,3,3,2,0,0,1,6,0,0,0,1.667,0.667,2.334
53892,61102,0.000,1,1,0,0,0,0,0,0,0,0,0.000,0.000,0.000
53892,68507,0.000,1,1,0,0,0,0,0,0,0,1,0.000,0.000,0.000
53892,52568,0.000,1,1,0,0,0,0,0,0,0,0,0.000,0.000,0.000
53892,54598,-,1,0,0,0,0,0,0,1,0,0,0.000,1.000,1.000
68043,54529,1.000,2,1,1,0,0,1,3,1,0,0,4.000,1.000,5.000
68043,69517,0.000,1,1,0,0,0,0,0,0,0,0,0.000,0.000,0.000
68043,52591,0.000,5,2,0,0,0,0,0,3,0,0,0.000,0.600,0.600
68043,51551,1.000,1,1,1,0,0,1,1,0,0,0,4.000,1.000,5.000
68043,50150,0.000,1,1,0,0,0,0,0,0,0,1,0.000,0.000,0.000
68043,68205,0.125,8,8,1,0,0,0,0,0,0,2,0.125,0.125,0.250
68043,61102,0.000,2,2,0,0,0,0,0,0,0,0,0.000,0.000,0.000
68043,68507,0.500,2,2,1,0,0,0,1,0,0,1,0.500,0.500,1.000
68043,50500,0.000,1,1,0,0,0,0,0,0,0,0,0.000,0.000,0.000
68043,52568,0.000,3,2,0,0,0,0,0,1,0,0,0.000,0.333,0.333
68043,54598,0.000,1,1,0,0,0,0,0,0,0,1,0.000,0.000,0.000
51897,54529,0.333,3,3,1,0,0,0,0,0,0,0,0.333,0.333,0.666
51897,78513,0.000,2,1,0,0,0,0,0,1,0,0,0.000,0.500,0.500
51897,52591,0.000,4,4,0,0,0,0,0,0,0,1,0.000,0.000,0.000
51897,51551,-,1,0,0,0,0,0,0,1,0,0,0.000,1.000,1.000
51897,50150,0.000,2,2,0,0,0,0,0,0,0,1,0.000,0.000,0.000
51897,68205,0.000,2,2,0,0,0,0,0,0,0,1,0.000,0.000,0.000
51897,50500,0.250,4,4,1,0,0,0,0,0,0,0,0.250,0.250,0.500
50812,54529,0.500,2,2,1,0,0,0,0,0,0,1,0.500,0.500,1.000
50812,69517,0.000,1,1,0,0,0,0,0,0,0,1,0.000,0.000,0.000
50812,78513,0.000,1,1,0,0,0,0,0,0,0,0,0.000,0.000,0.000
50812,52591,1.000,1,1,1,0,0,0,0,0,0,0,1.000,1.000,2.000
50812,51551,0.000,1,1,0,0,0,0,0,0,0,0,0.000,0.000,0.000
50812,50150,0.000,1,1,0,0,0,0,0,0,0,0,0.000,0.000,0.000
50812,68205,-,1,0,0,0,0,0,0,1,0,0,0.000,1.000,1.000
50812,68507,0.667,3,3,2,0,0,0,1,0,0,0,0.667,0.667,1.334
50812,50500,0.000,1,1,0,0,0,0,0,0,0,0,0.000,0.000,0.000
50812,52568,0.000,1,1,0,0,0,0,0,0,0,0,0.000,0.000,0.000
50812,77564,-,1,0,0,0,0,0,0,1,0,0,0.000,1.000,1.000
50812,54598,0.000,1,1,0,0,0,0,0,0,0,0,0.000,0.000,0.000
68092,54529,1.000,1,1,1,1,0,0,1,0,0,0,2.000,1.000,3.000
68092,69517,0.000,1,1,0,0,0,0,0,0,0,0,0.000,0.000,0.000
68092,78513,1.000,1,1,1,0,0,0,1,0,0,0,1.000,1.000,2.000
68092,68205,1.000,1,1,1,0,0,0,0,0,0,0,1.000,1.000,2.000
68092,68507,0.000,2,2,0,0,0,0,0,0,0,0,0.000,0.000,0.000
68092,54598,0.000,1,1,0,0,0,0,0,0,0,1,0.000,0.000,0.000
68856,54529,1.000,1,1,1,0,0,0,1,0,0,0,1.000,1.000,2.000
68856,69517,1.000,1,1,1,1,0,0,1,0,0,0,2.000,1.000,3.000
68856,68205,0.000,1,1,0,0,0,0,0,0,0,0,0.000,0.000,0.000
68856,52568,1.000,1,1,1,1,0,0,0,0,0,0,2.000,1.000,3.000
51867,54529,0.000,4,3,0,0,0,0,0,1,0,0,0.000,0.250,0.250
51867,69517,0.333,3,3,1,0,0,0,0,0,0,0,0.333,0.333,0.666
51867,78513,-,1,0,0,0,0,0,0,1,0,0,0.000,1.000,1.000
51867,52591,0.000,4,3,0,0,0,0,0,1,0,1,0.000,0.250,0.250
51867,51551,0.333,3,3,1,0,0,0,0,0,0,1,0.333,0.333,0.666
51867,50150,0.667,4,3,2,0,0,0,0,1,0,1,0.667,0.750,1.417
51867,68205,1.000,4,4,4,0,0,1,2,0,0,0,1.750,1.000,2.750
51867,61102,1.000,1,1,1,0,0,1,1,0,0,0,4.000,1.000,5.000
51867,52568,0.000,1,1,0,0,0,0,0,0,0,0,0.000,0.000,0.000
52809,54529,0.000,3,3,0,0,0,0,0,0,0,0,0.000,0.000,0.000
52809,69517,0.000,2,2,0,0,0,0,0,0,0,1,0.000,0.000,0.000
52809,78513,0.000,1,1,0,0,0,0,0,0,0,0,0.000,0.000,0.000
52809,52591,0.000,1,1,0,0,0,0,0,0,0,1,0.000,0.000,0.000
52809,51551,0.000,1,1,0,0,0,0,0,0,0,1,0.000,0.000,0.000
52809,50150,0.000,1,1,0,0,0,0,0,0,0,0,0.000,0.000,0.000
52809,68205,0.000,1,1,0,0,0,0,0,0,0,0,0.000,0.000,0.000
52809,61102,0.000,1,1,0,0,0,0,0,0,0,1,0.000,0.000,0.000
52809,50500,0.000,2,2,0,0,0,0,0,0,0,1,0.000,0.000,0.000
52809,52568,0.000,1,1,0,0,0,0,0,0,0,0,0.000,0.000,0.000
55855,54529,0.000,3,2,0,0,0,0,0,1,0,1,0.000,0.333,0.333
55855,78513,0.000,3,2,0,0,0,0,0,1,0,0,0.000,0.333,0.333
55855,52591,0.000,3,3,0,0,0,0,1,0,0,0,0.000,0.000,0.000
55855,50150,0.000,3,3,0,0,0,0,0,0,0,1,0.000,0.000,0.000
55855,68205,0.000,2,2,0,0,0,0,0,0,0,0,0.000,0.000,0.000
55855,61102,0.000,2,2,0,0,0,0,0,0,0,0,0.000,0.000,0.000
55855,50500,1.000,1,1,1,0,0,0,0,0,0,0,1.000,1.000,2.000
55855,52568,1.000,2,1,1,0,0,0,0,1,0,0,1.000,1.000,2.000
55855,77564,0.000,1,1,0,0,0,0,0,0,0,0,0.000,0.000,0.000
55855,54598,-,1,0,0,0,0,0,0,1,0,0,0.000,1.000,1.000
62869,54529,0.000,5,5,0,0,0,0,0,0,0,2,0.000,0.000,0.000
62869,69517,1.000,2,2,2,0,0,0,0,0,0,0,1.000,1.000,2.000
62869,78513,0.000,2,2,0,0,0,0,0,0,0,0,0.000,0.000,0.000
62869,52591,1.000,2,1,1,0,0,0,0,1,0,0,1.000,1.000,2.000
62869,51551,1.000,3,1,1,0,0,0,0,2,0,0,1.000,1.000,2.000
62869,50150,0.000,1,1,0,0,0,0,0,0,0,0,0.000,0.000,0.000
62869,68205,0.333,3,3,1,0,0,0,0,0,0,1,0.333,0.333,0.666
62869,61102,0.000,1,1,0,0,0,0,0,0,0,0,0.000,0.000,0.000
62869,68507,0.000,1,1,0,0,0,0,0,0,0,0,0.000,0.000,0.000
62869,50500,0.000,2,2,0,0,0,0,0,0,0,0,0.000,0.000,0.000
62869,52568,0.000,3,2,0,0,0,0,0,1,0,0,0.000,0.333,0.333
73211,69737,0.333,3,3,1,0,0,0,2,0,0,1,0.333,0.333,0.666
73211,53764,0.000,1,1,0,0,0,0,0,0,0,0,0.000,0.000,0.000
73211,79192,-,1,0,0,0,0,0,0,1,0,0,0.000,1.000,1.000
73211,66704,0.000,1,1,0,0,0,0,0,0,0,1,0.000,0.000,0.000
73211,54795,0.000,1,1,0,0,0,0,0,0,0,0,0.000,0.000,0.000
73211,64006,0.500,2,2,1,0,0,0,0,0,0,1,0.500,0.500,1.000
73211,50707,0.000,1,1,0,0,0,0,0,0,0,0,0.000,0.000,0.000
53892,69737,0.333,3,3,1,0,0,0,1,0,0,0,0.333,0.333,0.666
53892,53764,-,1,0,0,0,0,0,0,1,0,0,0.000,1.000,1.000
53892,79192,0.500,2,2,1,1,0,0,0,0,0,0,1.000,0.500,1.500
53892,78288,0.000,3,3,0,0,0,0,0,0,0,3,0.000,0.000,0.000
53892,66704,0.000,1,1,0,0,0,0,0,0,0,0,0.000,0.000,0.000
53892,65703,0.000,1,1,0,0,0,0,0,0,0,0,0.000,0.000,0.000
53892,64006,0.500,2,2,1,0,0,0,0,0,0,0,0.500,0.500,1.000
53892,68700,0.000,1,1,0,0,0,0,1,0,0,0,0.000,0.000,0.000
68043,69737,0.143,7,7,1,0,0,0,0,0,0,3,0.143,0.143,0.286
68043,53764,0.000,4,2,0,0,0,0,0,2,0,0,0.000,0.500,0.500
68043,79192,0.000,3,2,0,0,0,0,1,0,1,1,0.000,0.333,0.333
68043,66657,0.000,1,1,0,0,0,0,0,0,0,1,0.000,0.000,0.000
68043,78288,0.000,1,1,0,0,0,0,0,0,0,1,0.000,0.000,0.000
68043,66704,0.500,2,2,1,0,0,0,0,0,0,1,0.500,0.500,1.000
68043,54795,0.000,1,1,0,0,0,0,0,0,0,0,0.000,0.000,0.000
68043,65703,0.000,2,1,0,0,0,0,0,1,0,0,0.000,0.500,0.500
68043,64006,1.000,1,1,1,0,0,0,0,0,0,0,1.000,1.000,2.000
51897,69737,0.500,2,2,1,0,0,0,1,0,0,0,0.500,0.500,1.000
51897,53764,0.500,2,2,1,0,0,0,0,0,0,0,0.500,0.500,1.000
51897,79192,0.000,2,2,0,0,0,0,0,0,0,2,0.000,0.000,0.000
51897,78288,0.000,1,1,0,0,0,0,0,0,0,0,0.000,0.000,0.000
51897,66704,1.000,1,1,1,0,0,0,1,0,0,0,1.000,1.000,2.000
51897,54795,-,1,0,0,0,0,0,0,0,0,0,0.000,0.000,0.000
51897,65703,-,1,0,0,0,0,0,0,1,0,0,0.000,1.000,1.000
51897,64006,0.333,3,3,1,0,0,0,1,0,0,1,0.333,0.333,0.666
51897,50707,0.000,1,1,0,0,0,0,0,0,0,1,0.000,0.000,0.000
50812,69737,1.000,3,2,2,0,0,1,1,1,0,0,2.500,1.000,3.500
50812,53764,0.000,3,2,0,0,0,0,1,0,0,1,0.000,0.000,0.000
50812,66657,-,1,0,0,0,0,0,0,1,0,0,0.000,1.000,1.000
50812,78288,0.000,1,1,0,0,0,0,0,0,0,0,0.000,0.000,0.000
50812,66704,0.000,3,2,0,0,0,0,0,0,0,0,0.000,0.000,0.000
50812,65703,0.000,2,1,0,0,0,0,0,1,0,0,0.000,0.500,0.500
50812,64006,0.250,4,4,1,0,0,0,0,0,0,1,0.250,0.250,0.500
50812,68700,1.000,1,1,1,1,0,0,0,0,0,0,2.000,1.000,3.000
50812,50707,0.000,2,2,0,0,0,0,0,0,0,0,0.000,0.000,0.000
68092,69737,-,1,0,0,0,0,0,0,0,1,0,0.000,1.000,1.000
68092,53764,0.000,2,1,0,0,0,0,0,1,0,0,0.000,0.500,0.500
68092,79192,0.000,1,1,0,0,0,0,1,0,0,0,0.000,0.000,0.000
68092,54795,-,1,0,0,0,0,0,0,0,1,0,0.000,1.000,1.000
68856,69737,0.333,9,6,2,0,0,0,1,2,0,2,0.333,0.444,0.777
68856,53764,0.300,12,10,3,0,0,0,0,2,0,1,0.300,0.417,0.717
68856,79192,0.167,6,6,1,0,0,0,0,0,0,0,0.167,0.167,0.334
68856,78288,0.250,5,4,1,0,0,0,0,1,0,0,0.250,0.400,0.650
68856,66704,0.000,6,4,0,0,0,0,0,1,0,1,0.000,0.200,0.200
68856,54795,0.000,5,5,0,0,0,0,1,0,0,0,0.000,0.000,0.000
68856,65703,0.333,3,3,1,0,0,0,0,0,0,1,0.333,0.333,0.666
68856,64006,0.111,9,9,1,0,0,0,0,0,0,3,0.111,0.111,0.222
68856,68700,0.000,5,5,0,0,0,0,0,0,0,0,0.000,0.000,0.000
68856,50707,1.000,2,2,2,0,0,1,2,0,0,0,2.500,1.000,3.500
51867,69737,0.333,8,6,2,0,0,0,0,1,1,1,0.333,0.500,0.833
51867,53764,0.167,8,6,1,1,0,0,0,1,1,0,0.333,0.375,0.708
51867,79192,0.000,2,2,0,0,0,0,0,0,0,0,0.000,0.000,0.000
51867,78288,0.333,4,3,1,0,0,0,1,1,0,0,0.333,0.500,0.833
51867,66704,0.250,6,4,1,0,0,0,2,2,0,1,0.250,0.500,0.750
51867,54795,0.000,2,1,0,0,0,0,1,0,0,0,0.000,0.000,0.000
51867,65703,0.250,4,4,1,0,0,0,0,0,0,1,0.250,0.250,0.500
51867,64006,0.000,3,2,0,0,0,0,1,0,0,1,0.000,0.000,0.000
51867,68700,0.500,7,6,3,1,0,0,0,1,0,1,0.667,0.571,1.238
52809,69737,0.333,3,3,1,0,0,1,1,0,0,2,1.333,0.333,1.666
52809,53764,-,2,0,0,0,0,0,0,2,0,0,0.000,1.000,1.000
52809,79192,0.000,1,1,0,0,0,0,0,0,0,1,0.000,0.000,0.000
52809,66657,0.000,1,1,0,0,0,0,0,0,0,1,0.000,0.000,0.000
52809,78288,0.000,1,1,0,0,0,0,0,0,0,0,0.000,0.000,0.000
52809,66704,0.000,3,2,0,0,0,0,0,0,1,1,0.000,0.333,0.333
52809,65703,0.000,2,2,0,0,0,0,0,0,0,1,0.000,0.000,0.000
52809,64006,0.500,3,2,1,0,0,0,0,1,0,0,0.500,0.667,1.167
52809,68700,0.000,1,1,0,0,0,0,0,0,0,0,0.000,0.000,0.000
55855,69737,0.500,2,2,1,0,0,0,1,0,0,1,0.500,0.500,1.000
55855,53764,0.500,2,2,1,0,0,0,0,0,0,0,0.500,0.500,1.000
55855,79192,0.500,2,2,1,1,0,0,0,0,0,1,1.000,0.500,1.500
55855,78288,0.500,2,2,1,0,0,0,0,0,0,1,0.500,0.500,1.000
55855,65703,0.000,1,1,0,0,0,0,0,0,0,1,0.000,0.000,0.000
55855,64006,-,1,0,0,0,0,0,0,0,1,0,0.000,1.000,1.000
62869,69737,0.250,4,4,1,0,0,0,0,0,0,0,0.250,0.250,0.500
62869,53764,0.167,6,6,1,0,0,0,0,0,0,0,0.167,0.167,0.334
62869,79192,0.333,3,3,1,0,0,1,1,0,0,1,1.333,0.333,1.666
62869,66657,0.000,2,2,0,0,0,0,0,0,0,1,0.000,0.000,0.000
62869,78288,-,3,0,0,0,0,0,1,0,1,0,0.000,0.500,0.500
62869,66704,0.000,2,2,0,0,0,0,0,0,0,0,0.000,0.000,0.000
62869,54795,0.000,1,1,0,0,0,0,0,0,0,0,0.000,0.000,0.000
62869,65703,0.000,3,2,0,0,0,0,1,0,0,0,0.000,0.000,0.000
62869,64006,0.667,3,3,2,0,0,0,0,0,0,0,0.667,0.667,1.334
62869,68700,0.000,1,1,0,0,0,0,0,0,0,0,0.000,0.000,0.000
62869,50707,0.000,1,1,0,0,0,0,0,0,0,0,0.000,0.000,0.000
73211,76267,0.000,2,2,0,0,0,0,0,0,0,0,0.000,0.000,0.000
73211,53312,0.500,2,2,1,0,0,1,2,0,0,1,2.000,0.500,2.500
73211,64346,0.000,3,3,0,0,0,0,0,0,0,2,0.000,0.000,0.000
53892,76267,1.000,1,1,1,0,0,0,0,0,0,0,1.000,1.000,2.000
53892,55392,0.000,1,1,0,0,0,0,0,0,0,1,0.000,0.000,0.000
53892,53312,1.000,1,1,1,0,0,0,1,0,0,0,1.000,1.000,2.000
53892,50357,0.000,2,2,0,0,0,0,0,0,0,0,0.000,0.000,0.000
53892,64346,1.000,1,1,1,0,0,0,1,0,0,0,1.000,1.000,2.000
68043,55392,-,1,0,0,0,0,0,0,1,0,0,0.000,1.000,1.000
68043,53312,0.000,3,3,0,0,0,0,0,0,0,0,0.000,0.000,0.000
68043,64984,0.000,1,1,0,0,0,0,0,0,0,1,0.000,0.000,0.000
51897,76267,1.000,2,1,1,0,0,0,1,1,0,0,1.000,1.000,2.000
51897,53312,1.000,1,1,1,0,0,0,0,0,0,0,1.000,1.000,2.000
51897,64346,0.000,2,1,0,0,0,0,0,0,1,0,0.000,0.500,0.500
50812,50167,0.000,1,1,0,0,0,0,0,0,0,0,0.000,0.000,0.000
50812,55392,-,1,0,0,0,0,0,0,0,1,0,0.000,1.000,1.000
50812,53312,0.500,2,2,1,1,0,0,1,0,0,0,1.000,0.500,1.500
50812,78756,0.000,1,1,0,0,0,0,0,0,0,0,0.000,0.000,0.000
50812,64346,0.000,1,1,0,0,0,0,0,0,0,0,0.000,0.000,0.000
68092,50167,0.000,1,1,0,0,0,0,0,0,0,0,0.000,0.000,0.000
68092,76267,0.000,2,2,0,0,0,0,0,0,0,0,0.000,0.000,0.000
68092,64340,0.000,1,1,0,0,0,0,0,0,0,0,0.000,0.000,0.000
68092,55392,1.000,1,1,1,0,0,0,0,0,0,0,1.000,1.000,2.000
68092,50357,1.000,1,1,1,0,0,0,0,0,0,0,1.000,1.000,2.000
68092,78756,1.000,2,2,2,0,0,0,1,0,0,0,1.000,1.000,2.000
68092,64346,0.000,2,2,0,0,0,0,1,0,0,0,0.000,0.000,0.000
68856,50167,0.000,2,2,0,0,0,0,0,0,0,0,0.000,0.000,0.000
68856,76267,0.000,4,4,0,0,0,0,0,0,0,1,0.000,0.000,0.000
68856,55392,0.000,2,1,0,0,0,0,0,1,0,0,0.000,0.500,0.500
68856,53312,0.000,2,2,0,0,0,0,0,0,0,2,0.000,0.000,0.000
68856,64346,0.000,3,2,0,0,0,0,0,1,0,1,0.000,0.333,0.333
68856,62332,0.000,2,1,0,0,0,0,0,1,0,0,0.000,0.500,0.500
51867,64346,0.000,2,1,0,0,0,0,0,1,0,0,0.000,0.500,0.500
52809,50167,-,1,0,0,0,0,0,0,0,1,0,0.000,1.000,1.000
52809,76267,1.000,1,1,1,0,0,0,2,0,0,0,1.000,1.000,2.000
52809,53312,0.500,2,2,1,0,0,0,0,0,0,0,0.500,0.500,1.000
52809,78756,0.000,1,1,0,0,0,0,0,0,0,1,0.000,0.000,0.000
52809,64346,0.000,3,3,0,0,0,0,0,0,0,3,0.000,0.000,0.000
62869,76267,0.000,1,1,0,0,0,0,0,0,0,0,0.000,0.000,0.000
62869,55392,0.000,2,2,0,0,0,0,0,0,0,0,0.000,0.000,0.000
62869,53312,1.000,2,1,1,0,0,0,0,0,0,0,1.000,1.000,2.000
62869,50357,0.000,1,1,0,0,0,0,0,0,0,1,0.000,0.000,0.000
62869,64346,0.333,3,3,1,1,0,0,0,0,0,0,0.667,0.333,1.000
67703,54400,0.500,2,2,1,0,0,0,1,0,0,0,0.500,0.500,1.000
67703,62404,1.000,1,1,1,0,0,0,2,0,0,0,1.000,1.000,2.000
67703,52415,0.000,2,1,0,0,0,0,0,1,0,1,0.000,0.500,0.500
67703,67449,0.000,1,1,0,0,0,0,0,0,0,0,0.000,0.000,0.000
67703,74540,0.000,1,1,0,0,0,0,0,0,0,0,0.000,0.000,0.000
67703,62234,1.000,1,1,1,0,0,0,0,0,0,0,1.000,1.000,2.000
67703,50458,0.000,5,2,0,0,0,0,0,3,0,0,0.000,0.600,0.600
67703,69418,0.333,4,3,1,0,0,0,1,0,0,0,0.333,0.250,0.583
67703,61404,0.000,2,2,0,0,0,0,0,0,0,1,0.000,0.000,0.000
67703,65586,0.000,4,3,0,0,0,0,0,0,1,2,0.000,0.250,0.250
53754,54400,-,1,0,0,0,0,0,1,1,0,0,0.000,1.000,1.000
53754,62234,-,1,0,0,0,0,0,1,1,0,0,0.000,1.000,1.000
53754,50458,0.000,1,1,0,0,0,0,0,0,0,0,0.000,0.000,0.000
53754,69418,-,1,0,0,0,0,0,0,0,1,0,0.000,1.000,1.000
53754,66409,-,1,0,0,0,0,0,0,0,0,0,0.000,0.000,0.000
53754,65586,0.000,1,1,0,0,0,0,0,0,0,0,0.000,0.000,0.000
54768,54400,0.667,3,3,2,0,0,0,0,0,0,0,0.667,0.667,1.334
54768,62404,0.333,3,3,1,0,0,0,0,0,0,0,0.333,0.333,0.666
54768,67449,0.000,3,3,0,0,0,0,0,0,0,3,0.000,0.000,0.000
54768,62234,0.333,3,3,1,1,0,0,0,0,0,1,0.667,0.333,1.000
54768,50458,1.000,2,1,1,0,0,0,0,1,0,0,1.000,1.000,2.000
54768,69418,0.000,1,1,0,0,0,0,0,0,0,0,0.000,0.000,0.000
54768,61404,1.000,1,1,1,0,0,0,0,0,0,0,1.000,1.000,2.000
54768,65586,0.000,1,1,0,0,0,0,0,0,0,0,0.000,0.000,0.000
63765,54400,0.000,2,2,0,0,0,0,0,0,0,1,0.000,0.000,0.000
63765,62404,1.000,1,1,1,0,0,0,0,0,0,0,1.000,1.000,2.000
63765,67449,0.000,2,1,0,0,0,0,0,0,1,0,0.000,0.500,0.500
63765,74540,0.000,2,2,0,0,0,0,0,0,0,1,0.000,0.000,0.000
63765,62234,0.000,1,1,0,0,0,0,0,0,0,1,0.000,0.000,0.000
63765,50458,-,1,0,0,0,0,0,0,1,0,0,0.000,1.000,1.000
63765,69418,0.500,2,2,1,0,0,1,2,0,0,0,2.000,0.500,2.500
63765,66409,-,1,0,0,0,0,0,0,1,0,0,0.000,1.000,1.000
55743,54400,0.500,2,2,1,0,0,0,2,0,0,1,0.500,0.500,1.000
55743,67449,0.000,2,1,0,0,0,0,0,1,0,0,0.000,0.500,0.500
55743,74540,0.000,1,1,0,0,0,0,0,0,0,0,0.000,0.000,0.000
55743,62234,0.000,3,1,0,0,0,0,1,1,1,0,0.000,0.667,0.667
55743,50458,0.667,3,3,2,1,0,0,0,0,0,0,1.000,0.667,1.667
55743,69418,0.500,2,2,1,0,0,0,0,0,0,0,0.500,0.500,1.000
55743,61404,0.000,1,1,0,0,0,0,0,0,0,0,0.000,0.000,0.000
55743,65586,0.000,2,2,0,0,0,0,0,0,0,0,0.000,0.000,0.000
65707,65586,0.000,1,1,0,0,0,0,0,0,0,0,0.000,0.000,0.000
52701,54400,0.667,3,3,2,1,0,0,0,0,0,0,1.000,0.667,1.667
52701,52415,0.000,2,2,0,0,0,0,0,0,0,2,0.000,0.000,0.000
52701,67449,0.000,1,1,0,0,0,0,0,0,0,1,0.000,0.000,0.000
52701,74540,0.500,2,2,1,0,0,0,0,0,0,1,0.500,0.500,1.000
52701,62234,0.333,3,3,1,0,0,0,0,0,0,1,0.333,0.333,0.666
52701,50458,0.333,3,3,1,0,0,0,0,0,0,0,0.333,0.333,0.666
52701,69418,0.333,4,3,1,0,0,0,0,1,0,0,0.333,0.500,0.833
52701,66409,0.000,2,1,0,0,0,0,0,1,0,1,0.000,0.500,0.500
52701,65586,0.500,3,2,1,0,0,0,0,1,0,0,0.500,0.667,1.167
54729,54400,0.000,2,2,0,0,0,0,0,0,0,1,0.000,0.000,0.000
54729,52415,0.000,1,1,0,0,0,0,0,0,0,1,0.000,0.000,0.000
54729,74540,0.000,2,1,0,0,0,0,0,1,0,0,0.000,0.500,0.500
54729,62234,0.333,3,3,1,1,0,0,0,0,0,0,0.667,0.333,1.000
54729,50458,1.000,2,1,1,0,0,0,1,0,0,0,1.000,0.500,1.500
54729,69418,0.000,1,1,0,0,0,0,0,0,0,0,0.000,0.000,0.000
54729,65586,0.000,1,1,0,0,0,0,0,0,0,1,0.000,0.000,0.000
67703,52001,0.000,1,1,0,0,0,0,0,0,0,1,0.000,0.000,0.000
67703,79240,1.000,1,1,1,0,0,0,0,0,0,0,1.000,1.000,2.000
67703,78548,0.000,1,1,0,0,0,0,0,0,0,1,0.000,0.000,0.000
67703,79402,0.000,1,1,0,0,0,0,0,0,0,0,0.000,0.000,0.000
67703,64004,0.000,1,1,0,0,0,0,0,0,0,1,0.000,0.000,0.000
67703,64504,1.000,1,1,1,0,0,0,1,0,0,0,1.000,1.000,2.000
67703,64115,0.000,1,1,0,0,0,0,0,0,0,1,0.000,0.000,0.000
67703,67644,-,1,0,0,0,0,0,0,1,0,0,0.000,1.000,1.000
67703,68089,0.500,2,2,1,0,0,0,0,0,0,0,0.500,0.500,1.000
53754,52001,1.000,1,1,1,0,0,0,1,0,0,0,1.000,1.000,2.000
53754,68089,-,1,0,0,0,0,0,0,1,0,0,0.000,1.000,1.000
54768,52001,0.000,2,1,0,0,0,0,0,1,0,0,0.000,0.500,0.500
54768,79240,0.000,1,1,0,0,0,0,0,0,0,0,0.000,0.000,0.000
54768,78548,0.000,2,2,0,0,0,0,0,0,0,0,0.000,0.000,0.000
54768,79402,0.500,2,2,1,0,0,0,1,0,0,1,0.500,0.500,1.000
54768,64004,0.000,1,1,0,0,0,0,0,0,0,1,0.000,0.000,0.000
54768,51003,0.000,1,1,0,0,0,0,0,0,0,1,0.000,0.000,0.000
54768,64166,1.000,1,1,1,1,0,0,0,0,0,0,2.000,1.000,3.000
54768,64504,0.500,2,2,1,0,0,0,0,0,0,0,0.500,0.500,1.000
63765,52001,1.000,1,1,1,0,0,0,0,0,0,0,1.000,1.000,2.000
63765,79240,-,1,0,0,0,0,0,0,1,0,0,0.000,1.000,1.000
63765,78548,0.000,1,1,0,0,0,0,0,0,0,1,0.000,0.000,0.000
63765,79402,0.000,2,2,0,0,0,0,0,0,0,0,0.000,0.000,0.000
63765,64004,0.000,1,1,0,0,0,0,0,0,0,1,0.000,0.000,0.000
63765,51003,0.000,1,1,0,0,0,0,0,0,0,0,0.000,0.000,0.000
63765,64504,0.000,2,2,0,0,0,0,0,0,0,1,0.000,0.000,0.000
63765,64115,0.500,2,2,1,0,0,1,4,0,0,0,2.000,0.500,2.500
55743,52001,1.000,1,1,1,1,0,0,0,0,0,0,2.000,1.000,3.000
55743,79240,-,1,0,0,0,0,0,0,1,0,0,0.000,1.000,1.000
55743,79402,0.500,2,2,1,0,0,0,0,0,0,1,0.500,0.500,1.000
55743,64004,1.000,1,1,1,0,0,0,2,0,0,0,1.000,1.000,2.000
55743,64504,1.000,2,1,1,0,0,0,0,1,0,0,1.000,1.000,2.000
65707,52001,0.000,1,1,0,0,0,0,0,0,0,0,0.000,0.000,0.000
65707,79240,1.000,1,1,1,0,0,0,0,0,0,0,1.000,1.000,2.000
65707,79402,1.000,1,1,1,0,0,0,1,0,0,0,1.000,1.000,2.000
65707,64004,1.000,1,1,1,0,1,0,0,0,0,0,3.000,1.000,4.000
65056,79240,-,1,0,0,0,0,0,0,0,1,0,0.000,1.000,1.000
65056,78548,1.000,1,1,1,1,0,0,0,0,0,0,2.000,1.000,3.000
65056,79402,1.000,1,1,1,1,0,0,1,0,0,0,2.000,1.000,3.000
76715,52001,0.286,8,7,2,0,0,1,1,1,0,2,0.714,0.375,1.089
76715,79240,0.333,4,3,1,0,0,0,1,0,1,0,0.333,0.500,0.833
76715,78548,0.000,4,4,0,0,0,0,0,0,0,1,0.000,0.000,0.000
76715,79402,0.300,10,10,3,0,0,0,2,0,0,2,0.300,0.300,0.600
76715,64004,0.250,9,8,2,0,0,0,1,0,0,2,0.250,0.250,0.500
76715,64166,0.000,1,1,0,0,0,0,0,0,0,0,0.000,0.000,0.000
76715,64504,0.500,5,4,2,0,0,0,1,0,0,0,0.500,0.400,0.900
76715,64115,0.000,3,2,0,0,0,0,0,0,0,2,0.000,0.000,0.000
76715,68089,0.333,3,3,1,0,0,0,0,0,0,0,0.333,0.333,0.666
52701,52001,0.333,3,3,1,0,0,0,1,0,0,0,0.333,0.333,0.666
52701,78548,0.500,2,2,1,0,0,1,4,0,0,1,2.000,0.500,2.500
52701,79402,0.000,2,2,0,0,0,0,0,0,0,0,0.000,0.000,0.000
52701,64504,0.500,2,2,1,0,0,0,0,0,0,1,0.500,0.500,1.000
54729,52001,0.000,1,1,0,0,0,0,0,0,0,1,0.000,0.000,0.000
54729,51003,0.000,2,2,0,0,0,0,0,0,0,1,0.000,0.000,0.000
54729,64504,0.000,1,1,0,0,0,0,0,0,0,0,0.000,0.000,0.000
54729,66706,0.000,1,1,0,0,0,0,0,0,0,0,0.000,0.000,0.000
54729,64115,0.000,1,1,0,0,0,0,0,0,0,1,0.000,0.000,0.000
67703,69102,0.500,2,2,1,1,0,0,0,0,0,0,1.000,0.500,1.500
67703,62415,0.000,3,3,0,0,0,0,0,0,0,1,0.000,0.000,0.000
67703,68119,0.333,3,3,1,0,0,0,0,0,0,0,0.333,0.333,0.666
67703,65207,0.500,2,2,1,0,0,0,0,0,0,1,0.500,0.500,1.000
67703,79365,1.000,1,1,1,0,0,0,0,0,0,0,1.000,1.000,2.000
67703,53123,1.000,2,1,1,1,0,0,1,1,0,0,2.000,1.000,3.000
67703,69100,0.333,3,3,1,0,0,0,0,0,0,1,0.333,0.333,0.666
67703,66108,0.000,2,1,0,0,0,0,0,1,0,0,0.000,0.500,0.500
67703,50054,0.000,2,2,0,0,0,0,1,0,0,0,0.000,0.000,0.000
67703,68110,0.000,2,2,0,0,0,0,0,0,0,2,0.000,0.000,0.000
67703,52154,0.000,1,1,0,0,0,0,0,0,0,1,0.000,0.000,0.000
67703,51100,0.000,2,1,0,0,0,0,0,0,0,1,0.000,0.000,0.000
53754,69102,1.000,2,2,2,0,0,0,1,0,0,0,1.000,1.000,2.000
53754,62415,0.000,2,2,0,0,0,0,0,0,0,0,0.000,0.000,0.000
53754,53123,0.000,2,1,0,0,0,0,0,1,0,0,0.000,0.500,0.500
53754,79109,0.000,1,1,0,0,0,0,0,0,0,0,0.000,0.000,0.000
53754,68110,1.000,1,1,1,0,0,0,0,0,0,0,1.000,1.000,2.000
54768,69102,0.000,1,1,0,0,0,0,0,0,0,0,0.000,0.000,0.000
54768,62415,1.000,2,1,1,0,0,0,0,1,0,0,1.000,1.000,2.000
54768,68119,0.000,1,1,0,0,0,0,0,0,0,0,0.000,0.000,0.000
54768,65207,0.000,3,3,0,0,0,0,0,0,0,1,0.000,0.000,0.000
54768,79365,0.000,1,1,0,0,0,0,0,0,0,0,0.000,0.000,0.000
54768,53123,1.000,3,2,2,0,0,0,0,1,0,0,1.000,1.000,2.000
54768,79109,0.500,3,2,1,0,0,0,2,1,0,1,0.500,0.667,1.167
54768,69100,0.667,3,3,2,1,0,0,0,0,0,0,1.000,0.667,1.667
54768,66108,0.000,3,3,0,0,0,0,0,0,0,0,0.000,0.000,0.000
54768,50054,0.667,3,3,2,0,0,0,1,0,0,0,0.667,0.667,1.334
54768,68110,0.500,4,4,2,0,0,0,0,0,0,1,0.500,0.500,1.000
54768,52154,1.000,1,1,1,0,0,0,1,0,0,0,1.000,1.000,2.000
63765,69102,-,2,0,0,0,0,0,0,2,0,0,0.000,1.000,1.000
63765,62415,-,1,0,0,0,0,0,0,1,0,0,0.000,1.000,1.000
63765,68119,0.000,1,1,0,0,0,0,0,0,0,0,0.000,0.000,0.000
63765,65207,0.000,1,1,0,0,0,0,0,0,0,0,0.000,0.000,0.000
63765,79365,0.000,2,1,0,0,0,0,0,1,0,0,0.000,0.500,0.500
63765,53123,1.000,1,1,1,0,0,0,1,0,0,0,1.000,1.000,2.000
63765,79109,0.000,1,1,0,0,0,0,0,0,0,0,0.000,0.000,0.000
63765,69100,0.000,1,1,0,0,0,0,0,0,0,0,0.000,0.000,0.000
63765,66108,0.000,1,1,0,0,0,0,0,0,0,0,0.000,0.000,0.000
63765,51100,0.000,1,1,0,0,0,0,0,0,0,0,0.000,0.000,0.000
55743,69102,0.000,3,2,0,0,0,0,0,1,0,0,0.000,0.333,0.333
55743,62415,1.000,1,1,1,0,0,0,1,0,0,0,1.000,1.000,2.000
55743,68119,-,1,0,0,0,0,0,0,1,0,0,0.000,1.000,1.000
55743,65207,1.000,1,1,1,0,0,0,0,0,0,0,1.000,1.000,2.000
55743,79365,1.000,3,3,3,1,0,0,0,0,0,0,1.333,1.000,2.333
55743,53123,0.333,3,3,1,0,0,0,1,0,0,0,0.333,0.333,0.666
55743,79109,0.000,3,2,0,0,0,0,0,1,0,2,0.000,0.333,0.333
55743,69100,0.000,1,1,0,0,0,0,0,0,0,0,0.000,0.000,0.000
55743,66108,-,1,0,0,0,0,0,0,1,0,0,0.000,1.000,1.000
55743,50054,0.000,1,1,0,0,0,0,0,0,0,0,0.000,0.000,0.000
55743,68110,0.000,3,2,0,0,0,0,1,0,1,0,0.000,0.333,0.333
55743,51100,0.000,1,1,0,0,0,0,0,0,0,0,0.000,0.000,0.000
76715,69102,0.000,1,1,0,0,0,0,0,0,0,0,0.000,0.000,0.000
76715,62415,1.000,2,2,2,0,0,1,3,0,0,0,2.500,1.000,3.500
76715,65207,0.000,1,1,0,0,0,0,0,0,0,0,0.000,0.000,0.000
76715,53123,1.000,1,1,1,0,0,1,1,0,0,0,4.000,1.000,5.000
76715,69100,0.000,1,1,0,0,0,0,0,0,0,0,0.000,0.000,0.000
76715,66108,1.000,2,2,2,0,0,0,0,0,0,0,1.000,1.000,2.000
76715,52154,1.000,1,1,1,0,0,0,0,0,0,0,1.000,1.000,2.000
52701,69102,0.000,2,1,0,0,0,0,0,1,0,0,0.000,0.500,0.500
52701,62415,0.000,2,2,0,0,0,0,0,0,0,0,0.000,0.000,0.000
52701,68119,1.000,2,1,1,1,0,0,0,1,0,0,2.000,1.000,3.000
52701,65207,0.500,2,2,1,0,0,0,1,0,0,0,0.500,0.500,1.000
52701,53123,0.000,2,2,0,0,0,0,0,0,0,0,0.000,0.000,0.000
52701,79109,0.000,2,1,0,0,0,0,0,1,0,0,0.000,0.500,0.500
52701,50054,0.500,2,2,1,0,0,0,1,0,0,0,0.500,0.500,1.000
52701,68110,0.500,2,2,1,0,0,0,2,0,0,0,0.500,0.500,1.000
52701,52154,0.000,2,2,0,0,0,0,0,0,0,2,0.000,0.000,0.000
54729,69102,0.000,3,3,0,0,0,0,0,0,0,0,0.000,0.000,0.000
54729,62415,0.500,4,2,1,0,0,0,0,0,0,0,0.500,0.500,1.000
54729,68119,0.000,2,1,0,0,0,0,0,0,0,1,0.000,0.000,0.000
54729,65207,0.500,3,2,1,0,0,0,0,1,0,0,0.500,0.667,1.167
54729,79365,0.000,1,1,0,0,0,0,0,0,0,1,0.000,0.000,0.000
54729,53123,1.000,2,1,1,0,0,0,2,0,0,0,1.000,0.500,1.500
54729,79109,-,1,0,0,0,0,0,0,1,0,0,0.000,1.000,1.000
54729,69100,0.000,3,1,0,0,0,0,0,2,0,0,0.000,0.667,0.667
54729,66108,0.000,3,1,0,0,0,0,0,2,0,1,0.000,0.667,0.667
54729,50054,0.000,1,1,0,0,0,0,0,0,0,0,0.000,0.000,0.000
54729,68110,0.000,2,2,0,0,0,0,0,0,0,0,0.000,0.000,0.000
54729,52154,0.000,2,2,0,0,0,0,0,0,0,0,0.000,0.000,0.000
67703,65653,0.500,3,2,1,0,0,0,0,1,0,0,0.500,0.667,1.167
67703,62947,1.000,2,1,1,0,0,0,0,1,0,0,1.000,1.000,2.000
67703,78603,0.250,4,4,1,0,0,0,1,0,0,1,0.250,0.250,0.500
67703,68646,1.000,2,2,2,1,0,0,3,0,0,0,1.500,1.000,2.500
67703,78122,-,1,0,0,0,0,0,0,0,1,0,0.000,1.000,1.000
67703,66614,0.333,3,3,1,0,0,0,1,0,0,1,0.333,0.333,0.666
67703,61353,1.000,1,1,1,0,0,0,1,0,0,0,1.000,1.000,2.000
67703,52605,0.500,3,2,1,0,0,1,2,0,0,0,2.000,0.333,2.333
53754,69636,0.000,1,1,0,0,0,0,0,0,0,1,0.000,0.000,0.000
53754,65653,0.000,1,1,0,0,0,0,0,0,0,0,0.000,0.000,0.000
53754,62947,1.000,1,1,1,0,0,0,0,0,0,0,1.000,1.000,2.000
53754,78603,0.000,1,1,0,0,0,0,0,0,0,0,0.000,0.000,0.000
53754,78122,1.000,2,1,1,0,0,0,1,0,1,0,1.000,1.000,2.000
53754,52605,1.000,1,1,1,0,0,0,0,0,0,0,1.000,1.000,2.000
54768,65653,1.000,2,2,2,0,0,0,0,0,0,0,1.000,1.000,2.000
54768,62947,0.000,4,4,0,0,0,0,0,0,0,1,0.000,0.000,0.000
54768,78603,-,1,0,0,0,0,0,0,0,0,0,0.000,0.000,0.000
54768,68646,0.000,4,2,0,0,0,0,0,2,0,0,0.000,0.500,0.500
54768,52667,1.000,1,1,1,0,0,1,1,0,0,0,4.000,1.000,5.000
54768,69727,0.000,1,1,0,0,0,0,0,0,0,1,0.000,0.000,0.000
63765,65653,0.000,3,3,0,0,0,0,0,0,0,2,0.000,0.000,0.000
63765,62947,1.000,1,1,1,0,0,0,0,0,0,0,1.000,1.000,2.000
63765,78603,0.000,3,2,0,0,0,0,0,1,0,1,0.000,0.333,0.333
63765,68646,0.000,1,1,0,0,0,0,0,0,0,0,0.000,0.000,0.000
63765,66614,0.000,1,1,0,0,0,0,0,0,0,0,0.000,0.000,0.000
63765,52605,0.500,2,2,1,0,0,1,1,0,0,0,2.000,0.500,2.500
55743,65653,0.000,2,1,0,0,0,0,0,1,0,1,0.000,0.500,0.500
55743,62947,1.000,2,1,1,0,0,0,1,0,0,0,1.000,0.500,1.500
55743,78603,0.000,2,1,0,0,0,0,0,0,1,0,0.000,0.500,0.500
55743,78122,0.500,2,2,1,0,0,1,2,0,0,0,2.000,0.500,2.500
55743,52667,0.000,1,1,0,0,0,0,0,0,0,1,0.000,0.000,0.000
55743,52605,-,2,0,0,0,0,0,0,2,0,0,0.000,1.000,1.000
65707,62947,0.000,1,1,0,0,0,0,0,0,0,0,0.000,0.000,0.000
65707,78603,1.000,1,1,1,0,0,0,0,0,0,0,1.000,1.000,2.000
65707,52605,1.000,1,1,1,0,0,0,0,0,0,0,1.000,1.000,2.000
76715,65653,0.167,7,6,1,0,0,0,0,1,0,2,0.167,0.286,0.453
76715,62947,0.250,9,8,2,0,0,0,2,0,1,5,0.250,0.333,0.583
76715,78603,0.250,9,8,2,1,0,0,0,1,0,1,0.375,0.333,0.708
76715,68646,0.286,7,7,2,1,0,0,0,0,0,0,0.429,0.286,0.715
76715,52667,0.000,3,3,0,0,0,0,0,0,0,1,0.000,0.000,0.000
76715,69727,0.333,3,3,1,0,0,0,0,0,0,1,0.333,0.333,0.666
76715,52605,0.444,9,9,4,2,0,0,0,0,0,3,0.667,0.444,1.111
54729,65653,0.000,1,1,0,0,0,0,0,0,0,0,0.000,0.000,0.000
54729,68646,1.000,1,1,1,0,0,0,0,0,0,0,1.000,1.000,2.000
54729,66614,-,1,0,0,0,0,0,0,0,0,0,0.000,0.000,0.000
67703,79231,0.667,3,3,2,0,0,0,0,0,0,0,0.667,0.667,1.334
67703,76232,0.250,4,4,1,1,0,0,0,0,0,0,0.500,0.250,0.750
67703,63123,0.000,2,2,0,0,0,0,0,0,0,1,0.000,0.000,0.000
67703,67207,0.000,1,1,0,0,0,0,0,0,0,0,0.000,0.000,0.000
67703,55252,0.500,3,2,1,0,0,0,2,0,1,1,0.500,0.667,1.167
67703,64153,0.000,1,1,0,0,0,0,0,0,0,1,0.000,0.000,0.000
67703,53554,1.000,2,1,1,1,0,0,0,1,0,0,2.000,1.000,3.000
67703,63257,0.333,4,3,1,0,0,0,1,1,0,2,0.333,0.500,0.833
67703,51203,0.000,1,1,0,0,0,0,0,0,0,1,0.000,0.000,0.000
53754,55252,0.000,1,1,0,0,0,0,0,0,0,1,0.000,0.000,0.000
53754,64153,-,1,0,0,0,0,0,0,1,0,0,0.000,1.000,1.000
53754,63257,0.000,1,1,0,0,0,0,0,0,0,0,0.000,0.000,0.000
53754,51203,0.000,1,1,0,0,0,0,1,0,0,0,0.000,0.000,0.000
54768,79231,1.000,3,2,2,0,0,0,0,0,0,0,1.000,1.000,2.000
54768,76232,0.000,1,1,0,0,0,0,0,0,0,1,0.000,0.000,0.000
54768,63123,0.000,1,1,0,0,0,0,0,0,0,1,0.000,0.000,0.000
54768,50208,0.000,1,1,0,0,0,0,0,0,0,0,0.000,0.000,0.000
54768,53554,-,1,0,0,0,0,0,0,1,0,0,0.000,1.000,1.000
54768,51203,0.000,2,2,0,0,0,0,0,0,0,1,0.000,0.000,0.000
54768,66209,-,2,0,0,0,0,0,0,0,1,0,0.000,1.000,1.000
63765,79231,0.000,1,1,0,0,0,0,0,0,0,0,0.000,0.000,0.000
63765,76232,0.333,3,3,1,0,0,0,0,0,0,1,0.333,0.333,0.666
63765,63123,-,1,0,0,0,0,0,1,0,0,0,0.000,0.000,0.000
63765,50208,1.000,1,1,1,0,0,0,0,0,0,0,1.000,1.000,2.000
63765,64153,0.000,1,1,0,0,0,0,0,0,0,0,0.000,0.000,0.000
63765,53554,-,2,0,0,0,0,0,0,2,0,0,0.000,1.000,1.000
63765,63257,0.000,1,1,0,0,0,0,0,0,0,1,0.000,0.000,0.000
63765,51203,0.000,1,1,0,0,0,0,0,0,0,0,0.000,0.000,0.000
63765,66209,1.000,1,1,1,0,0,0,2,0,0,0,1.000,1.000,2.000
55743,79231,0.000,3,2,0,0,0,0,0,1,0,1,0.000,0.333,0.333
55743,76232,0.000,1,1,0,0,0,0,0,0,0,0,0.000,0.000,0.000
55743,50208,0.500,2,2,1,0,0,0,1,0,0,0,0.500,0.500,1.000
55743,67207,0.000,1,1,0,0,0,0,0,0,0,1,0.000,0.000,0.000
55743,55252,1.000,3,2,2,0,0,0,0,0,1,0,1.000,1.000,2.000
55743,64153,0.000,1,1,0,0,0,0,0,0,0,1,0.000,0.000,0.000
55743,53554,0.333,3,3,1,0,1,0,2,0,0,1,1.000,0.333,1.333
55743,63257,0.000,1,1,0,0,0,0,0,0,0,1,0.000,0.000,0.000
55743,51203,0.000,1,1,0,0,0,0,0,0,0,0,0.000,0.000,0.000
76715,79231,0.200,5,5,1,0,1,0,0,0,0,0,0.600,0.200,0.800
76715,76232,0.333,9,9,3,0,0,1,3,0,0,0,0.667,0.333,1.000
76715,63123,0.200,5,5,1,0,0,0,0,0,0,3,0.200,0.200,0.400
76715,50208,0.500,2,2,1,0,0,0,0,0,0,0,0.500,0.500,1.000
76715,55252,0.250,6,4,1,0,1,0,0,2,0,0,0.750,0.500,1.250
76715,53554,0.200,5,5,1,0,0,0,1,0,0,0,0.200,0.200,0.400
76715,51203,0.250,4,4,1,0,0,0,0,0,0,1,0.250,0.250,0.500
76715,66209,0.500,2,2,1,0,0,0,2,0,0,0,0.500,0.500,1.000
54729,79231,0.750,4,4,3,0,0,0,0,0,0,0,0.750,0.750,1.500
54729,76232,0.500,4,2,1,0,0,0,0,1,1,0,0.500,0.750,1.250
54729,63123,0.000,2,2,0,0,0,0,0,0,0,1,0.000,0.000,0.000
54729,67207,0.000,3,2,0,0,0,0,0,1,0,1,0.000,0.333,0.333
54729,55252,0.500,2,2,1,0,0,0,0,0,0,1,0.500,0.500,1.000
54729,64153,0.000,2,2,0,0,0,0,0,0,0,1,0.000,0.000,0.000
54729,53554,0.000,3,3,0,0,0,0,0,0,0,2,0.000,0.000,0.000
54729,51203,0.200,5,5,1,0,0,0,0,0,0,3,0.200,0.200,0.400
54729,66209,1.000,2,2,2,0,0,0,0,0,0,0,1.000,1.000,2.000
67703,51907,0.000,3,2,0,0,0,0,0,1,0,0,0.000,0.333,0.333
67703,51344,0.000,1,1,0,0,0,0,0,0,0,1,0.000,0.000,0.000
67703,62907,1.000,1,1,1,1,0,0,0,0,0,0,2.000,1.000,3.000
67703,79215,1.000,1,1,1,1,0,0,0,0,0,0,2.000,1.000,3.000
67703,68912,0.667,3,3,2,0,0,1,2,0,0,0,1.667,0.667,2.334
67703,67905,0.333,3,3,1,0,0,0,1,0,0,0,0.333,0.333,0.666
67703,69995,0.000,1,1,0,0,0,0,0,0,0,0,0.000,0.000,0.000
67703,69992,0.000,1,1,0,0,0,0,0,0,0,0,0.000,0.000,0.000
67703,64101,0.500,2,2,1,1,0,0,1,0,0,0,1.000,0.500,1.500
53754,51344,0.000,1,1,0,0,0,0,0,0,0,0,0.000,0.000,0.000
53754,62907,-,1,0,0,0,0,0,0,1,0,0,0.000,1.000,1.000
53754,79215,0.000,2,2,0,0,0,0,0,0,0,0,0.000,0.000,0.000
53754,68912,1.000,2,1,1,1,0,0,0,1,0,0,2.000,1.000,3.000
53754,63260,0.000,1,1,0,0,0,0,0,0,0,0,0.000,0.000,0.000
53754,67905,1.000,1,1,1,0,0,0,1,0,0,0,1.000,1.000,2.000
53754,69995,-,1,0,0,0,0,0,0,1,0,0,0.000,1.000,1.000
53754,69992,0.000,1,1,0,0,0,0,0,0,0,1,0.000,0.000,0.000
54768,51907,0.000,2,2,0,0,0,0,0,0,0,1,0.000,0.000,0.000
54768,62907,0.667,3,3,2,0,0,1,2,0,0,0,1.667,0.667,2.334
54768,63963,-,1,0,0,0,0,0,0,1,0,0,0.000,1.000,1.000
54768,63260,0.000,1,1,0,0,0,0,0,0,0,0,0.000,0.000,0.000
54768,68904,-,1,0,0,0,0,0,0,1,0,0,0.000,1.000,1.000
54768,69992,1.000,1,1,1,0,0,0,0,0,0,0,1.000,1.000,2.000
54768,64101,0.000,1,1,0,0,0,0,0,0,0,1,0.000,0.000,0.000
63765,51907,0.000,1,1,0,0,0,0,0,0,0,0,0.000,0.000,0.000
63765,69992,1.000,1,1,1,0,0,0,0,0,0,0,1.000,1.000,2.000
63765,64101,0.000,1,1,0,0,0,0,0,0,0,0,0.000,0.000,0.000
55743,51907,1.000,2,2,2,0,0,0,1,0,0,0,1.000,1.000,2.000
55743,63963,0.667,3,3,2,0,0,1,2,0,0,0,1.667,0.667,2.334
55743,79215,0.000,2,2,0,0,0,0,0,0,0,2,0.000,0.000,0.000
55743,68912,0.500,2,2,1,0,0,1,3,0,0,1,2.000,0.500,2.500
55743,63260,0.000,1,1,0,0,0,0,0,0,0,1,0.000,0.000,0.000
55743,67905,1.000,2,1,1,1,0,0,0,0,1,0,2.000,1.000,3.000
55743,69995,1.000,1,1,1,0,0,0,0,0,0,0,1.000,1.000,2.000
55743,69992,0.000,2,1,0,0,0,0,0,0,1,1,0.000,0.500,0.500
55743,50600,0.000,1,1,0,0,0,0,0,0,0,1,0.000,0.000,0.000
55743,50902,0.000,1,1,0,0,0,0,0,0,0,0,0.000,0.000,0.000
65707,51907,0.000,1,1,0,0,0,0,0,0,0,0,0.000,0.000,0.000
65707,62907,0.000,2,2,0,0,0,0,0,0,0,0,0.000,0.000,0.000
65707,63963,0.000,1,1,0,0,0,0,0,0,0,1,0.000,0.000,0.000
65707,79215,0.000,1,1,0,0,0,0,0,0,0,0,0.000,0.000,0.000
65707,67905,0.000,1,1,0,0,0,0,0,0,0,0,0.000,0.000,0.000
65707,69992,0.000,1,1,0,0,0,0,0,0,0,0,0.000,0.000,0.000
76715,51907,0.714,7,7,5,1,0,1,2,0,0,0,1.286,0.714,2.000
76715,62907,0.500,7,6,3,0,0,0,1,0,0,0,0.500,0.429,0.929
76715,63963,0.000,2,2,0,0,0,0,0,0,0,2,0.000,0.000,0.000
76715,79215,0.500,6,6,3,0,0,0,0,0,0,0,0.500,0.500,1.000
76715,68912,0.600,5,5,3,0,0,0,0,0,0,1,0.600,0.600,1.200
76715,63260,0.167,6,6,1,0,0,0,1,0,0,0,0.167,0.167,0.334
76715,67905,0.500,6,6,3,1,0,0,0,0,0,0,0.667,0.500,1.167
76715,69995,0.000,6,6,0,0,0,0,0,0,0,3,0.000,0.000,0.000
76715,64101,-,1,0,0,0,0,0,0,0,0,0,0.000,0.000,0.000
52701,51907,0.333,3,3,1,1,0,0,0,0,0,1,0.667,0.333,1.000
52701,62907,0.333,3,3,1,0,0,0,0,0,0,0,0.333,0.333,0.666
52701,79215,0.333,3,3,1,0,0,1,2,0,0,0,1.333,0.333,1.666
52701,68912,0.000,2,2,0,0,0,0,0,0,0,0,0.000,0.000,0.000
52701,63260,0.000,2,2,0,0,0,0,0,0,0,0,0.000,0.000,0.000
52701,69992,0.000,2,2,0,0,0,0,0,0,0,0,0.000,0.000,0.000
54729,51907,0.667,3,3,2,0,0,0,1,0,0,0,0.667,0.667,1.334
54729,51344,0.000,2,1,0,0,0,0,0,1,0,0,0.000,0.500,0.500
54729,62907,0.200,5,5,1,1,0,0,0,0,0,1,0.400,0.200,0.600
54729,63963,0.333,4,3,1,0,0,0,0,1,0,0,0.333,0.500,0.833
54729,79215,0.500,4,4,2,0,0,1,1,0,0,1,1.250,0.500,1.750
54729,68912,1.000,1,1,1,0,0,0,0,0,0,0,1.000,1.000,2.000
54729,63260,0.000,3,3,0,0,0,0,0,0,0,2,0.000,0.000,0.000
54729,67905,1.000,1,1,1,1,0,0,2,0,0,0,2.000,1.000,3.000
54729,50902,0.000,2,1,0,0,0,0,0,1,0,0,0.000,0.500,0.500
67703,69517,1.000,1,1,1,0,0,0,0,0,0,0,1.000,1.000,2.000
67703,52591,1.000,1,1,1,0,0,0,0,0,0,0,1.000,1.000,2.000
67703,50150,0.000,1,1,0,0,0,0,0,0,0,1,0.000,0.000,0.000
67703,68205,0.000,2,2,0,0,0,0,0,0,0,0,0.000,0.000,0.000
67703,50500,0.000,2,2,0,0,0,0,0,0,0,0,0.000,0.000,0.000
67703,52568,0.000,1,1,0,0,0,0,0,0,0,0,0.000,0.000,0.000
67703,68518,0.000,1,1,0,0,0,0,0,0,0,1,0.000,0.000,0.000
53754,50150,0.000,1,1,0,0,0,0,0,0,0,0,0.000,0.000,0.000
53754,52568,0.000,1,1,0,0,0,0,0,0,0,0,0.000,0.000,0.000
54768,54529,0.500,2,2,1,0,0,0,1,0,0,0,0.500,0.500,1.000
54768,69517,0.333,3,3,1,0,0,0,1,0,0,1,0.333,0.333,0.666
54768,51551,-,2,0,0,0,0,0,0,2,0,0,0.000,1.000,1.000
54768,68507,-,1,0,0,0,0,0,0,0,0,0,0.000,0.000,0.000
63765,54529,1.000,1,1,1,0,0,0,0,0,0,0,1.000,1.000,2.000
63765,78513,0.000,1,1,0,0,0,0,0,0,0,0,0.000,0.000,0.000
63765,50150,0.000,1,1,0,0,0,0,0,0,0,0,0.000,0.000,0.000
63765,68205,0.000,1,1,0,0,0,0,0,0,0,0,0.000,0.000,0.000
63765,61102,0.000,1,1,0,0,0,0,0,0,0,0,0.000,0.000,0.000
63765,68507,0.000,1,1,0,0,0,0,0,0,0,1,0.000,0.000,0.000
63765,54598,0.000,2,1,0,0,0,0,0,1,0,0,0.000,0.500,0.500
55743,54529,0.000,2,1,0,0,0,0,0,1,0,0,0.000,0.500,0.500
55743,69517,0.500,2,2,1,0,0,1,1,0,0,0,2.000,0.500,2.500
55743,78513,0.500,2,2,1,1,0,0,0,0,0,0,1.000,0.500,1.500
55743,51551,0.000,2,2,0,0,0,0,0,0,0,1,0.000,0.000,0.000
55743,50150,0.000,2,1,0,0,0,0,0,1,0,0,0.000,0.500,0.500
55743,68205,0.667,3,3,2,1,0,1,3,0,0,0,2.000,0.667,2.667
55743,68507,0.000,3,3,0,0,0,0,0,0,0,2,0.000,0.000,0.000
55743,52568,0.000,1,1,0,0,0,0,0,0,0,0,0.000,0.000,0.000
55743,77564,0.000,2,1,0,0,0,0,0,1,0,0,0.000,0.500,0.500
76715,54529,0.333,6,6,2,0,0,0,0,0,0,0,0.333,0.333,0.666
76715,69517,0.000,3,3,0,0,0,0,0,0,0,1,0.000,0.000,0.000
76715,78513,0.333,3,3,1,1,0,0,0,0,0,0,0.667,0.333,1.000
76715,52591,0.333,3,3,1,0,0,0,0,0,0,1,0.333,0.333,0.666
76715,51551,0.333,3,3,1,1,0,0,1,0,0,0,0.667,0.333,1.000
76715,50150,0.000,5,5,0,0,0,0,0,0,0,0,0.000,0.000,0.000
76715,68205,0.000,4,4,0,0,0,0,0,0,0,1,0.000,0.000,0.000
76715,68507,0.000,2,2,0,0,0,0,0,0,0,0,0.000,0.000,0.000
76715,50500,0.000,3,3,0,0,0,0,0,0,0,0,0.000,0.000,0.000
76715,77564,0.667,3,3,2,1,0,0,1,0,0,1,1.000,0.667,1.667
54729,54529,0.500,2,2,1,1,0,0,1,0,0,0,1.000,0.500,1.500
54729,69517,0.000,2,2,0,0,0,0,0,0,0,0,0.000,0.000,0.000
54729,52591,1.000,1,1,1,0,0,0,0,0,0,0,1.000,1.000,2.000
54729,51551,0.000,2,2,0,0,0,0,0,0,0,1,0.000,0.000,0.000
54729,50150,1.000,1,1,1,1,0,0,0,0,0,0,2.000,1.000,3.000
54729,68205,0.500,2,2,1,0,0,0,0,0,0,0,0.500,0.500,1.000
54729,50500,0.500,2,2,1,0,0,0,0,0,0,0,0.500,0.500,1.000
54729,77564,0.000,1,1,0,0,0,0,0,0,0,0,0.000,0.000,0.000
67703,50854,0.000,3,3,0,0,0,0,0,0,0,2,0.000,0.000,0.000
67703,67893,0.000,3,3,0,0,0,0,0,0,0,1,0.000,0.000,0.000
67703,62895,1.000,1,1,1,0,0,0,0,0,0,0,1.000,1.000,2.000
67703,51868,0.000,1,1,0,0,0,0,0,0,0,0,0.000,0.000,0.000
67703,54812,0.000,3,3,0,0,0,0,0,0,0,1,0.000,0.000,0.000
67703,53827,0.000,2,2,0,0,0,0,0,0,0,0,0.000,0.000,0.000
67703,75847,0.000,1,1,0,0,0,0,0,0,0,1,0.000,0.000,0.000
67703,51865,0.000,2,2,0,0,0,0,0,0,0,1,0.000,0.000,0.000
67703,66864,0.000,2,2,0,0,0,0,0,0,0,2,0.000,0.000,0.000
67703,60558,0.000,2,2,0,0,0,0,0,0,0,1,0.000,0.000,0.000
67703,79456,0.000,1,1,0,0,0,0,0,0,0,0,0.000,0.000,0.000
67703,62934,0.500,3,2,1,0,0,1,1,1,0,0,2.000,0.667,2.667
53754,50854,0.000,3,3,0,0,0,0,0,0,0,1,0.000,0.000,0.000
53754,67893,0.000,2,1,0,0,0,0,0,1,0,1,0.000,0.500,0.500
53754,62895,0.000,1,1,0,0,0,0,0,0,0,0,0.000,0.000,0.000
53754,51868,0.000,1,1,0,0,0,0,0,0,0,1,0.000,0.000,0.000
53754,54812,1.000,1,1,1,0,0,0,0,0,0,0,1.000,1.000,2.000
53754,53827,0.500,2,2,1,1,0,0,0,0,0,0,1.000,0.500,1.500
53754,75847,0.000,1,1,0,0,0,0,0,0,0,1,0.000,0.000,0.000
53754,51865,0.000,2,1,0,0,0,0,0,1,0,1,0.000,0.500,0.500
53754,66864,0.000,1,1,0,0,0,0,0,0,0,0,0.000,0.000,0.000
53754,62934,0.000,1,1,0,0,0,0,0,0,0,0,0.000,0.000,0.000
54768,50854,0.333,3,3,1,0,0,0,0,0,0,1,0.333,0.333,0.666
54768,67893,0.000,2,1,0,0,0,0,1,1,0,0,0.000,0.500,0.500
54768,62895,1.000,1,1,1,0,0,0,1,0,0,0,1.000,1.000,2.000
54768,51868,0.000,1,1,0,0,0,0,0,0,0,0,0.000,0.000,0.000
54768,54812,0.000,3,3,0,0,0,0,0,0,0,0,0.000,0.000,0.000
54768,53827,1.000,1,1,1,0,0,0,2,0,0,0,1.000,1.000,2.000
54768,51865,0.333,3,3,1,1,0,0,0,0,0,0,0.667,0.333,1.000
54768,62934,0.000,1,1,0,0,0,0,0,0,0,0,0.000,0.000,0.000
63765,50854,0.000,1,1,0,0,0,0,0,0,0,0,0.000,0.000,0.000
63765,67893,1.000,1,1,1,0,0,0,0,0,0,0,1.000,1.000,2.000
63765,62895,1.000,2,2,2,0,0,0,0,0,0,0,1.000,1.000,2.000
63765,51868,0.000,1,1,0,0,0,0,0,0,0,0,0.000,0.000,0.000
63765,54812,1.000,1,1,1,0,1,0,2,0,0,0,3.000,1.000,4.000
63765,53827,0.000,1,1,0,0,0,0,0,0,0,0,0.000,0.000,0.000
63765,75847,-,1,0,0,0,0,0,1,0,0,0,0.000,0.000,0.000
63765,60558,0.500,2,2,1,0,0,1,2,0,0,1,2.000,0.500,2.500
63765,79456,1.000,2,2,2,0,0,0,0,0,0,0,1.000,1.000,2.000
55743,50854,0.000,2,1,0,0,0,0,0,0,1,1,0.000,0.500,0.500
55743,67893,0.000,4,3,0,0,0,0,0,1,0,0,0.000,0.250,0.250
55743,62895,0.000,2,1,0,0,0,0,0,1,0,0,0.000,0.500,0.500
55743,51868,1.000,1,1,1,1,0,0,1,0,0,0,2.000,1.000,3.000
55743,54812,0.500,4,2,1,0,0,0,1,1,0,1,0.500,0.500,1.000
55743,53827,0.333,3,3,1,0,0,0,0,0,0,2,0.333,0.333,0.666
55743,75847,0.333,3,3,1,1,0,0,2,0,0,1,0.667,0.333,1.000
55743,51865,1.000,1,1,1,1,0,0,1,0,0,0,2.000,1.000,3.000
55743,66864,1.000,1,1,1,1,0,0,2,0,0,0,2.000,1.000,3.000
55743,60558,0.333,3,3,1,0,0,0,0,0,0,1,0.333,0.333,0.666
55743,79456,0.000,1,1,0,0,0,0,0,0,0,0,0.000,0.000,0.000
65707,50854,0.000,1,1,0,0,0,0,0,0,0,0,0.000,0.000,0.000
65707,67893,0.000,2,1,0,0,0,0,0,1,0,0,0.000,0.500,0.500
65707,62895,0.000,2,2,0,0,0,0,0,0,0,0,0.000,0.000,0.000
65707,54812,1.000,2,1,1,0,0,0,1,1,0,0,1.000,1.000,2.000
65707,53827,0.500,2,2,1,1,0,0,0,0,0,0,1.000,0.500,1.500
65707,75847,1.000,1,1,1,0,0,1,3,0,0,0,4.000,1.000,5.000
65707,51865,0.000,2,2,0,0,0,0,0,0,0,0,0.000,0.000,0.000
65707,66864,0.000,1,1,0,0,0,0,0,0,0,0,0.000,0.000,0.000
65707,60558,-,1,0,0,0,0,0,1,0,0,0,0.000,0.000,0.000
65707,68868,1.000,1,1,1,0,0,0,0,0,0,0,1.000,1.000,2.000
76715,50854,0.182,11,11,2,0,0,0,2,0,0,3,0.182,0.182,0.364
76715,67893,0.385,14,13,5,2,0,0,2,1,0,2,0.538,0.429,0.967
76715,62895,0.000,3,2,0,0,0,0,0,1,0,1,0.000,0.333,0.333
76715,51868,0.167,6,6,1,1,0,0,0,0,0,3,0.333,0.167,0.500
76715,54812,0.500,7,6,3,0,0,0,0,0,0,1,0.500,0.500,1.000
76715,53827,0.273,13,11,3,0,0,0,2,1,1,2,0.273,0.385,0.658
76715,75847,0.273,12,11,3,0,0,1,2,1,0,2,0.545,0.333,0.878
76715,51865,0.167,6,6,1,0,0,0,1,0,0,1,0.167,0.167,0.334
76715,66864,0.000,7,6,0,0,0,0,0,0,0,4,0.000,0.000,0.000
76715,60558,0.143,7,7,1,1,0,0,0,0,0,3,0.286,0.143,0.429
76715,79456,0.000,4,4,0,0,0,0,0,0,0,0,0.000,0.000,0.000
76715,68868,0.000,2,2,0,0,0,0,0,0,0,0,0.000,0.000,0.000
76715,62934,0.000,3,3,0,0,0,0,0,0,0,2,0.000,0.000,0.000
52701,50854,0.500,2,2,1,1,0,0,0,0,0,0,1.000,0.500,1.500
52701,67893,0.500,3,2,1,0,1,0,0,1,0,0,1.500,0.667,2.167
52701,62895,0.000,2,2,0,0,0,0,0,0,0,2,0.000,0.000,0.000
52701,51868,0.000,2,2,0,0,0,0,0,0,0,1,0.000,0.000,0.000
52701,54812,0.500,2,2,1,0,0,0,0,0,0,0,0.500,0.500,1.000
52701,53827,0.333,3,3,1,0,0,1,1,0,0,0,1.333,0.333,1.666
52701,75847,0.333,3,3,1,1,0,0,1,0,0,0,0.667,0.333,1.000
52701,51865,0.000,2,2,0,0,0,0,0,0,0,0,0.000,0.000,0.000
54729,50854,1.000,1,1,1,0,0,0,0,0,0,0,1.000,1.000,2.000
54729,67893,0.000,2,1,0,0,0,0,0,1,0,0,0.000,0.500,0.500
54729,62895,-,1,0,0,0,0,0,0,1,0,0,0.000,1.000,1.000
54729,53827,0.000,3,2,0,0,0,0,1,1,0,1,0.000,0.333,0.333
54729,75847,0.000,2,2,0,0,0,0,0,0,0,0,0.000,0.000,0.000
54729,51865,-,1,0,0,0,0,0,0,1,0,0,0.000,1.000,1.000
54729,66864,-,2,0,0,0,0,0,0,2,0,0,0.000,1.000,1.000
54729,60558,1.000,1,1,1,0,0,1,3,0,0,0,4.000,1.000,5.000
54729,50868,0.000,1,1,0,0,0,0,0,0,0,0,0.000,0.000,0.000
67703,76267,-,1,0,0,0,0,0,0,1,0,0,0.000,1.000,1.000
67703,64340,0.000,2,2,0,0,0,0,0,0,0,0,0.000,0.000,0.000
67703,53312,0.000,1,1,0,0,0,0,0,0,0,1,0.000,0.000,0.000
67703,64346,0.000,1,1,0,0,0,0,0,0,0,0,0.000,0.000,0.000
53754,76267,0.000,1,1,0,0,0,0,0,0,0,0,0.000,0.000,0.000
53754,55392,0.000,1,1,0,0,0,0,0,0,0,0,0.000,0.000,0.000
53754,62332,-,1,0,0,0,0,0,0,0,1,0,0.000,1.000,1.000
54768,50167,0.000,1,1,0,0,0,0,0,0,0,0,0.000,0.000,0.000
54768,76267,0.250,4,4,1,0,0,0,0,0,0,0,0.250,0.250,0.500
54768,55392,0.000,1,1,0,0,0,0,0,0,0,0,0.000,0.000,0.000
54768,50357,0.000,1,1,0,0,0,0,0,0,0,1,0.000,0.000,0.000
54768,69332,-,1,0,0,0,0,0,0,1,0,0,0.000,1.000,1.000
54768,64346,0.000,1,1,0,0,0,0,0,0,0,0,0.000,0.000,0.000
63765,76267,-,1,0,0,0,0,0,0,1,0,0,0.000,1.000,1.000
63765,64340,0.000,1,1,0,0,0,0,0,0,0,0,0.000,0.000,0.000
63765,53312,-,1,0,0,0,0,0,0,0,0,0,0.000,0.000,0.000
63765,64346,1.000,1,1,1,0,0,1,2,0,0,0,4.000,1.000,5.000
55743,50167,1.000,1,1,1,1,0,0,2,0,0,0,2.000,1.000,3.000
55743,76267,0.000,3,3,0,0,0,0,0,0,0,1,0.000,0.000,0.000
55743,64340,1.000,1,1,1,0,0,0,0,0,0,0,1.000,1.000,2.000
55743,55392,0.000,3,3,0,0,0,0,0,0,0,1,0.000,0.000,0.000
55743,53312,0.333,3,3,1,0,0,0,0,0,0,1,0.333,0.333,0.666
55743,64984,0.000,1,1,0,0,0,0,0,0,0,1,0.000,0.000,0.000
55743,50357,0.000,2,1,0,0,0,0,0,1,0,0,0.000,0.500,0.500
55743,64346,0.000,2,2,0,0,0,0,0,0,0,1,0.000,0.000,0.000
76715,76267,0.333,3,3,1,0,0,0,0,0,0,1,0.333,0.333,0.666
76715,53312,0.333,3,3,1,0,0,0,1,0,0,1,0.333,0.333,0.666
76715,50357,0.000,2,1,0,0,0,0,0,1,0,1,0.000,0.500,0.500
76715,64346,0.500,6,4,2,0,0,0,0,1,1,2,0.500,0.667,1.167
76118,54400,0.500,2,2,1,0,0,1,4,0,0,0,2.000,0.500,2.500
76118,62404,0.000,2,2,0,0,0,0,0,0,0,1,0.000,0.000,0.000
76118,52415,0.000,1,1,0,0,0,0,0,0,0,0,0.000,0.000,0.000
76118,67449,-,2,0,0,0,0,0,0,2,0,0,0.000,1.000,1.000
76118,52430,0.000,2,2,0,0,0,0,0,0,0,0,0.000,0.000,0.000
76118,74540,0.500,2,2,1,0,0,0,0,0,0,0,0.500,0.500,1.000
76118,62234,0.000,2,2,0,0,0,0,0,0,0,0,0.000,0.000,0.000
76118,50458,0.333,4,3,1,0,0,0,0,0,0,0,0.333,0.333,0.666
76118,61404,0.000,1,1,0,0,0,0,0,0,0,0,0.000,0.000,0.000
76118,65586,0.500,2,2,1,1,0,0,0,0,0,0,1.000,0.500,1.500
67116,54400,1.000,3,2,2,0,0,0,0,1,0,0,1.000,1.000,2.000
67116,62404,0.667,3,3,2,0,0,0,1,0,0,0,0.667,0.667,1.334
67116,62234,0.000,2,2,0,0,0,0,1,0,0,0,0.000,0.000,0.000
67116,50458,0.667,3,3,2,1,0,0,0,0,0,0,1.000,0.667,1.667
67116,69418,1.000,2,1,1,0,0,0,1,1,0,0,1.000,1.000,2.000
67116,65586,0.000,2,1,0,0,0,0,0,1,0,0,0.000,0.500,0.500
69360,54400,0.000,1,1,0,0,0,0,0,0,0,0,0.000,0.000,0.000
69360,52415,0.000,1,1,0,0,0,0,0,0,0,1,0.000,0.000,0.000
69360,52430,0.000,3,1,0,0,0,0,1,1,0,1,0.000,0.333,0.333
69360,62234,0.000,4,3,0,0,0,0,1,1,0,0,0.000,0.250,0.250
69360,50458,-,1,0,0,0,0,0,0,1,0,0,0.000,1.000,1.000
69360,69418,0.000,2,1,0,0,0,0,0,0,1,1,0.000,0.500,0.500
69360,65040,0.000,1,1,0,0,0,0,0,0,0,0,0.000,0.000,0.000
69360,65586,0.000,1,1,0,0,0,0,0,0,0,0,0.000,0.000,0.000
66018,54400,0.000,1,1,0,0,0,0,0,0,0,0,0.000,0.000,0.000
66018,62404,-,1,0,0,0,0,0,0,1,0,0,0.000,1.000,1.000
66018,52415,0.000,1,1,0,0,0,0,0,0,0,0,0.000,0.000,0.000
66018,52430,-,1,0,0,0,0,0,0,1,0,0,0.000,1.000,1.000
66018,62234,0.000,1,1,0,0,0,0,0,0,0,0,0.000,0.000,0.000
66018,69418,0.000,1,1,0,0,0,0,0,0,0,0,0.000,0.000,0.000
52395,52415,0.000,1,1,0,0,0,0,0,0,0,1,0.000,0.000,0.000
52395,67449,0.000,1,1,0,0,0,0,0,0,0,1,0.000,0.000,0.000
52395,52430,0.000,1,1,0,0,0,0,0,0,0,1,0.000,0.000,0.000
67828,54400,0.000,3,2,0,0,0,0,0,0,1,1,0.000,0.333,0.333
67828,62404,0.000,2,2,0,0,0,0,0,0,0,1,0.000,0.000,0.000
67828,52415,0.000,1,1,0,0,0,0,0,0,0,0,0.000,0.000,0.000
67828,67449,1.000,2,2,2,1,0,0,0,0,0,0,1.500,1.000,2.500
67828,62234,0.000,1,1,0,0,0,0,0,0,0,0,0.000,0.000,0.000
50036,54400,0.000,1,1,0,0,0,0,0,0,0,0,0.000,0.000,0.000
50036,62404,-,1,0,0,0,0,0,0,1,0,0,0.000,1.000,1.000
50036,52415,-,2,0,0,0,0,0,0,0,2,0,0.000,1.000,1.000
50036,67449,-,1,0,0,0,0,0,1,0,0,0,0.000,0.000,0.000
50036,52430,-,1,0,0,0,0,0,0,1,0,0,0.000,1.000,1.000
50036,62234,0.000,1,1,0,0,0,0,0,0,0,0,0.000,0.000,0.000
50036,69418,1.000,1,1,1,0,0,0,0,0,0,0,1.000,1.000,2.000
64350,54400,0.200,11,10,2,0,0,1,3,0,0,1,0.500,0.182,0.682
64350,62404,0.600,6,5,3,1,0,0,1,0,0,1,0.800,0.600,1.400
64350,52415,0.000,6,6,0,0,0,0,0,0,0,1,0.000,0.000,0.000
64350,67449,0.667,9,6,4,1,0,0,2,2,0,0,0.833,0.750,1.583
64350,52430,0.333,6,6,2,0,0,0,0,0,0,1,0.333,0.333,0.666
64350,74540,0.167,6,6,1,1,0,0,0,0,0,3,0.333,0.167,0.500
64350,62234,0.300,11,10,3,1,0,0,0,0,1,2,0.400,0.364,0.764
64350,50458,0.200,13,10,2,0,1,0,0,2,0,1,0.400,0.333,0.733
64350,69418,0.333,5,3,1,1,0,0,0,2,0,2,0.667,0.600,1.267
64350,61404,0.333,4,3,1,0,0,0,0,1,0,0,0.333,0.500,0.833
64350,65586,0.000,5,3,0,0,0,0,0,1,1,1,0.000,0.400,0.400
54368,54400,1.000,1,1,1,1,0,0,1,0,0,0,2.000,1.000,3.000
54368,62404,-,1,0,0,0,0,0,1,0,0,0,0.000,0.000,0.000
54368,52415,0.000,2,2,0,0,0,0,0,0,0,1,0.000,0.000,0.000
54368,67449,0.000,1,1,0,0,0,0,0,0,0,0,0.000,0.000,0.000
54368,52430,0.500,2,2,1,0,0,0,0,0,0,0,0.500,0.500,1.000
54368,74540,0.000,1,1,0,0,0,0,0,0,0,0,0.000,0.000,0.000
54368,62234,1.000,1,1,1,0,0,0,1,0,0,0,1.000,1.000,2.000
54368,50458,0.500,2,2,1,0,0,0,0,0,0,0,0.500,0.500,1.000
54368,69418,-,1,0,0,0,0,0,0,1,0,0,0.000,1.000,1.000
54368,65586,1.000,1,1,1,0,0,0,0,0,0,0,1.000,1.000,2.000
69045,54400,0.200,5,5,1,0,0,1,1,0,0,1,0.800,0.200,1.000
69045,62404,0.200,5,5,1,0,0,0,0,0,0,0,0.200,0.200,0.400
69045,52415,0.000,2,1,0,0,0,0,0,0,1,0,0.000,0.500,0.500
69045,67449,0.000,2,2,0,0,0,0,0,0,0,0,0.000,0.000,0.000
69045,52430,0.333,3,3,1,0,0,0,0,0,0,1,0.333,0.333,0.666
69045,74540,0.000,2,2,0,0,0,0,0,0,0,2,0.000,0.000,0.000
69045,62234,0.250,4,4,1,0,0,0,0,0,0,2,0.250,0.250,0.500
69045,50458,0.200,5,5,1,0,0,0,0,0,0,0,0.200,0.200,0.400
69045,65040,0.000,2,1,0,0,0,0,0,1,0,1,0.000,0.500,0.500
76118,78548,0.000,2,2,0,0,0,0,0,0,0,0,0.000,0.000,0.000
76118,79402,0.500,2,2,1,0,0,0,0,0,0,1,0.500,0.500,1.000
76118,64004,0.000,1,1,0,0,0,0,0,0,0,0,0.000,0.000,0.000
76118,51003,1.000,2,1,1,0,0,0,0,0,0,0,1.000,1.000,2.000
76118,64166,0.500,2,2,1,0,0,0,0,0,0,0,0.500,0.500,1.000
76118,64504,0.500,2,2,1,0,0,0,0,0,0,0,0.500,0.500,1.000
76118,64115,0.000,1,1,0,0,0,0,0,0,0,1,0.000,0.000,0.000
67116,78548,-,1,0,0,0,0,0,0,1,0,0,0.000,1.000,1.000
67116,64004,-,1,0,0,0,0,0,0,0,0,0,0.000,0.000,0.000
67116,51003,1.000,1,1,1,0,0,0,0,0,0,0,1.000,1.000,2.000
69360,79240,0.000,2,2,0,0,0,0,0,0,0,0,0.000,0.000,0.000
69360,78548,1.000,1,1,1,1,0,0,1,0,0,0,2.000,1.000,3.000
69360,79402,0.333,3,3,1,0,0,0,0,0,0,0,0.333,0.333,0.666
69360,64004,0.000,1,1,0,0,0,0,0,0,0,1,0.000,0.000,0.000
69360,51003,-,1,0,0,0,0,0,0,1,0,0,0.000,1.000,1.000
69360,64166,0.500,2,2,1,0,0,0,0,0,0,0,0.500,0.500,1.000
66018,52001,0.000,1,1,0,0,0,0,0,0,0,0,0.000,0.000,0.000
66018,79240,0.500,2,2,1,1,0,0,0,0,0,0,1.000,0.500,1.500
66018,79402,0.500,2,2,1,0,0,0,0,0,0,0,0.500,0.500,1.000
66018,66706,0.000,1,1,0,0,0,0,0,0,0,0,0.000,0.000,0.000
66018,64115,0.000,1,1,0,0,0,0,0,0,0,0,0.000,0.000,0.000
52395,79402,1.000,1,1,1,0,0,0,1,0,0,0,1.000,1.000,2.000
52395,51003,0.000,1,1,0,0,0,0,0,0,0,1,0.000,0.000,0.000
52395,64166,0.000,1,1,0,0,0,0,0,0,0,1,0.000,0.000,0.000
67828,79240,1.000,1,1,1,1,0,0,0,0,0,0,2.000,1.000,3.000
67828,79402,-,1,0,0,0,0,0,0,0,1,0,0.000,1.000,1.000
67828,64004,1.000,1,1,1,0,0,0,1,0,0,0,1.000,1.000,2.000
67828,66706,0.000,1,1,0,0,0,0,0,0,0,1,0.000,0.000,0.000
64350,52001,0.333,3,3,1,0,0,0,1,0,0,1,0.333,0.333,0.666
64350,79240,0.250,5,4,1,0,0,0,0,1,0,0,0.250,0.400,0.650
64350,78548,0.000,3,3,0,0,0,0,0,0,0,0,0.000,0.000,0.000
64350,79402,0.200,6,5,1,1,0,0,0,1,0,0,0.400,0.333,0.733
64350,64004,1.000,1,1,1,0,0,0,0,0,0,0,1.000,1.000,2.000
64350,64166,0.333,3,3,1,0,0,0,0,0,0,1,0.333,0.333,0.666
64350,66706,1.000,3,1,1,1,0,0,1,1,0,0,2.000,0.667,2.667
64350,64115,0.000,4,4,0,0,0,0,0,0,0,1,0.000,0.000,0.000
64350,67644,0.000,1,1,0,0,0,0,0,0,0,0,0.000,0.000,0.000
64350,68089,0.000,2,2,0,0,0,0,0,0,0,0,0.000,0.000,0.000
54368,79402,0.000,1,1,0,0,0,0,0,0,0,0,0.000,0.000,0.000
54368,51003,1.000,1,1,1,0,0,0,1,0,0,0,1.000,1.000,2.000
54368,64166,0.000,1,1,0,0,0,0,0,0,0,0,0.000,0.000,0.000
69045,79402,0.667,3,3,2,0,0,0,0,0,0,0,0.667,0.667,1.334
69045,64004,0.333,3,3,1,0,0,0,0,0,0,1,0.333,0.333,0.666
69045,51003,1.000,2,1,1,0,0,0,0,1,0,0,1.000,1.000,2.000
69045,64504,0.333,3,3,1,0,0,0,0,0,0,1,0.333,0.333,0.666
69045,67644,0.000,1,1,0,0,0,0,0,0,0,0,0.000,0.000,0.000
76118,69102,-,3,0,0,0,0,0,0,3,0,0,0.000,1.000,1.000
76118,62415,0.000,4,3,0,0,0,0,0,1,0,1,0.000,0.250,0.250
76118,68119,0.000,2,1,0,0,0,0,0,0,0,1,0.000,0.000,0.000
76118,65207,1.000,1,1,1,0,0,0,1,0,0,0,1.000,1.000,2.000
76118,79365,0.333,5,3,1,1,0,0,2,0,0,2,0.667,0.333,1.000
76118,53123,0.500,3,2,1,0,0,0,0,1,0,1,0.500,0.667,1.167
76118,79109,0.750,4,4,3,1,0,0,0,0,0,0,1.000,0.750,1.750
76118,69100,-,1,0,0,0,0,0,0,1,0,0,0.000,1.000,1.000
76118,66108,0.000,2,2,0,0,0,0,0,0,0,0,0.000,0.000,0.000
76118,50054,0.500,2,2,1,1,0,0,1,0,0,0,1.000,0.500,1.500
76118,68110,-,1,0,0,0,0,0,0,0,1,0,0.000,1.000,1.000
53301,69102,0.000,1,1,0,0,0,0,0,0,0,0,0.000,0.000,0.000
53301,62415,1.000,2,1,1,0,0,0,2,1,0,0,1.000,1.000,2.000
53301,65207,0.000,1,1,0,0,0,0,0,0,0,0,0.000,0.000,0.000
53301,53123,0.500,2,2,1,0,0,0,0,0,0,0,0.500,0.500,1.000
53301,69100,0.000,1,1,0,0,0,0,0,0,0,0,0.000,0.000,0.000
53301,66108,0.500,2,2,1,0,0,0,1,0,0,0,0.500,0.500,1.000
53301,50054,-,1,0,0,0,0,0,0,1,0,0,0.000,1.000,1.000
53301,68110,1.000,1,1,1,1,0,0,0,0,0,0,2.000,1.000,3.000
53301,52154,-,1,0,0,0,0,0,0,0,1,0,0.000,1.000,1.000
53301,52103,0.000,1,1,0,0,0,0,0,0,0,0,0.000,0.000,0.000
67116,68119,-,1,0,0,0,0,0,0,1,0,0,0.000,1.000,1.000
67116,65207,0.000,2,2,0,0,0,0,0,0,0,1,0.000,0.000,0.000
67116,53123,0.000,1,1,0,0,0,0,0,0,0,0,0.000,0.000,0.000
67116,66108,0.000,1,1,0,0,0,0,0,0,0,0,0.000,0.000,0.000
67116,50054,0.000,1,1,0,0,0,0,0,0,0,1,0.000,0.000,0.000
67116,51100,-,1,0,0,0,0,0,0,1,0,0,0.000,1.000,1.000
69360,62415,0.000,1,1,0,0,0,0,0,0,0,1,0.000,0.000,0.000
69360,65207,0.000,1,1,0,0,0,0,0,0,0,1,0.000,0.000,0.000
69360,79365,0.000,1,1,0,0,0,0,0,0,0,1,0.000,0.000,0.000
69360,53123,0.000,1,1,0,0,0,0,0,0,0,0,0.000,0.000,0.000
69360,79109,0.000,1,1,0,0,0,0,0,0,0,1,0.000,0.000,0.000
69360,50054,0.000,1,1,0,0,0,0,0,0,0,0,0.000,0.000,0.000
69360,51100,1.000,1,1,1,1,0,0,1,0,0,0,2.000,1.000,3.000
66018,69102,0.500,2,2,1,0,0,1,1,0,0,0,2.000,0.500,2.500
66018,62415,0.000,1,1,0,0,0,0,0,0,0,0,0.000,0.000,0.000
66018,68119,0.000,1,1,0,0,0,0,0,0,0,0,0.000,0.000,0.000
66018,79365,0.000,2,1,0,0,0,0,1,0,0,0,0.000,0.000,0.000
66018,53123,0.000,3,2,0,0,0,0,0,1,0,0,0.000,0.333,0.333
66018,79109,0.000,1,1,0,0,0,0,0,0,0,0,0.000,0.000,0.000
66018,69100,0.000,1,1,0,0,0,0,0,0,0,0,0.000,0.000,0.000
66018,66108,0.000,1,1,0,0,0,0,0,0,0,1,0.000,0.000,0.000
66018,50054,0.000,1,1,0,0,0,0,0,0,0,0,0.000,0.000,0.000
66018,68110,1.000,1,1,1,0,0,0,0,0,0,0,1.000,1.000,2.000
66018,52154,0.000,1,1,0,0,0,0,0,0,0,0,0.000,0.000,0.000
55301,65207,-,0,0,0,0,0,0,0,0,0,0,0.000,0.000,0.000
55301,51100,1.000,1,1,1,0,0,0,0,0,0,0,1.000,1.000,2.000
67828,69102,0.000,2,1,0,0,0,0,0,1,0,0,0.000,0.500,0.500
67828,68119,0.000,1,1,0,0,0,0,1,0,0,0,0.000,0.000,0.000
67828,65207,-,1,0,0,0,0,0,0,0,1,0,0.000,1.000,1.000
67828,79109,-,1,0,0,0,0,0,0,1,0,0,0.000,1.000,1.000
67828,68110,0.000,1,1,0,0,0,0,0,0,0,0,0.000,0.000,0.000
64350,69102,0.333,5,3,1,0,0,0,0,2,0,1,0.333,0.600,0.933
64350,62415,0.500,5,4,2,1,0,0,0,1,0,0,0.750,0.600,1.350
64350,68119,0.000,4,4,0,0,0,0,0,0,0,0,0.000,0.000,0.000
64350,65207,0.000,3,3,0,0,0,0,0,0,0,0,0.000,0.000,0.000
64350,79365,0.200,5,5,1,0,0,0,0,0,0,2,0.200,0.200,0.400
64350,53123,1.000,6,5,5,1,0,2,5,1,0,0,2.400,1.000,3.400
64350,79109,0.000,4,3,0,0,0,0,0,1,0,0,0.000,0.250,0.250
64350,69100,1.000,2,2,2,1,0,0,1,0,0,0,1.500,1.000,2.500
64350,66108,0.400,6,5,2,0,0,0,0,1,0,1,0.400,0.500,0.900
64350,50054,0.000,2,2,0,0,0,0,0,0,0,2,0.000,0.000,0.000
54362,69102,0.000,6,6,0,0,0,0,0,0,0,3,0.000,0.000,0.000
54362,62415,0.250,7,4,1,0,0,0,0,2,1,0,0.250,0.571,0.821
54362,68119,1.000,2,2,2,0,0,0,0,0,0,0,1.000,1.000,2.000
54362,79365,0.200,6,5,1,0,0,0,2,1,0,2,0.200,0.333,0.533
54362,53123,0.000,6,5,0,0,0,0,0,1,0,0,0.000,0.167,0.167
54362,79109,0.000,5,5,0,0,0,0,0,0,0,0,0.000,0.000,0.000
54362,69100,0.000,4,4,0,0,0,0,0,0,0,1,0.000,0.000,0.000
54362,66108,0.000,7,4,0,0,0,0,0,3,0,0,0.000,0.429,0.429
54362,50054,1.000,1,1,1,0,0,0,0,0,0,0,1.000,1.000,2.000
54362,68110,1.000,2,1,1,0,0,0,0,0,1,0,1.000,1.000,2.000
69045,69102,0.125,9,8,1,0,0,0,0,1,0,2,0.125,0.222,0.347
69045,62415,0.250,8,8,2,0,0,0,2,0,0,1,0.250,0.250,0.500
69045,68119,0.600,5,5,3,0,0,1,2,0,0,0,1.200,0.600,1.800
69045,65207,0.571,7,7,4,0,0,0,1,0,0,2,0.571,0.571,1.142
69045,79365,0.429,7,7,3,2,0,0,0,0,0,1,0.714,0.429,1.143
69045,53123,0.556,9,9,5,2,0,3,6,0,0,3,1.778,0.556,2.334
69045,79109,0.500,2,2,1,0,0,0,0,0,0,0,0.500,0.500,1.000
69045,69100,0.000,3,3,0,0,0,0,0,0,0,3,0.000,0.000,0.000
69045,66108,0.000,6,4,0,0,0,0,0,1,1,1,0.000,0.333,0.333
69045,50054,0.333,3,3,1,0,0,0,0,0,0,1,0.333,0.333,0.666
69045,68110,0.000,5,5,0,0,0,0,1,0,0,2,0.000,0.000,0.000
69045,51100,0.000,2,2,0,0,0,0,0,0,0,0,0.000,0.000,0.000
76118,69636,0.000,1,1,0,0,0,0,0,0,0,1,0.000,0.000,0.000
76118,65653,0.333,3,3,1,0,0,0,0,0,0,1,0.333,0.333,0.666
76118,62947,0.000,1,1,0,0,0,0,0,0,0,0,0.000,0.000,0.000
76118,78603,0.000,1,1,0,0,0,0,0,0,0,0,0.000,0.000,0.000
76118,68646,0.500,2,2,1,0,0,0,0,0,0,0,0.500,0.500,1.000
76118,78122,1.000,1,1,1,0,0,1,2,0,0,0,4.000,1.000,5.000
76118,66614,0.000,1,1,0,0,0,0,0,0,0,0,0.000,0.000,0.000
76118,52605,0.000,1,1,0,0,0,0,0,0,0,1,0.000,0.000,0.000
67116,65653,0.000,2,2,0,0,0,0,0,0,0,1,0.000,0.000,0.000
67116,62947,0.000,1,1,0,0,0,0,0,0,0,0,0.000,0.000,0.000
67116,78603,-,1,0,0,0,0,0,0,0,1,0,0.000,1.000,1.000
67116,68646,0.000,1,1,0,0,0,0,0,0,0,0,0.000,0.000,0.000
67116,66614,0.000,2,2,0,0,0,0,0,0,0,0,0.000,0.000,0.000
67116,52605,0.000,1,1,0,0,0,0,0,0,0,0,0.000,0.000,0.000
69360,65653,0.500,2,2,1,0,0,0,1,0,0,0,0.500,0.500,1.000
69360,62947,0.000,1,1,0,0,0,0,0,0,0,0,0.000,0.000,0.000
69360,78603,0.000,2,2,0,0,0,0,0,0,0,0,0.000,0.000,0.000
69360,68646,0.000,2,2,0,0,0,0,0,0,0,0,0.000,0.000,0.000
69360,78122,1.000,1,1,1,1,0,0,0,0,0,0,2.000,1.000,3.000
69360,66614,1.000,1,1,1,0,0,0,0,0,0,0,1.000,1.000,2.000
69360,69727,1.000,1,1,1,0,0,1,1,0,0,0,4.000,1.000,5.000
69360,52605,0.500,2,2,1,0,0,1,2,0,0,0,2.000,0.500,2.500
66018,65653,0.000,2,2,0,0,0,0,0,0,0,2,0.000,0.000,0.000
66018,62947,-,1,0,0,0,0,0,0,1,0,0,0.000,1.000,1.000
66018,78603,0.000,1,1,0,0,0,0,0,0,0,0,0.000,0.000,0.000
66018,66614,0.000,1,1,0,0,0,0,0,0,0,0,0.000,0.000,0.000
66018,52667,0.000,1,1,0,0,0,0,0,0,0,0,0.000,0.000,0.000
66018,52605,-,1,0,0,0,0,0,0,1,0,0,0.000,1.000,1.000
52395,65653,1.000,1,1,1,0,0,0,0,0,0,0,1.000,1.000,2.000
52395,78122,1.000,1,1,1,1,0,0,0,0,0,0,2.000,1.000,3.000
52395,52667,0.000,1,1,0,0,0,0,0,0,0,1,0.000,0.000,0.000
52395,52605,0.000,1,1,0,0,0,0,0,0,0,0,0.000,0.000,0.000
55301,62947,0.000,1,1,0,0,0,0,0,0,0,1,0.000,0.000,0.000
55301,68646,0.000,1,1,0,0,0,0,0,0,0,0,0.000,0.000,0.000
67828,78603,-,1,0,0,0,0,0,0,0,1,0,0.000,1.000,1.000
67828,68646,-,1,0,0,0,0,0,0,0,1,0,0.000,1.000,1.000
50036,62947,0.000,1,1,0,0,0,0,0,0,0,1,0.000,0.000,0.000
64350,69636,0.333,3,3,1,0,0,0,0,0,0,1,0.333,0.333,0.666
64350,65653,0.333,6,3,1,0,0,0,1,0,1,0,0.333,0.400,0.733
64350,62947,0.500,6,4,2,0,0,1,1,2,0,0,1.250,0.667,1.917
64350,78603,0.750,6,4,3,0,0,0,2,1,0,0,0.750,0.667,1.417
64350,68646,0.000,6,5,0,0,0,0,0,1,0,2,0.000,0.167,0.167
64350,66614,0.500,2,2,1,0,0,0,0,0,0,1,0.500,0.500,1.000
64350,52605,0.400,6,5,2,0,0,1,4,1,0,0,1.000,0.500,1.500
54362,69636,-,2,0,0,0,0,0,0,2,0,0,0.000,1.000,1.000
54362,65653,0.000,3,2,0,0,0,0,1,0,0,0,0.000,0.000,0.000
54362,62947,0.333,3,3,1,0,0,0,0,0,0,0,0.333,0.333,0.666
54362,78603,0.000,4,4,0,0,0,0,0,0,0,0,0.000,0.000,0.000
54362,68646,0.000,1,1,0,0,0,0,0,0,0,1,0.000,0.000,0.000
54362,78122,0.000,2,1,0,0,0,0,0,1,0,0,0.000,0.500,0.500
54362,66614,0.000,1,1,0,0,0,0,0,0,0,0,0.000,0.000,0.000
54362,69727,0.000,1,1,0,0,0,0,0,0,0,0,0.000,0.000,0.000
54362,52605,0.500,3,2,1,0,0,1,1,1,0,0,2.000,0.667,2.667
69045,65653,0.125,9,8,1,0,0,0,1,0,0,4,0.125,0.111,0.236
69045,62947,0.222,9,9,2,0,0,2,2,0,0,4,0.889,0.222,1.111
69045,78603,0.167,6,6,1,0,0,0,0,0,0,0,0.167,0.167,0.334
69045,68646,0.333,9,9,3,0,0,1,2,0,0,1,0.667,0.333,1.000
69045,78122,0.600,5,5,3,0,0,0,0,0,0,1,0.600,0.600,1.200
69045,66614,0.000,5,5,0,0,0,0,0,0,0,3,0.000,0.000,0.000
69045,52605,0.375,9,8,3,0,0,2,3,1,0,3,1.125,0.444,1.569
76118,79231,0.000,4,4,0,0,0,0,0,0,0,1,0.000,0.000,0.000
76118,76232,0.000,1,1,0,0,0,0,0,0,0,1,0.000,0.000,0.000
76118,63123,0.333,3,3,1,1,0,0,1,0,0,1,0.667,0.333,1.000
76118,67207,-,1,0,0,0,0,0,0,0,0,0,0.000,0.000,0.000
76118,55252,1.000,1,1,1,0,0,0,0,0,0,0,1.000,1.000,2.000
76118,53554,0.333,3,3,1,0,0,0,1,0,0,0,0.333,0.333,0.666
76118,51203,0.333,3,3,1,0,0,0,0,0,0,1,0.333,0.333,0.666
76118,66209,1.000,1,1,1,0,0,0,1,0,0,0,1.000,1.000,2.000
67116,79231,0.000,1,1,0,0,0,0,0,0,0,0,0.000,0.000,0.000
67116,76232,-,1,0,0,0,0,0,1,0,0,0,0.000,0.000,0.000
67116,63123,0.000,1,1,0,0,0,0,0,0,0,1,0.000,0.000,0.000
67116,55252,0.000,1,1,0,0,0,0,0,0,0,0,0.000,0.000,0.000
67116,53554,-,1,0,0,0,0,0,0,1,0,0,0.000,1.000,1.000
69360,79231,0.000,2,1,0,0,0,0,0,1,0,0,0.000,0.500,0.500
69360,50208,0.000,1,1,0,0,0,0,0,0,0,0,0.000,0.000,0.000
69360,55252,0.000,2,2,0,0,0,0,0,0,0,1,0.000,0.000,0.000
69360,53554,0.000,1,1,0,0,0,0,0,0,0,0,0.000,0.000,0.000
69360,51203,0.667,3,3,2,0,0,1,2,0,0,0,1.667,0.667,2.334
69360,66209,0.000,1,1,0,0,0,0,0,0,0,0,0.000,0.000,0.000
66018,79231,0.000,2,2,0,0,0,0,0,0,0,0,0.000,0.000,0.000
66018,76232,0.000,2,2,0,0,0,0,0,0,0,2,0.000,0.000,0.000
66018,63123,1.000,1,1,1,1,0,0,1,0,0,0,2.000,1.000,3.000
66018,55252,0.500,2,2,1,0,1,0,1,0,0,0,1.500,0.500,2.000
66018,53554,0.000,1,1,0,0,0,0,0,0,0,0,0.000,0.000,0.000
66018,51203,1.000,2,2,2,0,0,1,2,0,0,0,2.500,1.000,3.500
66018,66209,0.000,1,1,0,0,0,0,0,0,0,0,0.000,0.000,0.000
52395,79231,0.000,1,1,0,0,0,0,0,0,0,0,0.000,0.000,0.000
52395,76232,0.000,1,1,0,0,0,0,0,0,0,0,0.000,0.000,0.000
52395,50208,-,1,0,0,0,0,0,0,1,0,0,0.000,1.000,1.000
52395,53554,0.000,1,1,0,0,0,0,0,0,0,0,0.000,0.000,0.000
52395,51203,0.000,1,1,0,0,0,0,0,0,0,0,0.000,0.000,0.000
55301,79231,-,1,0,0,0,0,0,1,1,0,0,0.000,1.000,1.000
55301,76232,0.000,2,1,0,0,0,0,0,1,0,0,0.000,0.500,0.500
55301,63123,0.000,2,1,0,0,0,0,0,1,0,0,0.000,0.500,0.500
55301,50208,-,1,0,0,0,0,0,1,1,0,0,0.000,1.000,1.000
55301,67207,0.000,1,1,0,0,0,0,0,0,0,1,0.000,0.000,0.000
55301,55252,1.000,2,1,1,0,0,0,2,0,0,0,1.000,0.500,1.500
55301,53554,-,1,0,0,0,0,0,0,1,0,0,0.000,1.000,1.000
55301,66112,1.000,2,1,1,0,0,0,1,0,1,0,1.000,1.000,2.000
55301,51203,0.000,2,2,0,0,0,0,0,0,0,1,0.000,0.000,0.000
55301,66209,-,2,0,0,0,0,0,0,1,0,0,0.000,1.000,1.000
50036,51203,-,0,0,0,0,0,0,0,0,0,0,0.000,0.000,0.000
64350,79231,0.571,7,7,4,0,0,0,1,0,0,0,0.571,0.571,1.142
64350,76232,0.167,7,6,1,0,0,0,0,0,1,1,0.167,0.286,0.453
64350,63123,0.000,4,3,0,0,0,0,1,0,0,1,0.000,0.000,0.000
64350,50208,0.500,4,4,2,1,1,0,0,0,0,0,1.250,0.500,1.750
64350,55252,0.000,5,5,0,0,0,0,0,0,0,1,0.000,0.000,0.000
64350,53554,0.000,5,5,0,0,0,0,0,0,0,1,0.000,0.000,0.000
64350,66112,0.333,4,3,1,1,0,0,1,0,0,1,0.667,0.250,0.917
64350,51203,0.333,6,6,2,0,1,1,3,0,0,0,1.167,0.333,1.500
54362,79231,0.333,3,3,1,0,0,0,1,0,0,0,0.333,0.333,0.666
54362,76232,0.500,5,2,1,0,0,0,2,3,0,0,0.500,0.800,1.300
54362,50208,0.000,1,1,0,0,0,0,0,0,0,1,0.000,0.000,0.000
54362,55252,0.600,5,5,3,2,1,0,2,0,0,1,1.400,0.600,2.000
54362,53554,0.500,5,4,2,1,0,0,2,1,0,1,0.750,0.600,1.350
54362,51203,1.000,4,2,2,1,0,0,0,2,0,0,1.500,1.000,2.500
54362,66209,1.000,2,1,1,1,0,0,1,1,0,0,2.000,1.000,3.000
69045,79231,0.667,3,3,2,0,0,0,1,0,0,0,0.667,0.667,1.334
69045,76232,0.000,1,1,0,0,0,0,0,0,0,0,0.000,0.000,0.000
69045,63123,0.000,2,2,0,0,0,0,0,0,0,2,0.000,0.000,0.000
69045,50208,0.000,3,3,0,0,0,0,0,0,0,0,0.000,0.000,0.000
69045,53554,0.000,2,2,0,0,0,0,0,0,0,0,0.000,0.000,0.000
69045,66209,1.000,2,1,1,1,0,0,0,1,0,0,2.000,1.000,3.000
76118,51907,0.000,1,1,0,0,0,0,0,0,0,0,0.000,0.000,0.000
76118,62907,0.000,3,2,0,0,0,0,0,1,0,0,0.000,0.333,0.333
76118,63963,0.000,1,1,0,0,0,0,0,0,0,0,0.000,0.000,0.000
76118,79215,0.000,4,3,0,0,0,0,0,1,0,1,0.000,0.250,0.250
76118,68912,0.250,4,4,1,0,0,0,2,0,0,0,0.250,0.250,0.500
76118,63260,0.500,4,4,2,2,0,0,0,0,0,0,1.000,0.500,1.500
76118,69995,-,1,0,0,0,0,0,0,0,0,0,0.000,0.000,0.000
76118,68904,0.000,1,1,0,0,0,0,0,0,0,0,0.000,0.000,0.000
76118,69992,0.000,1,1,0,0,0,0,0,0,0,1,0.000,0.000,0.000
76118,64101,0.000,1,1,0,0,0,0,0,0,0,0,0.000,0.000,0.000
67116,51907,0.667,4,3,2,0,0,0,0,1,0,0,0.667,0.750,1.417
67116,62907,0.500,3,2,1,0,0,0,2,1,0,1,0.500,0.667,1.167
67116,63963,1.000,1,1,1,1,0,0,1,0,0,0,2.000,1.000,3.000
67116,79215,0.000,2,2,0,0,0,0,0,0,0,0,0.000,0.000,0.000
67116,68912,0.000,3,2,0,0,0,0,0,0,1,1,0.000,0.333,0.333
67116,63260,1.000,2,1,1,1,0,0,0,1,0,0,2.000,1.000,3.000
67116,67905,0.000,2,2,0,0,0,0,0,0,0,0,0.000,0.000,0.000
67116,69995,0.000,2,1,0,0,0,0,0,1,0,0,0.000,0.500,0.500
67116,68904,0.000,3,2,0,0,0,0,0,0,1,2,0.000,0.333,0.333
67116,64101,-,1,0,0,0,0,0,0,0,0,0,0.000,0.000,0.000
67116,50902,0.000,1,1,0,0,0,0,0,0,0,0,0.000,0.000,0.000
69360,63963,0.000,1,1,0,0,0,0,0,0,0,0,0.000,0.000,0.000
69360,79215,0.000,2,1,0,0,0,0,0,0,1,0,0.000,0.500,0.500
69360,63260,0.000,1,1,0,0,0,0,0,0,0,0,0.000,0.000,0.000
69360,67905,1.000,1,1,1,0,1,0,2,0,0,0,3.000,1.000,4.000
69360,69995,0.000,1,1,0,0,0,0,0,0,0,0,0.000,0.000,0.000
52395,51907,0.000,1,1,0,0,0,0,0,0,0,0,0.000,0.000,0.000
52395,62907,-,1,0,0,0,0,0,0,1,0,0,0.000,1.000,1.000
52395,63963,1.000,1,1,1,0,0,0,0,0,0,0,1.000,1.000,2.000
55301,51907,1.000,1,1,1,0,0,0,1,0,0,0,1.000,1.000,2.000
55301,62907,1.000,1,1,1,0,0,0,0,0,0,0,1.000,1.000,2.000
55301,79215,0.000,1,1,0,0,0,0,0,0,0,0,0.000,0.000,0.000
55301,63260,1.000,1,1,1,0,0,0,0,0,0,0,1.000,1.000,2.000
55301,69995,0.000,1,1,0,0,0,0,0,0,0,0,0.000,0.000,0.000
55301,69992,0.000,1,1,0,0,0,0,0,0,0,1,0.000,0.000,0.000
64350,51907,0.500,5,4,2,0,0,0,0,0,1,0,0.500,0.600,1.100
64350,51344,0.000,3,3,0,0,0,0,0,0,0,1,0.000,0.000,0.000
64350,62907,0.400,7,5,2,0,0,0,1,2,0,1,0.400,0.571,0.971
64350,63963,0.143,7,7,1,0,0,0,0,0,0,1,0.143,0.143,0.286
64350,79215,0.500,8,6,3,1,0,0,1,1,0,1,0.667,0.500,1.167
64350,68912,0.000,4,4,0,0,0,0,0,0,0,3,0.000,0.000,0.000
64350,63260,0.125,8,8,1,0,0,0,0,0,0,4,0.125,0.125,0.250
64350,67905,0.000,3,3,0,0,0,0,0,0,0,0,0.000,0.000,0.000
64350,69995,0.000,3,2,0,0,0,0,0,0,0,1,0.000,0.000,0.000
64350,69992,0.250,4,4,1,0,0,0,0,0,0,3,0.250,0.250,0.500
64350,64101,0.000,2,2,0,0,0,0,0,0,0,0,0.000,0.000,0.000
64350,50902,0.000,3,2,0,0,0,0,0,1,0,0,0.000,0.333,0.333
54362,51907,0.000,1,1,0,0,0,0,0,0,0,1,0.000,0.000,0.000
54362,51344,-,1,0,0,0,0,0,1,1,0,0,0.000,1.000,1.000
54362,63963,-,1,0,0,0,0,0,0,1,0,0,0.000,1.000,1.000
54362,79215,0.000,1,1,0,0,0,0,1,0,0,0,0.000,0.000,0.000
54362,68912,1.000,1,1,1,0,0,0,0,0,0,0,1.000,1.000,2.000
54362,67905,0.000,1,1,0,0,0,0,0,0,0,1,0.000,0.000,0.000
54362,69995,0.000,1,1,0,0,0,0,0,0,0,0,0.000,0.000,0.000
54362,69992,0.000,1,1,0,0,0,0,0,0,0,0,0.000,0.000,0.000
54362,64101,1.000,1,1,1,0,0,0,0,0,0,0,1.000,1.000,2.000
54368,51907,0.000,2,1,0,0,0,0,0,1,0,1,0.000,0.500,0.500
54368,62907,1.000,2,1,1,1,0,0,1,1,0,0,2.000,1.000,3.000
54368,79215,0.000,2,2,0,0,0,0,0,0,0,1,0.000,0.000,0.000
54368,68912,-,1,0,0,0,0,0,0,1,0,0,0.000,1.000,1.000
54368,63260,0.500,2,2,1,0,0,0,0,0,0,0,0.500,0.500,1.000
54368,69995,0.500,2,2,1,0,0,0,2,0,0,1,0.500,0.500,1.000
54368,69992,0.000,2,2,0,0,0,0,0,0,0,0,0.000,0.000,0.000
69045,51907,0.286,7,7,2,1,0,0,0,0,0,1,0.429,0.286,0.715
69045,62907,0.000,7,7,0,0,0,0,0,0,0,2,0.000,0.000,0.000
69045,79215,0.000,7,6,0,0,0,0,1,0,0,1,0.000,0.000,0.000
69045,63260,0.600,6,5,3,1,0,0,0,1,0,0,0.800,0.667,1.467
69045,67905,0.000,1,1,0,0,0,0,0,0,0,0,0.000,0.000,0.000
69045,69995,0.667,3,3,2,0,0,0,0,0,0,1,0.667,0.667,1.334
69045,68904,0.500,2,2,1,0,0,0,0,0,0,0,0.500,0.500,1.000
69045,69992,0.000,4,4,0,0,0,0,0,0,0,1,0.000,0.000,0.000
69045,64101,0.167,6,6,1,0,0,0,0,0,0,2,0.167,0.167,0.334
69045,50902,0.000,3,3,0,0,0,0,0,0,0,1,0.000,0.000,0.000
76118,54529,0.333,3,3,1,1,0,0,0,0,0,1,0.667,0.333,1.000
76118,69517,0.000,1,1,0,0,0,0,0,0,0,1,0.000,0.000,0.000
76118,78513,0.000,2,2,0,0,0,0,0,0,0,1,0.000,0.000,0.000
76118,52591,1.000,1,1,1,1,0,0,0,0,0,0,2.000,1.000,3.000
76118,51551,1.000,1,1,1,0,0,0,1,0,0,0,1.000,1.000,2.000
76118,68205,0.000,1,1,0,0,0,0,0,0,0,1,0.000,0.000,0.000
76118,61102,1.000,1,1,1,1,0,0,0,0,0,0,2.000,1.000,3.000
76118,68507,1.000,1,1,1,0,0,0,0,0,0,0,1.000,1.000,2.000
76118,50500,0.333,3,3,1,0,0,0,0,0,0,0,0.333,0.333,0.666
76118,52568,1.000,1,1,1,0,0,0,0,0,0,0,1.000,1.000,2.000
76118,54598,0.000,1,1,0,0,0,0,0,0,0,0,0.000,0.000,0.000
67116,54529,0.000,2,2,0,0,0,0,0,0,0,0,0.000,0.000,0.000
67116,78513,0.000,2,2,0,0,0,0,0,0,0,0,0.000,0.000,0.000
67116,52591,1.000,2,1,1,0,0,0,0,1,0,0,1.000,1.000,2.000
67116,68205,0.500,2,2,1,1,0,0,1,0,0,0,1.000,0.500,1.500
67116,61102,0.500,2,2,1,1,0,0,1,0,0,1,1.000,0.500,1.500
67116,68507,0.500,2,2,1,0,0,0,0,0,0,1,0.500,0.500,1.000
67116,54598,0.000,1,1,0,0,0,0,0,0,0,0,0.000,0.000,0.000
69360,52591,0.000,2,2,0,0,0,0,0,0,0,1,0.000,0.000,0.000
69360,51551,0.000,2,1,0,0,0,0,1,0,0,0,0.000,0.000,0.000
69360,50150,0.000,1,1,0,0,0,0,0,0,0,0,0.000,0.000,0.000
69360,68205,0.000,3,3,0,0,0,0,0,0,0,0,0.000,0.000,0.000
69360,52568,0.000,1,1,0,0,0,0,0,0,0,1,0.000,0.000,0.000
66018,54529,1.000,2,2,2,2,0,0,3,0,0,0,2.000,1.000,3.000
66018,69517,1.000,2,1,1,0,0,0,1,0,0,0,1.000,0.500,1.500
66018,52591,0.000,1,1,0,0,0,0,0,0,0,0,0.000,0.000,0.000
66018,52568,-,1,0,0,0,0,0,0,1,0,0,0.000,1.000,1.000
55301,54529,1.000,1,1,1,1,0,0,0,0,0,0,2.000,1.000,3.000
55301,52591,0.000,1,1,0,0,0,0,0,0,0,0,0.000,0.000,0.000
55301,68205,0.500,2,2,1,0,0,0,1,0,0,1,0.500,0.500,1.000
55301,61102,1.000,1,1,1,0,0,0,0,0,0,0,1.000,1.000,2.000
55301,77564,-,1,0,0,0,0,0,0,1,0,0,0.000,1.000,1.000
67828,69517,0.000,1,1,0,0,0,0,0,0,0,0,0.000,0.000,0.000
67828,52591,-,1,0,0,0,0,0,0,1,0,0,0.000,1.000,1.000
67828,68205,0.000,1,1,0,0,0,0,0,0,0,0,0.000,0.000,0.000
64350,54529,0.333,3,3,1,1,0,0,0,0,0,1,0.667,0.333,1.000
64350,69517,0.333,3,3,1,0,0,0,1,0,0,0,0.333,0.333,0.666
64350,52591,0.000,3,3,0,0,0,0,0,0,0,1,0.000,0.000,0.000
64350,51551,0.333,3,3,1,0,0,0,1,0,0,1,0.333,0.333,0.666
64350,68205,0.333,3,3,1,0,0,0,0,0,0,0,0.333,0.333,0.666
64350,50500,1.000,3,2,2,0,1,0,1,1,0,0,2.000,1.000,3.000
54362,54529,0.000,4,1,0,0,0,0,0,2,1,0,0.000,0.750,0.750
54362,69517,0.333,3,3,1,0,0,0,0,0,0,1,0.333,0.333,0.666
54362,52591,0.333,4,3,1,0,0,0,0,1,0,1,0.333,0.500,0.833
54362,51551,0.000,3,3,0,0,0,0,0,0,0,0,0.000,0.000,0.000
54362,68205,0.000,2,2,0,0,0,0,0,0,0,0,0.000,0.000,0.000
54362,68507,0.333,3,3,1,0,0,0,0,0,0,2,0.333,0.333,0.666
54362,50500,0.000,3,3,0,0,0,0,0,0,0,0,0.000,0.000,0.000
54362,54598,0.000,1,1,0,0,0,0,0,0,0,0,0.000,0.000,0.000
69045,54529,0.308,13,13,4,2,0,1,1,0,0,1,0.692,0.308,1.000
69045,69517,0.167,6,6,1,1,0,0,0,0,0,1,0.333,0.167,0.500
69045,78513,0.000,6,5,0,0,0,0,1,1,0,2,0.000,0.167,0.167
69045,52591,0.143,8,7,1,0,0,0,2,0,1,3,0.143,0.250,0.393
69045,51551,0.167,6,6,1,0,0,0,0,0,0,0,0.167,0.167,0.334
69045,68205,0.417,12,12,5,1,0,0,3,0,0,3,0.500,0.417,0.917
69045,61102,0.333,3,3,1,1,0,0,0,0,0,0,0.667,0.333,1.000
69045,68507,0.429,7,7,3,0,1,0,2,0,0,0,0.714,0.429,1.143
69045,50500,0.500,10,10,5,0,1,0,1,0,0,0,0.700,0.500,1.200
69045,52568,0.333,3,3,1,0,0,0,0,0,0,2,0.333,0.333,0.666
69045,54598,0.500,3,2,1,0,0,0,1,1,0,0,0.500,0.667,1.167
76118,51865,0.000,1,1,0,0,0,0,0,0,0,0,0.000,0.000,0.000
76118,79456,0.000,1,1,0,0,0,0,0,0,0,1,0.000,0.000,0.000
53301,50854,0.000,1,1,0,0,0,0,0,0,0,0,0.000,0.000,0.000
53301,62895,0.000,1,1,0,0,0,0,0,0,0,0,0.000,0.000,0.000
67116,62895,-,1,0,0,0,0,0,0,1,0,0,0.000,1.000,1.000
67116,66864,1.000,1,1,1,0,0,0,1,0,0,0,1.000,1.000,2.000
67116,60558,0.000,1,1,0,0,0,0,0,0,0,1,0.000,0.000,0.000
67116,79456,1.000,1,1,1,1,0,0,0,0,0,0,2.000,1.000,3.000
67116,62934,-,1,0,0,0,0,0,0,1,0,0,0.000,1.000,1.000
69360,50854,0.000,1,1,0,0,0,0,0,0,0,0,0.000,0.000,0.000
69360,67893,-,1,0,0,0,0,0,0,1,0,0,0.000,1.000,1.000
69360,62895,1.000,1,1,1,0,0,0,1,0,0,0,1.000,1.000,2.000
69360,54812,0.000,2,1,0,0,0,0,0,0,0,1,0.000,0.000,0.000
69360,53827,1.000,1,1,1,1,0,0,0,0,0,0,2.000,1.000,3.000
69360,51865,1.000,1,1,1,0,0,0,0,0,0,0,1.000,1.000,2.000
69360,66864,1.000,1,1,1,0,0,0,1,0,0,0,1.000,1.000,2.000
69360,60558,0.500,3,2,1,0,0,0,2,0,0,1,0.500,0.333,0.833
69360,79456,0.000,1,1,0,0,0,0,0,0,0,0,0.000,0.000,0.000
66018,54812,0.000,1,1,0,0,0,0,0,0,0,0,0.000,0.000,0.000
66018,60558,0.000,1,1,0,0,0,0,0,0,0,1,0.000,0.000,0.000
52395,50854,0.000,1,1,0,0,0,0,0,0,0,0,0.000,0.000,0.000
52395,67893,0.500,2,2,1,0,0,0,1,0,0,0,0.500,0.500,1.000
52395,51868,1.000,1,1,1,0,0,0,0,0,0,0,1.000,1.000,2.000
52395,53827,0.500,2,2,1,0,0,0,0,0,0,0,0.500,0.500,1.000
52395,75847,1.000,1,1,1,0,0,0,0,0,0,0,1.000,1.000,2.000
52395,66864,1.000,1,1,1,1,0,0,0,0,0,0,2.000,1.000,3.000
52395,79456,1.000,1,1,1,0,0,0,0,0,0,0,1.000,1.000,2.000
67828,50854,0.000,2,2,0,0,0,0,0,0,0,0,0.000,0.000,0.000
67828,67893,1.000,2,2,2,0,0,0,1,0,0,0,1.000,1.000,2.000
67828,62895,1.000,1,1,1,0,0,0,0,0,0,0,1.000,1.000,2.000
67828,54812,0.000,1,1,0,0,0,0,0,0,0,0,0.000,0.000,0.000
50036,67893,1.000,1,1,1,0,0,0,0,0,0,0,1.000,1.000,2.000
50036,54812,1.000,1,1,1,0,0,0,0,0,0,0,1.000,1.000,2.000
50036,53827,0.000,1,1,0,0,0,0,0,0,0,0,0.000,0.000,0.000
50036,66864,0.000,1,1,0,0,0,0,0,0,0,1,0.000,0.000,0.000
64350,50854,0.000,5,4,0,0,0,0,1,0,0,1,0.000,0.000,0.000
64350,67893,0.200,6,5,1,1,0,0,0,0,1,0,0.400,0.333,0.733
64350,54812,0.167,6,6,1,0,1,0,1,0,0,1,0.500,0.167,0.667
64350,53827,0.600,5,5,3,2,0,0,0,0,0,0,1.000,0.600,1.600
64350,51865,0.000,2,2,0,0,0,0,0,0,0,0,0.000,0.000,0.000
64350,66864,0.500,4,4,2,0,0,0,1,0,0,1,0.500,0.500,1.000
64350,79456,0.000,2,2,0,0,0,0,0,0,0,1,0.000,0.000,0.000
54362,50854,0.000,3,3,0,0,0,0,0,0,0,0,0.000,0.000,0.000
54362,67893,0.667,4,3,2,0,0,0,1,1,0,0,0.667,0.750,1.417
54362,62895,0.000,3,2,0,0,0,0,0,1,0,1,0.000,0.333,0.333
54362,54812,0.000,3,1,0,0,0,0,0,2,0,0,0.000,0.667,0.667
54362,51865,0.500,3,2,1,0,0,0,0,1,0,0,0.500,0.667,1.167
54362,66864,-,1,0,0,0,0,0,0,1,0,0,0.000,1.000,1.000
69045,50854,0.143,9,7,1,0,0,0,1,1,0,1,0.143,0.222,0.365
69045,67893,0.100,10,10,1,0,0,0,1,0,0,2,0.100,0.100,0.200
69045,54812,0.300,10,10,3,0,0,0,1,0,0,3,0.300,0.300,0.600
69045,53827,0.111,9,9,1,1,0,0,1,0,0,2,0.222,0.111,0.333
69045,75847,0.333,3,3,1,1,0,0,1,0,0,0,0.667,0.333,1.000
69045,51865,0.500,6,6,3,1,0,0,0,0,0,1,0.667,0.500,1.167
69045,66864,0.000,5,5,0,0,0,0,0,0,0,3,0.000,0.000,0.000
69045,60558,0.400,6,5,2,0,0,1,1,1,0,2,1.000,0.500,1.500
76118,69737,1.000,2,1,1,0,0,0,0,1,0,0,1.000,1.000,2.000
76118,53764,0.000,1,1,0,0,0,0,0,0,0,0,0.000,0.000,0.000
76118,66657,0.000,1,1,0,0,0,0,0,0,0,1,0.000,0.000,0.000
76118,66704,0.000,1,1,0,0,0,0,0,0,0,0,0.000,0.000,0.000
76118,54795,0.000,1,1,0,0,0,0,0,0,0,0,0.000,0.000,0.000
76118,65703,0.000,1,1,0,0,0,0,0,0,0,0,0.000,0.000,0.000
76118,64006,0.000,1,1,0,0,0,0,0,0,0,0,0.000,0.000,0.000
76118,68700,1.000,1,1,1,0,0,0,1,0,0,0,1.000,1.000,2.000
53301,79192,0.000,1,1,0,0,0,0,0,0,0,0,0.000,0.000,0.000
53301,54795,0.000,1,1,0,0,0,0,0,0,0,0,0.000,0.000,0.000
67116,69737,0.500,2,2,1,0,0,0,0,0,0,0,0.500,0.500,1.000
67116,53764,0.000,2,1,0,0,0,0,0,1,0,0,0.000,0.500,0.500
67116,79192,0.000,1,1,0,0,0,0,0,0,0,1,0.000,0.000,0.000
67116,78288,0.000,1,1,0,0,0,0,0,0,0,0,0.000,0.000,0.000
67116,66704,-,1,0,0,0,0,0,0,1,0,0,0.000,1.000,1.000
67116,65703,0.000,1,1,0,0,0,0,0,0,0,0,0.000,0.000,0.000
67116,64006,0.000,2,1,0,0,0,0,0,0,0,0,0.000,0.000,0.000
67116,68700,1.000,1,1,1,0,0,0,0,0,0,0,1.000,1.000,2.000
69360,69737,0.000,2,2,0,0,0,0,0,0,0,1,0.000,0.000,0.000
69360,53764,0.500,2,2,1,0,0,0,0,0,0,0,0.500,0.500,1.000
69360,78288,0.000,2,2,0,0,0,0,1,0,0,1,0.000,0.000,0.000
69360,66704,0.000,2,2,0,0,0,0,0,0,0,0,0.000,0.000,0.000
69360,54795,0.000,2,1,0,0,0,0,0,1,0,1,0.000,0.500,0.500
69360,65703,1.000,2,2,2,0,1,0,2,0,0,0,2.000,1.000,3.000
69360,64006,0.500,2,2,1,0,0,0,1,0,0,0,0.500,0.500,1.000
69360,68700,0.500,2,2,1,0,0,1,2,0,0,0,2.000,0.500,2.500
66018,53764,0.000,1,1,0,0,0,0,0,0,0,0,0.000,0.000,0.000
66018,78288,0.000,1,1,0,0,0,0,0,0,0,0,0.000,0.000,0.000
66018,64006,0.000,1,1,0,0,0,0,0,0,0,1,0.000,0.000,0.000
52395,53764,0.500,2,2,1,1,0,0,1,0,0,0,1.000,0.500,1.500
52395,79192,-,1,0,0,0,0,0,1,0,0,0,0.000,0.000,0.000
52395,78288,0.000,1,1,0,0,0,0,0,0,0,1,0.000,0.000,0.000
52395,64006,0.000,1,1,0,0,0,0,0,0,0,0,0.000,0.000,0.000
67828,53764,0.000,1,1,0,0,0,0,0,0,0,1,0.000,0.000,0.000
64350,69737,0.250,5,4,1,0,0,0,0,1,0,2,0.250,0.400,0.650
64350,53764,0.250,5,4,1,0,0,0,0,1,0,0,0.250,0.400,0.650
64350,79192,0.000,1,1,0,0,0,0,0,0,0,0,0.000,0.000,0.000
64350,78288,1.000,1,1,1,0,0,0,0,0,0,0,1.000,1.000,2.000
64350,66704,0.333,3,3,1,0,0,0,2,0,0,1,0.333,0.333,0.666
64350,54795,0.500,3,2,1,0,0,0,0,1,0,0,0.500,0.667,1.167
64350,64006,0.667,4,3,2,1,0,0,1,0,0,0,1.000,0.667,1.667
54362,69737,0.000,1,1,0,0,0,0,0,0,0,0,0.000,0.000,0.000
54362,79192,1.000,1,1,1,0,0,0,0,0,0,0,1.000,1.000,2.000
54362,66657,0.000,1,1,0,0,0,0,0,0,0,1,0.000,0.000,0.000
69045,69737,0.333,9,9,3,1,0,1,3,0,0,2,0.778,0.333,1.111
69045,53764,0.375,9,8,3,1,0,0,2,1,0,0,0.500,0.444,0.944
69045,79192,0.667,3,3,2,0,0,1,1,0,0,0,1.667,0.667,2.334
69045,66657,0.000,3,3,0,0,0,0,0,0,0,3,0.000,0.000,0.000
69045,78288,0.000,4,4,0,0,0,0,0,0,0,0,0.000,0.000,0.000
69045,66704,0.200,6,5,1,0,0,0,0,0,1,1,0.200,0.333,0.533
69045,65703,0.200,5,5,1,0,0,0,0,0,0,0,0.200,0.200,0.400
69045,64006,0.000,7,6,0,0,0,0,0,0,0,1,0.000,0.000,0.000
69045,68700,0.000,1,1,0,0,0,0,0,0,0,1,0.000,0.000,0.000