product,weekday,n_jobs,makespan,cost,method
P1,mon,1,943.0,5900000.0,neh
P1,mon,2,1101.0,6100000.0,neh
P1,mon,3,1159.0,6100000.0,neh
P1,mon,4,1194.0,6100000.0,neh
P1,mon,5,1252.0,6200000.0,neh
P1,mon,6,1331.0,6300000.0,neh
P1,mon,7,1399.0,6300000.0,neh
P1,mon,8,1508.0,6500000.0,neh
P1,mon,9,1608.0,6600000.0,neh
P1,mon,10,1665.0,6600000.0,neh
P1,mon,11,1761.0,6700000.0,neh
P1,mon,12,1874.0,6800000.0,neh
P1,mon,13,1936.0,6900000.0,neh
P1,mon,14,2011.0,7000000.0,neh
P1,mon,15,2060.0,7000000.0,neh
P1,mon,16,2153.0,7100000.0,neh
P1,mon,17,2181.0,7100000.0,neh
P1,mon,18,2223.0,7200000.0,neh
P1,mon,19,2306.0,7300000.0,neh
P1,mon,20,2348.0,7300000.0,neh
P1,mon,21,2391.0,7300000.0,neh
P1,mon,22,2444.0,7400000.0,neh
P1,mon,23,2484.0,7400000.0,neh
P1,mon,24,2515.0,7500000.0,neh
P1,mon,25,2567.0,7500000.0,neh
P1,mon,26,2667.0,7600000.0,neh
P1,mon,27,2723.0,7700000.0,neh
P1,mon,28,2760.0,7700000.0,neh
P1,mon,29,2842.0,7800000.0,neh
P1,mon,30,2903.0,7900000.0,neh
P1,mon,31,2971.0,7900000.0,neh
P1,mon,32,3022.0,8000000.0,neh
P1,mon,33,3056.0,8000000.0,neh
P1,mon,34,3119.0,8100000.0,neh
P1,mon,35,3214.0,8200000.0,neh
P1,mon,36,3202.0,8200000.0,neh
P1,mon,37,3272.0,8200000.0,neh
P1,mon,38,3330.0,8300000.0,neh
P1,mon,39,3366.0,8300000.0,neh
P1,mon,40,3399.0,8300000.0,neh
P1,mon,41,3446.0,8400000.0,neh
P1,mon,42,3534.0,8500000.0,neh
P1,mon,43,3554.0,8500000.0,neh
P1,mon,44,3585.0,8500000.0,neh
P1,mon,45,3642.0,8600000.0,neh
P1,mon,46,3709.0,8700000.0,neh
P1,mon,47,3764.0,8700000.0,neh
P1,mon,48,3833.0,8800000.0,neh
P1,mon,49,3892.0,8800000.0,neh
P1,mon,50,3922.0,8900000.0,neh
P1,mon,51,3986.0,8900000.0,neh
P1,mon,52,4002.0,9000000.0,neh
P1,mon,53,4093.0,9000000.0,neh
P1,mon,54,4111.0,9100000.0,neh
P1,mon,55,4180.0,9100000.0,neh
P1,mon,56,4234.0,9200000.0,neh
P1,mon,57,4280.0,9200000.0,neh
P1,mon,58,4335.0,9300000.0,neh
P1,mon,59,4455.0,9400000.0,neh
P1,mon,60,4449.0,9400000.0,neh
P1,mon,61,4510.0,9500000.0,neh
P1,mon,62,4620.0,9600000.0,neh
P1,mon,63,4655.0,9600000.0,neh
P1,mon,64,4694.0,9600000.0,neh
P1,mon,65,4699.0,9600000.0,neh
P1,mon,66,4854.0,9800000.0,neh
P1,mon,67,4869.0,9800000.0,neh
P1,mon,68,4926.0,9900000.0,neh
P1,mon,69,4890.0,9800000.0,neh
P1,mon,70,5016.0,10000000.0,neh
P1,mon,71,5066.0,10000000.0,neh
P1,mon,72,5112.0,10100000.0,neh
P1,mon,73,5141.0,10100000.0,neh
P1,mon,74,5255.0,10200000.0,neh
P1,mon,75,5236.0,10200000.0,neh
P1,mon,76,5300.0,10300000.0,neh
P1,mon,77,5314.0,10300000.0,neh
P1,mon,78,5407.0,10400000.0,neh
P1,mon,79,5451.0,10400000.0,neh
P1,mon,80,5482.0,10400000.0,neh
P1,mon,81,5543.0,10500000.0,neh
P1,mon,82,5631.0,10600000.0,neh
P1,mon,83,5691.0,10600000.0,neh
P1,mon,84,5709.0,10700000.0,neh
P1,mon,85,5850.0,10800000.0,neh
P1,mon,86,5838.0,10800000.0,neh
P1,mon,87,5867.0,10800000.0,neh
P1,mon,88,5898.0,10800000.0,neh
P1,mon,89,6014.0,11000000.0,neh
P1,mon,90,6033.0,11000000.0,neh
P1,mon,91,6078.0,11000000.0,neh
P1,mon,92,6144.0,11100000.0,neh
P1,mon,93,6155.0,11100000.0,neh
P1,mon,94,6275.0,11200000.0,neh
P1,mon,95,6330.0,11300000.0,neh
P1,mon,96,6358.0,11300000.0,neh
P1,mon,97,6390.0,11300000.0,neh
P1,mon,98,6474.0,11400000.0,neh
P1,mon,99,6470.0,11400000.0,neh
P1,mon,100,6522.0,11500000.0,neh
P1,mon,101,6686.0,11600000.0,neh
P1,mon,102,6693.0,11600000.0,neh
P1,mon,103,6731.0,11700000.0,neh
P1,mon,104,6784.0,11700000.0,neh
P1,mon,105,6831.0,11800000.0,neh
P1,mon,106,6864.0,11800000.0,neh
P1,mon,107,6906.0,11900000.0,neh
P1,mon,108,6992.0,11900000.0,neh
P1,mon,109,7009.0,12000000.0,neh
P1,mon,110,7176.0,12200000.0,neh
P1,mon,111,7133.0,12200000.0,neh
P1,mon,112,7157.0,12200000.0,neh
P1,mon,113,7287.0,12400000.0,neh
P1,mon,114,7346.0,12600000.0,neh
P1,mon,115,7455.0,12800000.0,neh
P1,mon,116,7512.0,13000000.0,neh
P1,mon,117,7575.0,13000000.0,neh
P1,mon,118,7618.0,13200000.0,neh
P1,mon,119,7613.0,13200000.0,neh
P1,mon,120,7771.0,13400000.0,neh
P1,mon,121,7784.0,13400000.0,neh
P1,mon,122,7846.0,13600000.0,neh
P1,mon,123,7842.0,13600000.0,neh
P1,mon,124,7917.0,13800000.0,neh
P1,mon,125,7953.0,13800000.0,neh
P1,mon,126,8016.0,14000000.0,neh
P1,mon,127,8087.0,14000000.0,neh
P1,mon,128,8130.0,14200000.0,neh
P1,mon,129,8178.0,14200000.0,neh
P1,mon,130,8214.0,14400000.0,neh
P1,mon,131,8292.0,14400000.0,neh
P1,mon,132,8326.0,14600000.0,neh
P1,mon,133,8372.0,14600000.0,neh
P1,mon,134,8409.0,14800000.0,neh
P1,mon,135,8432.0,14800000.0,neh
P1,mon,136,8471.0,14800000.0,neh
P1,mon,137,8581.0,15000000.0,neh
P1,mon,138,8647.0,15200000.0,neh
P1,mon,139,8697.0,15200000.0,neh
P1,mon,140,8724.0,15400000.0,neh
P1,mon,141,8763.0,15400000.0,neh
P1,mon,142,8805.0,15600000.0,neh
P1,mon,143,8881.0,15600000.0,neh
P1,mon,144,8946.0,15800000.0,neh
P1,mon,145,8991.0,15800000.0,neh
P1,mon,146,9054.0,16000000.0,neh
P1,mon,147,9143.0,16200000.0,neh
P1,mon,148,9181.0,16200000.0,neh
P1,mon,149,9202.0,16400000.0,neh
P1,mon,150,9239.0,16400000.0,neh
P1,mon,151,9348.0,16600000.0,neh
P1,mon,152,9355.0,16600000.0,neh
P1,mon,153,9488.0,16800000.0,neh
P1,mon,154,9468.0,16800000.0,neh
P1,mon,155,9476.0,16800000.0,neh
P1,mon,156,9599.0,17000000.0,neh
P1,mon,157,9608.0,17200000.0,neh
P1,mon,158,9699.0,17200000.0,neh
P1,mon,159,9700.0,17400000.0,neh
P1,mon,160,9762.0,17400000.0,neh
P1,mon,161,9843.0,17600000.0,neh
P1,mon,162,9887.0,17600000.0,neh
P1,mon,163,9933.0,17800000.0,neh
P1,mon,164,9979.0,17800000.0,neh
P1,mon,165,10138.0,18200000.0,neh
P1,mon,166,10139.0,18200000.0,neh
P1,mon,167,10175.0,18200000.0,neh
P1,mon,168,10230.0,18400000.0,neh
P1,mon,169,10281.0,18400000.0,neh
P1,mon,170,10333.0,18600000.0,neh
P1,mon,171,10388.0,18600000.0,neh
P1,mon,172,10413.0,18800000.0,neh
P1,mon,173,10468.0,18800000.0,neh
P1,mon,174,10519.0,19000000.0,neh
P1,mon,175,10550.0,19000000.0,neh
P1,mon,176,10584.0,19000000.0,neh
P1,mon,177,10658.0,19200000.0,neh
P1,mon,178,10645.0,19200000.0,neh
P1,mon,179,10689.0,19200000.0,neh
P1,mon,180,10811.0,19600000.0,neh
P1,mon,181,10826.0,19600000.0,neh
P1,mon,182,10887.0,19600000.0,neh
P1,mon,183,10921.0,19800000.0,neh
P1,mon,184,11033.0,20000000.0,neh
P1,mon,185,11073.0,20000000.0,neh
P1,mon,186,11134.0,20200000.0,neh
P1,mon,187,11248.0,20400000.0,neh
P1,mon,188,11229.0,20400000.0,neh
P1,mon,189,11289.0,20400000.0,neh
P1,mon,190,11341.0,20600000.0,neh
P1,mon,191,11492.0,20800000.0,neh
P1,mon,192,11443.0,20800000.0,neh
P1,mon,193,11543.0,21000000.0,neh
P1,mon,194,11559.0,21000000.0,neh
P1,mon,195,11674.0,21200000.0,neh
P1,mon,196,11659.0,21200000.0,neh
P1,mon,197,11661.0,21200000.0,neh
P1,mon,198,11710.0,21400000.0,neh
P1,mon,199,11803.0,21600000.0,neh
P1,mon,200,11849.0,21600000.0,neh
P1,mon,201,11886.0,21600000.0,neh
P1,mon,202,11902.0,21800000.0,neh
P1,mon,203,11922.0,21800000.0,neh
P1,mon,204,11961.0,21800000.0,neh
P1,mon,205,11995.0,21800000.0,neh
P1,mon,206,12158.0,22200000.0,neh
P1,mon,207,12157.0,22200000.0,neh
P1,mon,208,12281.0,22400000.0,neh
P1,mon,209,12255.0,22400000.0,neh
P1,mon,210,12365.0,22600000.0,neh
P1,mon,211,12375.0,22600000.0,neh
P1,mon,212,12416.0,22800000.0,neh
P1,mon,213,12489.0,22800000.0,neh
P1,mon,214,12530.0,23000000.0,neh
P1,mon,215,12566.0,23000000.0,neh
P1,mon,216,12682.0,23200000.0,neh
P1,mon,217,12763.0,23400000.0,neh
P1,mon,218,12706.0,23400000.0,neh
P1,mon,219,12791.0,23400000.0,neh
P1,mon,220,12892.0,23600000.0,neh
P1,mon,221,12848.0,23600000.0,neh
P1,mon,222,12933.0,23800000.0,neh
P1,mon,223,13006.0,24000000.0,neh
P1,mon,224,13052.0,24000000.0,neh
P1,mon,225,13094.0,24000000.0,neh
P1,mon,226,13154.0,24200000.0,neh
P1,mon,227,13191.0,24200000.0,neh
P1,mon,228,13239.0,24400000.0,neh
P1,mon,229,13266.0,24400000.0,neh
P1,mon,230,13341.0,24600000.0,neh
P1,mon,231,13380.0,24600000.0,neh
P1,mon,232,13463.0,24800000.0,neh
P1,mon,233,13452.0,24800000.0,neh
P1,mon,234,13536.0,25000000.0,neh
P1,mon,235,13590.0,25000000.0,neh
P1,mon,236,13613.0,25200000.0,neh
P1,mon,237,13727.0,25400000.0,neh
P1,mon,238,13792.0,25400000.0,neh
P1,mon,239,13782.0,25400000.0,neh
P1,mon,240,13863.0,25600000.0,neh
P1,mon,241,13891.0,25600000.0,neh
P1,mon,242,13915.0,25800000.0,neh
P1,mon,243,14056.0,26000000.0,neh
P1,mon,244,14067.0,26000000.0,neh
P1,mon,245,14151.0,26200000.0,neh
P1,mon,246,14181.0,26200000.0,neh
P1,mon,247,14343.0,26600000.0,neh
P1,mon,248,14339.0,26600000.0,neh
P1,mon,249,14387.0,26600000.0,neh
P1,mon,250,14379.0,26600000.0,neh
P1,mon,251,14535.0,27000000.0,neh
P1,mon,252,14435.0,26800000.0,neh
P1,mon,253,14583.0,27000000.0,neh
P1,mon,254,14672.0,27200000.0,neh
P1,mon,255,14682.0,27200000.0,neh
P1,mon,256,14717.0,27400000.0,neh
P1,mon,257,14797.0,27400000.0,neh
P1,mon,258,14870.0,27600000.0,neh
P1,mon,259,14931.0,27800000.0,neh
P1,mon,260,14940.0,27800000.0,neh
P1,mon,261,14941.0,27800000.0,neh
P1,mon,262,14901.0,27800000.0,neh
P1,mon,263,15136.0,28200000.0,neh
P1,mon,264,15062.0,28000000.0,neh
P1,mon,265,15216.0,28400000.0,neh
P1,mon,266,15184.0,28200000.0,neh
P1,mon,267,15259.0,28400000.0,neh
P1,mon,268,15275.0,28400000.0,neh
P1,mon,269,15312.0,28600000.0,neh
P1,mon,270,15416.0,28800000.0,neh
P1,mon,271,15505.0,29000000.0,neh
P1,mon,272,15527.0,29000000.0,neh
P1,mon,273,15550.0,29000000.0,neh
P1,mon,274,15567.0,29000000.0,neh
P1,mon,275,15583.0,29000000.0,neh
P1,mon,276,15730.0,29400000.0,neh
P1,mon,277,15799.0,29400000.0,neh
P1,mon,278,15868.0,29600000.0,neh
P1,mon,279,15927.0,29800000.0,neh
P1,mon,280,15994.0,29800000.0,neh
P1,mon,281,16072.0,30000000.0,neh
P1,mon,282,16023.0,30000000.0,neh
P1,mon,283,16106.0,30200000.0,neh
P1,mon,284,16216.0,30400000.0,neh
P1,mon,285,16263.0,30400000.0,neh
P1,mon,286,16249.0,30400000.0,neh
P1,mon,287,16297.0,30400000.0,neh
P1,mon,288,16407.0,30800000.0,neh
P1,mon,289,16407.0,30800000.0,neh
P1,mon,290,16458.0,30800000.0,neh
P1,mon,291,16585.0,31000000.0,neh
P1,mon,292,16587.0,31000000.0,neh
P1,mon,293,16626.0,31200000.0,neh
P1,mon,294,16722.0,31400000.0,neh
P1,mon,295,16727.0,31400000.0,neh
P1,mon,296,16824.0,31600000.0,neh
P1,mon,297,16821.0,31600000.0,neh
P1,mon,298,16910.0,31800000.0,neh
P1,mon,299,16947.0,31800000.0,neh
P1,mon,300,17040.0,32000000.0,neh
P1,mon,301,17056.0,32000000.0,neh
P1,mon,302,17087.0,32000000.0,neh
P1,mon,303,17090.0,32000000.0,neh
P1,mon,304,17204.0,32400000.0,neh
P1,mon,305,17277.0,32400000.0,neh
P1,mon,306,17343.0,32600000.0,neh
P1,mon,307,17415.0,32800000.0,neh
P1,mon,308,17526.0,33000000.0,neh
P1,mon,309,17516.0,33000000.0,neh
P1,mon,310,17582.0,33000000.0,neh
P1,mon,311,17734.0,33400000.0,neh
P1,mon,312,17748.0,33400000.0,neh
P1,mon,313,17835.0,33600000.0,neh
P1,mon,314,17875.0,33600000.0,neh
P1,mon,315,17864.0,33600000.0,neh
P1,mon,316,17912.0,33800000.0,neh
P1,mon,317,17897.0,33600000.0,neh
P1,mon,318,17932.0,33800000.0,neh
P1,mon,319,17967.0,33800000.0,neh
P1,mon,320,18056.0,34000000.0,neh
P1,mon,321,18164.0,34200000.0,neh
P1,mon,322,18191.0,34200000.0,neh
P1,mon,323,18235.0,34400000.0,neh
P1,mon,324,18263.0,34400000.0,neh
P1,mon,325,18295.0,34400000.0,neh
P1,mon,326,18364.0,34600000.0,neh
P1,mon,327,18340.0,34600000.0,neh
P1,mon,328,18466.0,34800000.0,neh
P1,mon,329,18561.0,35000000.0,neh
P1,mon,330,18521.0,35000000.0,neh
P1,mon,331,18574.0,35000000.0,neh
P1,mon,332,18609.0,35200000.0,neh
P1,mon,333,18703.0,35400000.0,neh
P1,mon,334,18725.0,35400000.0,neh
P1,mon,335,18789.0,35400000.0,neh
P1,mon,336,18866.0,35600000.0,neh
P1,mon,337,18843.0,35600000.0,neh
P1,mon,338,18898.0,35600000.0,neh
P1,mon,339,18926.0,35800000.0,neh
P1,mon,340,19033.0,36000000.0,neh
P1,mon,341,18976.0,35800000.0,neh
P1,mon,342,19023.0,36000000.0,neh
P1,mon,343,19061.0,36000000.0,neh
P1,mon,344,19176.0,36200000.0,neh
P1,mon,345,19265.0,36400000.0,neh
P1,mon,346,19339.0,36600000.0,neh
P1,mon,347,19361.0,36600000.0,neh
P1,mon,348,19466.0,36800000.0,neh
P1,mon,349,19478.0,36800000.0,neh
P1,mon,350,19569.0,37000000.0,neh
P1,mon,351,19591.0,37000000.0,neh
P1,mon,352,19672.0,37200000.0,neh
P1,mon,353,19713.0,37400000.0,neh
P1,mon,354,19777.0,37400000.0,neh
P1,mon,355,19784.0,37400000.0,neh
P1,mon,356,19913.0,37800000.0,neh
P1,mon,357,19928.0,37800000.0,neh
P1,mon,358,19983.0,37800000.0,neh
P1,mon,359,20053.0,38000000.0,neh
P1,mon,360,20017.0,38000000.0,neh
P1,mon,361,20090.0,38000000.0,neh
P1,mon,362,20145.0,38200000.0,neh
P1,mon,363,20227.0,38400000.0,neh
P1,mon,364,20229.0,38400000.0,neh
P1,mon,365,20301.0,38600000.0,neh
P1,mon,366,20322.0,38600000.0,neh
P1,mon,367,20324.0,38600000.0,neh
P1,mon,368,20391.0,38600000.0,neh
P1,mon,369,20433.0,38800000.0,neh
P1,mon,370,20489.0,38800000.0,neh
P1,mon,371,20612.0,39200000.0,neh
P1,mon,372,20711.0,39400000.0,neh
P1,mon,373,20803.0,39600000.0,neh
P1,mon,374,20815.0,39600000.0,neh
P1,mon,375,20796.0,39400000.0,neh
P1,mon,376,20841.0,39600000.0,neh
P1,mon,377,20950.0,39800000.0,neh
P1,mon,378,21077.0,40000000.0,neh
P1,mon,379,21036.0,40000000.0,neh
P1,mon,380,21049.0,40000000.0,neh
P1,mon,381,21031.0,40000000.0,neh
P1,mon,382,21152.0,40200000.0,neh
P1,mon,383,21185.0,40200000.0,neh
P1,mon,384,21298.0,40400000.0,neh
P1,mon,385,21330.0,40600000.0,neh
P1,mon,386,21390.0,40600000.0,neh
P1,mon,387,21325.0,40600000.0,neh
P1,mon,388,21374.0,40600000.0,neh
P1,mon,389,21409.0,40800000.0,neh
P1,mon,390,21500.0,41000000.0,neh
P1,mon,391,21502.0,41000000.0,neh
P1,mon,392,21671.0,41200000.0,neh
P1,mon,393,21762.0,41400000.0,neh
P1,mon,394,21768.0,41400000.0,neh
P1,mon,395,21814.0,41600000.0,neh
P1,mon,396,21829.0,41600000.0,neh
P1,mon,397,21828.0,41600000.0,neh
P1,mon,398,21947.0,41800000.0,neh
P1,mon,399,21976.0,41800000.0,neh
P1,mon,400,22020.0,42000000.0,neh
P1,mon,401,22120.0,42200000.0,neh
P1,mon,402,22118.0,42200000.0,neh
P1,mon,403,22156.0,42200000.0,neh
P1,mon,404,22265.0,42400000.0,neh
P1,mon,405,22260.0,42400000.0,neh
P1,mon,406,22300.0,42600000.0,neh
P1,mon,407,22385.0,42600000.0,neh
P1,mon,408,22450.0,42800000.0,neh
P1,mon,409,22549.0,43000000.0,neh
P1,mon,410,22540.0,43000000.0,neh
P1,mon,411,22591.0,43000000.0,neh
P1,mon,412,22641.0,43200000.0,neh
P1,mon,413,22702.0,43400000.0,neh
P1,mon,414,22680.0,43200000.0,neh
P1,mon,415,22856.0,43600000.0,neh
P1,mon,416,22963.0,43800000.0,neh
P1,mon,417,22970.0,43800000.0,neh
P1,mon,418,23041.0,44000000.0,neh
P1,mon,419,23010.0,44000000.0,neh
P1,mon,420,23026.0,44000000.0,neh
P1,mon,421,23132.0,44200000.0,neh
P1,mon,422,23168.0,44200000.0,neh
P1,mon,423,23293.0,44400000.0,neh
P1,mon,424,23323.0,44600000.0,neh
P1,mon,425,23395.0,44600000.0,neh
P1,mon,426,23412.0,44800000.0,neh
P1,mon,427,23467.0,44800000.0,neh
P1,mon,428,23518.0,45000000.0,neh
P1,mon,429,23533.0,45000000.0,neh
P1,mon,430,23569.0,45000000.0,neh
P1,mon,431,23651.0,45200000.0,neh
P1,mon,432,23688.0,45200000.0,neh
P1,mon,433,23717.0,45400000.0,neh
P1,mon,434,23769.0,45400000.0,neh
P1,mon,435,23784.0,45400000.0,neh
P1,mon,436,23955.0,45800000.0,neh
P1,mon,437,23876.0,45600000.0,neh
P1,mon,438,23952.0,45800000.0,neh
P1,mon,439,24048.0,46000000.0,neh
P1,mon,440,24096.0,46000000.0,neh
P1,mon,441,24177.0,46200000.0,neh
P1,mon,442,24224.0,46400000.0,neh
P1,mon,443,24270.0,46400000.0,neh
P1,mon,444,24210.0,46400000.0,neh
P1,mon,445,24268.0,46400000.0,neh
P1,mon,446,24284.0,46400000.0,neh
P1,mon,447,24425.0,46800000.0,neh
P1,mon,448,24473.0,46800000.0,neh
P1,mon,449,24529.0,47000000.0,neh
P1,mon,450,24540.0,47000000.0,neh
P1,mon,451,24566.0,47000000.0,neh
P1,mon,452,24557.0,47000000.0,neh
P1,mon,453,24613.0,47200000.0,neh
P1,mon,454,24664.0,47200000.0,neh
P1,mon,455,24684.0,47200000.0,neh
P1,mon,456,24754.0,47400000.0,neh
P1,mon,457,24787.0,47400000.0,neh
P1,mon,458,24905.0,47800000.0,neh
P1,mon,459,24954.0,47800000.0,neh
P1,mon,460,24994.0,47800000.0,neh
P1,mon,461,25074.0,48000000.0,neh
P1,mon,462,25128.0,48200000.0,neh
P1,mon,463,25215.0,48400000.0,neh
P1,mon,464,25239.0,48400000.0,neh
P1,mon,465,25276.0,48400000.0,neh
P1,mon,466,25254.0,48400000.0,neh
P1,mon,467,25380.0,48600000.0,neh
P1,mon,468,25465.0,48800000.0,neh
P1,mon,469,25371.0,48600000.0,neh
P1,mon,470,25474.0,48800000.0,neh
P1,mon,471,25519.0,49000000.0,neh
P1,mon,472,25621.0,49200000.0,neh
P1,mon,473,25693.0,49200000.0,neh
P1,mon,474,25712.0,49400000.0,neh
P1,mon,475,25764.0,49400000.0,neh
P1,mon,476,25819.0,49600000.0,neh
P1,mon,477,25879.0,49600000.0,neh
P1,mon,478,25849.0,49600000.0,neh
P1,mon,479,26001.0,50000000.0,neh
P1,mon,480,26000.0,50000000.0,neh
P1,mon,481,26010.0,50000000.0,neh
P1,mon,482,26105.0,50200000.0,neh
P1,mon,483,26169.0,50200000.0,neh
P1,mon,484,26169.0,50200000.0,neh
P1,mon,485,26355.0,50600000.0,neh
P1,mon,486,26327.0,50600000.0,neh
P1,mon,487,26351.0,50600000.0,neh
P1,mon,488,26496.0,50800000.0,neh
P1,mon,489,26464.0,50800000.0,neh
P1,mon,490,26462.0,50800000.0,neh
P1,mon,491,26617.0,51200000.0,neh
P1,mon,492,26654.0,51200000.0,neh
P1,mon,493,26688.0,51200000.0,neh
P1,mon,494,26768.0,51400000.0,neh
P1,mon,495,26804.0,51600000.0,neh
P1,mon,496,26859.0,51600000.0,neh
P1,mon,497,26964.0,51800000.0,neh
P1,mon,498,26967.0,51800000.0,neh
P1,mon,499,27075.0,52000000.0,neh
P1,mon,500,27097.0,52000000.0,neh
P1,tue,1,888.0,5800000.0,neh
P1,tue,2,1070.0,6000000.0,neh
P1,tue,3,1125.0,6100000.0,neh
P1,tue,4,1165.0,6100000.0,neh
P1,tue,5,1333.0,6300000.0,neh
P1,tue,6,1338.0,6300000.0,neh
P1,tue,7,1400.0,6400000.0,neh
P1,tue,8,1441.0,6400000.0,neh
P1,tue,9,1503.0,6500000.0,neh
P1,tue,10,1539.0,6500000.0,neh
P1,tue,11,1640.0,6600000.0,neh
P1,tue,12,1703.0,6700000.0,neh
P1,tue,13,1751.0,6700000.0,neh
P1,tue,14,1792.0,6700000.0,neh
P1,tue,15,1897.0,6800000.0,neh
P1,tue,16,1941.0,6900000.0,neh
P1,tue,17,1990.0,6900000.0,neh
P1,tue,18,2069.0,7000000.0,neh
P1,tue,19,2158.0,7100000.0,neh
P1,tue,20,2216.0,7200000.0,neh
P1,tue,21,2238.0,7200000.0,neh
P1,tue,22,2254.0,7200000.0,neh
P1,tue,23,2321.0,7300000.0,neh
P1,tue,24,2370.0,7300000.0,neh
P1,tue,25,2395.0,7300000.0,neh
P1,tue,26,2465.0,7400000.0,neh
P1,tue,27,2613.0,7600000.0,neh
P1,tue,28,2669.0,7600000.0,neh
P1,tue,29,2709.0,7700000.0,neh
P1,tue,30,2795.0,7700000.0,neh
P1,tue,31,2911.0,7900000.0,neh
P1,tue,32,2948.0,7900000.0,neh
P1,tue,33,2945.0,7900000.0,neh
P1,tue,34,3024.0,8000000.0,neh
P1,tue,35,3103.0,8100000.0,neh
P1,tue,36,3152.0,8100000.0,neh
P1,tue,37,3195.0,8100000.0,neh
P1,tue,38,3256.0,8200000.0,neh
P1,tue,39,3250.0,8200000.0,neh
P1,tue,40,3379.0,8300000.0,neh
P1,tue,41,3580.0,8500000.0,neh
P1,tue,42,3598.0,8500000.0,neh
P1,tue,43,3612.0,8600000.0,neh
P1,tue,44,3638.0,8600000.0,neh
P1,tue,45,3671.0,8600000.0,neh
P1,tue,46,3771.0,8700000.0,neh
P1,tue,47,3850.0,8800000.0,neh
P1,tue,48,3865.0,8800000.0,neh
P1,tue,49,3950.0,8900000.0,neh
P1,tue,50,4026.0,9000000.0,neh
P1,tue,51,4094.0,9000000.0,neh
P1,tue,52,4183.0,9100000.0,neh
P1,tue,53,4183.0,9100000.0,neh
P1,tue,54,4246.0,9200000.0,neh
P1,tue,55,4309.0,9300000.0,neh
P1,tue,56,4410.0,9400000.0,neh
P1,tue,57,4446.0,9400000.0,neh
P1,tue,58,4457.0,9400000.0,neh
P1,tue,59,4508.0,9500000.0,neh
P1,tue,60,4679.0,9600000.0,neh
P1,tue,61,4697.0,9600000.0,neh
P1,tue,62,4713.0,9700000.0,neh
P1,tue,63,4698.0,9600000.0,neh
P1,tue,64,4757.0,9700000.0,neh
P1,tue,65,4804.0,9800000.0,neh
P1,tue,66,4870.0,9800000.0,neh
P1,tue,67,4969.0,9900000.0,neh
P1,tue,68,5050.0,10000000.0,neh
P1,tue,69,5110.0,10100000.0,neh
P1,tue,70,5188.0,10100000.0,neh
P1,tue,71,5273.0,10200000.0,neh
P1,tue,72,5335.0,10300000.0,neh
P1,tue,73,5316.0,10300000.0,neh
P1,tue,74,5417.0,10400000.0,neh
P1,tue,75,5478.0,10400000.0,neh
P1,tue,76,5487.0,10400000.0,neh
P1,tue,77,5553.0,10500000.0,neh
P1,tue,78,5609.0,10600000.0,neh
P1,tue,79,5694.0,10600000.0,neh
P1,tue,80,5757.0,10700000.0,neh
P1,tue,81,5714.0,10700000.0,neh
P1,tue,82,5817.0,10800000.0,neh
P1,tue,83,5881.0,10800000.0,neh
P1,tue,84,5864.0,10800000.0,neh
P1,tue,85,5942.0,10900000.0,neh
P1,tue,86,6032.0,11000000.0,neh
P1,tue,87,6078.0,11000000.0,neh
P1,tue,88,6198.0,11100000.0,neh
P1,tue,89,6172.0,11100000.0,neh
P1,tue,90,6323.0,11300000.0,neh
P1,tue,91,6411.0,11400000.0,neh
P1,tue,92,6425.0,11400000.0,neh
P1,tue,93,6432.0,11400000.0,neh
P1,tue,94,6529.0,11500000.0,neh
P1,tue,95,6510.0,11500000.0,neh
P1,tue,96,6590.0,11500000.0,neh
P1,tue,97,6606.0,11600000.0,neh
P1,tue,98,6691.0,11600000.0,neh
P1,tue,99,6714.0,11700000.0,neh
P1,tue,100,6697.0,11600000.0,neh
P1,tue,101,6882.0,11800000.0,neh
P1,tue,102,6966.0,11900000.0,neh
P1,tue,103,6910.0,11900000.0,neh
P1,tue,104,6978.0,11900000.0,neh
P1,tue,105,7091.0,12000000.0,neh
P1,tue,106,7078.0,12000000.0,neh
P1,tue,107,7127.0,12200000.0,neh
P1,tue,108,7221.0,12400000.0,neh
P1,tue,109,7280.0,12400000.0,neh
P1,tue,110,7250.0,12400000.0,neh
P1,tue,111,7322.0,12600000.0,neh
P1,tue,112,7460.0,12800000.0,neh
P1,tue,113,7512.0,13000000.0,neh
P1,tue,114,7508.0,13000000.0,neh
P1,tue,115,7611.0,13200000.0,neh
P1,tue,116,7579.0,13000000.0,neh
P1,tue,117,7593.0,13000000.0,neh
P1,tue,118,7736.0,13400000.0,neh
P1,tue,119,7778.0,13400000.0,neh
P1,tue,120,7794.0,13400000.0,neh
P1,tue,121,7920.0,13800000.0,neh
P1,tue,122,7965.0,13800000.0,neh
P1,tue,123,7987.0,13800000.0,neh
P1,tue,124,8049.0,14000000.0,neh
P1,tue,125,8070.0,14000000.0,neh
P1,tue,126,8175.0,14200000.0,neh
P1,tue,127,8203.0,14400000.0,neh
P1,tue,128,8257.0,14400000.0,neh
P1,tue,129,8328.0,14600000.0,neh
P1,tue,130,8338.0,14600000.0,neh
P1,tue,131,8458.0,14800000.0,neh
P1,tue,132,8476.0,14800000.0,neh
P1,tue,133,8463.0,14800000.0,neh
P1,tue,134,8560.0,15000000.0,neh
P1,tue,135,8727.0,15400000.0,neh
P1,tue,136,8610.0,15200000.0,neh
P1,tue,137,8628.0,15200000.0,neh
P1,tue,138,8691.0,15200000.0,neh
P1,tue,139,8738.0,15400000.0,neh
P1,tue,140,8878.0,15600000.0,neh
P1,tue,141,8959.0,15800000.0,neh
P1,tue,142,9057.0,16000000.0,neh
P1,tue,143,9051.0,16000000.0,neh
P1,tue,144,9078.0,16000000.0,neh
P1,tue,145,9202.0,16400000.0,neh
P1,tue,146,9255.0,16400000.0,neh
P1,tue,147,9298.0,16400000.0,neh
P1,tue,148,9267.0,16400000.0,neh
P1,tue,149,9477.0,16800000.0,neh
P1,tue,150,9509.0,17000000.0,neh
P1,tue,151,9444.0,16800000.0,neh
P1,tue,152,9560.0,17000000.0,neh
P1,tue,153,9586.0,17000000.0,neh
P1,tue,154,9603.0,17200000.0,neh
P1,tue,155,9670.0,17200000.0,neh
P1,tue,156,9633.0,17200000.0,neh
P1,tue,157,9723.0,17400000.0,neh
P1,tue,158,9760.0,17400000.0,neh
P1,tue,159,9872.0,17600000.0,neh
P1,tue,160,9902.0,17800000.0,neh
P1,tue,161,9909.0,17800000.0,neh
P1,tue,162,9929.0,17800000.0,neh
P1,tue,163,10020.0,18000000.0,neh
P1,tue,164,10060.0,18000000.0,neh
P1,tue,165,10096.0,18000000.0,neh
P1,tue,166,10170.0,18200000.0,neh
P1,tue,167,10188.0,18200000.0,neh
P1,tue,168,10295.0,18400000.0,neh
P1,tue,169,10317.0,18600000.0,neh
P1,tue,170,10484.0,18800000.0,neh
P1,tue,171,10482.0,18800000.0,neh
P1,tue,172,10512.0,19000000.0,neh
P1,tue,173,10637.0,19200000.0,neh
P1,tue,174,10733.0,19400000.0,neh
P1,tue,175,10802.0,19600000.0,neh
P1,tue,176,10797.0,19400000.0,neh
P1,tue,177,10794.0,19400000.0,neh
P1,tue,178,10837.0,19600000.0,neh
P1,tue,179,10886.0,19600000.0,neh
P1,tue,180,10938.0,19800000.0,neh
P1,tue,181,11028.0,20000000.0,neh
P1,tue,182,11028.0,20000000.0,neh
P1,tue,183,11131.0,20200000.0,neh
P1,tue,184,11174.0,20200000.0,neh
P1,tue,185,11166.0,20200000.0,neh
P1,tue,186,11274.0,20400000.0,neh
P1,tue,187,11335.0,20600000.0,neh
P1,tue,188,11406.0,20800000.0,neh
P1,tue,189,11542.0,21000000.0,neh
P1,tue,190,11499.0,20800000.0,neh
P1,tue,191,11532.0,21000000.0,neh
P1,tue,192,11570.0,21000000.0,neh
P1,tue,193,11665.0,21200000.0,neh
P1,tue,194,11776.0,21400000.0,neh
P1,tue,195,11778.0,21400000.0,neh
P1,tue,196,11772.0,21400000.0,neh
P1,tue,197,11858.0,21600000.0,neh
P1,tue,198,11869.0,21600000.0,neh
P1,tue,199,12002.0,22000000.0,neh
P1,tue,200,12012.0,22000000.0,neh
P1,tue,201,12025.0,22000000.0,neh
P1,tue,202,12075.0,22000000.0,neh
P1,tue,203,12088.0,22000000.0,neh
P1,tue,204,12255.0,22400000.0,neh
P1,tue,205,12310.0,22600000.0,neh
P1,tue,206,12335.0,22600000.0,neh
P1,tue,207,12314.0,22600000.0,neh
P1,tue,208,12434.0,22800000.0,neh
P1,tue,209,12454.0,22800000.0,neh
P1,tue,210,12481.0,22800000.0,neh
P1,tue,211,12448.0,22800000.0,neh
P1,tue,212,12552.0,23000000.0,neh
P1,tue,213,12555.0,23000000.0,neh
P1,tue,214,12596.0,23000000.0,neh
P1,tue,215,12621.0,23200000.0,neh
P1,tue,216,12721.0,23400000.0,neh
P1,tue,217,12808.0,23600000.0,neh
P1,tue,218,12920.0,23800000.0,neh
P1,tue,219,12932.0,23800000.0,neh
P1,tue,220,12978.0,23800000.0,neh
P1,tue,221,13018.0,24000000.0,neh
P1,tue,222,13010.0,24000000.0,neh
P1,tue,223,13049.0,24000000.0,neh
P1,tue,224,13168.0,24200000.0,neh
P1,tue,225,13243.0,24400000.0,neh
P1,tue,226,13218.0,24400000.0,neh
P1,tue,227,13337.0,24600000.0,neh
P1,tue,228,13302.0,24600000.0,neh
P1,tue,229,13463.0,24800000.0,neh
P1,tue,230,13545.0,25000000.0,neh
P1,tue,231,13498.0,24800000.0,neh
P1,tue,232,13632.0,25200000.0,neh
P1,tue,233,13681.0,25200000.0,neh
P1,tue,234,13661.0,25200000.0,neh
P1,tue,235,13714.0,25400000.0,neh
P1,tue,236,13816.0,25600000.0,neh
P1,tue,237,13844.0,25600000.0,neh
P1,tue,238,13962.0,25800000.0,neh
P1,tue,239,14017.0,26000000.0,neh
P1,tue,240,14036.0,26000000.0,neh
P1,tue,241,14103.0,26200000.0,neh
P1,tue,242,14284.0,26400000.0,neh
P1,tue,243,14291.0,26400000.0,neh
P1,tue,244,14212.0,26400000.0,neh
P1,tue,245,14383.0,26600000.0,neh
P1,tue,246,14456.0,26800000.0,neh
P1,tue,247,14486.0,26800000.0,neh
P1,tue,248,14380.0,26600000.0,neh
P1,tue,249,14391.0,26600000.0,neh
P1,tue,250,14663.0,27200000.0,neh
P1,tue,251,14618.0,27200000.0,neh
P1,tue,252,14654.0,27200000.0,neh
P1,tue,253,14683.0,27200000.0,neh
P1,tue,254,14651.0,27200000.0,neh
P1,tue,255,14814.0,27600000.0,neh
P1,tue,256,14857.0,27600000.0,neh
P1,tue,257,14890.0,27600000.0,neh
P1,tue,258,14929.0,27800000.0,neh
P1,tue,259,15030.0,28000000.0,neh
P1,tue,260,14988.0,27800000.0,neh
P1,tue,261,15121.0,28200000.0,neh
P1,tue,262,15125.0,28200000.0,neh
P1,tue,263,15191.0,28200000.0,neh
P1,tue,264,15214.0,28400000.0,neh
P1,tue,265,15216.0,28400000.0,neh
P1,tue,266,15309.0,28600000.0,neh
P1,tue,267,15370.0,28600000.0,neh
P1,tue,268,15429.0,28800000.0,neh
P1,tue,269,15474.0,28800000.0,neh
P1,tue,270,15539.0,29000000.0,neh
P1,tue,271,15544.0,29000000.0,neh
P1,tue,272,15639.0,29200000.0,neh
P1,tue,273,15703.0,29400000.0,neh
P1,tue,274,15732.0,29400000.0,neh
P1,tue,275,15788.0,29400000.0,neh
P1,tue,276,15810.0,29600000.0,neh
P1,tue,277,15917.0,29800000.0,neh
P1,tue,278,15980.0,29800000.0,neh
P1,tue,279,15988.0,29800000.0,neh
P1,tue,280,16101.0,30200000.0,neh
P1,tue,281,16147.0,30200000.0,neh
P1,tue,282,16244.0,30400000.0,neh
P1,tue,283,16251.0,30400000.0,neh
P1,tue,284,16247.0,30400000.0,neh
P1,tue,285,16297.0,30400000.0,neh
P1,tue,286,16394.0,30600000.0,neh
P1,tue,287,16444.0,30800000.0,neh
P1,tue,288,16487.0,30800000.0,neh
P1,tue,289,16596.0,31000000.0,neh
P1,tue,290,16613.0,31200000.0,neh
P1,tue,291,16606.0,31200000.0,neh
P1,tue,292,16675.0,31200000.0,neh
P1,tue,293,16769.0,31400000.0,neh
P1,tue,294,16763.0,31400000.0,neh
P1,tue,295,16850.0,31600000.0,neh
P1,tue,296,16978.0,31800000.0,neh
P1,tue,297,16885.0,31600000.0,neh
P1,tue,298,16987.0,31800000.0,neh
P1,tue,299,17085.0,32000000.0,neh
P1,tue,300,17144.0,32200000.0,neh
P1,tue,301,17135.0,32200000.0,neh
P1,tue,302,17249.0,32400000.0,neh
P1,tue,303,17232.0,32400000.0,neh
P1,tue,304,17270.0,32400000.0,neh
P1,tue,305,17381.0,32600000.0,neh
P1,tue,306,17284.0,32400000.0,neh
P1,tue,307,17436.0,32800000.0,neh
P1,tue,308,17493.0,32800000.0,neh
P1,tue,309,17446.0,32800000.0,neh
P1,tue,310,17544.0,33000000.0,neh
P1,tue,311,17545.0,33000000.0,neh
P1,tue,312,17589.0,33000000.0,neh
P1,tue,313,17741.0,33400000.0,neh
P1,tue,314,17832.0,33600000.0,neh
P1,tue,315,17846.0,33600000.0,neh
P1,tue,316,17831.0,33600000.0,neh
P1,tue,317,17883.0,33600000.0,neh
P1,tue,318,17921.0,33800000.0,neh
P1,tue,319,18004.0,34000000.0,neh
P1,tue,320,17995.0,33800000.0,neh
P1,tue,321,18217.0,34400000.0,neh
P1,tue,322,18230.0,34400000.0,neh
P1,tue,323,18292.0,34400000.0,neh
P1,tue,324,18279.0,34400000.0,neh
P1,tue,325,18335.0,34600000.0,neh
P1,tue,326,18388.0,34600000.0,neh
P1,tue,327,18510.0,35000000.0,neh
P1,tue,328,18562.0,35000000.0,neh
P1,tue,329,18617.0,35200000.0,neh
P1,tue,330,18710.0,35400000.0,neh
P1,tue,331,18667.0,35200000.0,neh
P1,tue,332,18766.0,35400000.0,neh
P1,tue,333,18820.0,35600000.0,neh
P1,tue,334,18901.0,35800000.0,neh
P1,tue,335,18984.0,35800000.0,neh
P1,tue,336,18980.0,35800000.0,neh
P1,tue,337,19028.0,36000000.0,neh
P1,tue,338,19078.0,36000000.0,neh
P1,tue,339,19112.0,36200000.0,neh
P1,tue,340,19139.0,36200000.0,neh
P1,tue,341,19205.0,36400000.0,neh
P1,tue,342,19341.0,36600000.0,neh
P1,tue,343,19344.0,36600000.0,neh
P1,tue,344,19449.0,36800000.0,neh
P1,tue,345,19545.0,37000000.0,neh
P1,tue,346,19573.0,37000000.0,neh
P1,tue,347,19645.0,37200000.0,neh
P1,tue,348,19670.0,37200000.0,neh
P1,tue,349,19787.0,37400000.0,neh
P1,tue,350,19811.0,37600000.0,neh
P1,tue,351,19837.0,37600000.0,neh
P1,tue,352,19955.0,37800000.0,neh
P1,tue,353,19991.0,37800000.0,neh
P1,tue,354,20051.0,38000000.0,neh
P1,tue,355,20156.0,38200000.0,neh
P1,tue,356,20218.0,38400000.0,neh
P1,tue,357,20219.0,38400000.0,neh
P1,tue,358,20285.0,38400000.0,neh
P1,tue,359,20332.0,38600000.0,neh
P1,tue,360,20441.0,38800000.0,neh
P1,tue,361,20377.0,38600000.0,neh
P1,tue,362,20484.0,38800000.0,neh
P1,tue,363,20490.0,38800000.0,neh
P1,tue,364,20565.0,39000000.0,neh
P1,tue,365,20632.0,39200000.0,neh
P1,tue,366,20699.0,39200000.0,neh
P1,tue,367,20758.0,39400000.0,neh
P1,tue,368,20789.0,39400000.0,neh
P1,tue,369,20809.0,39600000.0,neh
P1,tue,370,20862.0,39600000.0,neh
P1,tue,371,20951.0,39800000.0,neh
P1,tue,372,20964.0,39800000.0,neh
P1,tue,373,20998.0,39800000.0,neh
P1,tue,374,21064.0,40000000.0,neh
P1,tue,375,21168.0,40200000.0,neh
P1,tue,376,21143.0,40200000.0,neh
P1,tue,377,21274.0,40400000.0,neh
P1,tue,378,21273.0,40400000.0,neh
P1,tue,379,21364.0,40600000.0,neh
P1,tue,380,21420.0,40800000.0,neh
P1,tue,381,21401.0,40800000.0,neh
P1,tue,382,21481.0,40800000.0,neh
P1,tue,383,21570.0,41000000.0,neh
P1,tue,384,21584.0,41000000.0,neh
P1,tue,385,21556.0,41000000.0,neh
P1,tue,386,21683.0,41200000.0,neh
P1,tue,387,21703.0,41400000.0,neh
P1,tue,388,21735.0,41400000.0,neh
P1,tue,389,21772.0,41400000.0,neh
P1,tue,390,21825.0,41600000.0,neh
P1,tue,391,21920.0,41800000.0,neh
P1,tue,392,21895.0,41600000.0,neh
P1,tue,393,21952.0,41800000.0,neh
P1,tue,394,22055.0,42000000.0,neh
P1,tue,395,22055.0,42000000.0,neh
P1,tue,396,22118.0,42200000.0,neh
P1,tue,397,22146.0,42200000.0,neh
P1,tue,398,22286.0,42400000.0,neh
P1,tue,399,22291.0,42400000.0,neh
P1,tue,400,22337.0,42600000.0,neh
P1,tue,401,22396.0,42600000.0,neh
P1,tue,402,22386.0,42600000.0,neh
P1,tue,403,22494.0,42800000.0,neh
P1,tue,404,22597.0,43000000.0,neh
P1,tue,405,22547.0,43000000.0,neh
P1,tue,406,22669.0,43200000.0,neh
P1,tue,407,22732.0,43400000.0,neh
P1,tue,408,22797.0,43400000.0,neh
P1,tue,409,22861.0,43600000.0,neh
P1,tue,410,22799.0,43400000.0,neh
P1,tue,411,22811.0,43600000.0,neh
P1,tue,412,22914.0,43800000.0,neh
P1,tue,413,23008.0,44000000.0,neh
P1,tue,414,23105.0,44200000.0,neh
P1,tue,415,23109.0,44200000.0,neh
P1,tue,416,23140.0,44200000.0,neh
P1,tue,417,23236.0,44400000.0,neh
P1,tue,418,23271.0,44400000.0,neh
P1,tue,419,23285.0,44400000.0,neh
P1,tue,420,23330.0,44600000.0,neh
P1,tue,421,23319.0,44600000.0,neh
P1,tue,422,23419.0,44800000.0,neh
P1,tue,423,23529.0,45000000.0,neh
P1,tue,424,23600.0,45200000.0,neh
P1,tue,425,23705.0,45400000.0,neh
P1,tue,426,23772.0,45400000.0,neh
P1,tue,427,23794.0,45400000.0,neh
P1,tue,428,23843.0,45600000.0,neh
P1,tue,429,23890.0,45600000.0,neh
P1,tue,430,23941.0,45800000.0,neh
P1,tue,431,24000.0,46000000.0,neh
P1,tue,432,23942.0,45800000.0,neh
P1,tue,433,24072.0,46000000.0,neh
P1,tue,434,24180.0,46200000.0,neh
P1,tue,435,24222.0,46400000.0,neh
P1,tue,436,24332.0,46600000.0,neh
P1,tue,437,24351.0,46600000.0,neh
P1,tue,438,24456.0,46800000.0,neh
P1,tue,439,24404.0,46800000.0,neh
P1,tue,440,24578.0,47000000.0,neh
P1,tue,441,24608.0,47200000.0,neh
P1,tue,442,24720.0,47400000.0,neh
P1,tue,443,24660.0,47200000.0,neh
P1,tue,444,24834.0,47600000.0,neh
P1,tue,445,24866.0,47600000.0,neh
P1,tue,446,24863.0,47600000.0,neh
P1,tue,447,24972.0,47800000.0,neh
P1,tue,448,25131.0,48200000.0,neh
P1,tue,449,25189.0,48200000.0,neh
P1,tue,450,25157.0,48200000.0,neh
P1,tue,451,25144.0,48200000.0,neh
P1,tue,452,25235.0,48400000.0,neh
P1,tue,453,25270.0,48400000.0,neh
P1,tue,454,25229.0,48400000.0,neh
P1,tue,455,25259.0,48400000.0,neh
P1,tue,456,25373.0,48600000.0,neh
P1,tue,457,25395.0,48600000.0,neh
P1,tue,458,25449.0,48800000.0,neh
P1,tue,459,25491.0,48800000.0,neh
P1,tue,460,25566.0,49000000.0,neh
P1,tue,461,25592.0,49000000.0,neh
P1,tue,462,25640.0,49200000.0,neh
P1,tue,463,25776.0,49400000.0,neh
P1,tue,464,25787.0,49400000.0,neh
P1,tue,465,25845.0,49600000.0,neh
P1,tue,466,25874.0,49600000.0,neh
P1,tue,467,25921.0,49800000.0,neh
P1,tue,468,25882.0,49600000.0,neh
P1,tue,469,25911.0,49800000.0,neh
P1,tue,470,26073.0,50000000.0,neh
P1,tue,471,26113.0,50200000.0,neh
P1,tue,472,26139.0,50200000.0,neh
P1,tue,473,26240.0,50400000.0,neh
P1,tue,474,26239.0,50400000.0,neh
P1,tue,475,26237.0,50400000.0,neh
P1,tue,476,26334.0,50600000.0,neh
P1,tue,477,26353.0,50600000.0,neh
P1,tue,478,26363.0,50600000.0,neh
P1,tue,479,26419.0,50800000.0,neh
P1,tue,480,26508.0,51000000.0,neh
P1,tue,481,26547.0,51000000.0,neh
P1,tue,482,26567.0,51000000.0,neh
P1,tue,483,26616.0,51200000.0,neh
P1,tue,484,26583.0,51000000.0,neh
P1,tue,485,26744.0,51400000.0,neh
P1,tue,486,26785.0,51400000.0,neh
P1,tue,487,26806.0,51600000.0,neh
P1,tue,488,26831.0,51600000.0,neh
P1,tue,489,26900.0,51800000.0,neh
P1,tue,490,26921.0,51800000.0,neh
P1,tue,491,26946.0,51800000.0,neh
P1,tue,492,26991.0,51800000.0,neh
P1,tue,493,27089.0,52000000.0,neh
P1,tue,494,27127.0,52200000.0,neh
P1,tue,495,27120.0,52200000.0,neh
P1,tue,496,27175.0,52200000.0,neh
P1,tue,497,27183.0,52200000.0,neh
P1,tue,498,27231.0,52400000.0,neh
P1,tue,499,27308.0,52600000.0,neh
P1,tue,500,27479.0,52800000.0,neh
P1,wed,1,835.0,5800000.0,neh
P1,wed,2,1060.0,6000000.0,neh
P1,wed,3,1234.0,6200000.0,neh
P1,wed,4,1281.0,6200000.0,neh
P1,wed,5,1415.0,6400000.0,neh
P1,wed,6,1486.0,6400000.0,neh
P1,wed,7,1596.0,6500000.0,neh
P1,wed,8,1631.0,6600000.0,neh
P1,wed,9,1699.0,6600000.0,neh
P1,wed,10,1719.0,6700000.0,neh
P1,wed,11,1842.0,6800000.0,neh
P1,wed,12,1898.0,6800000.0,neh
P1,wed,13,1936.0,6900000.0,neh
P1,wed,14,2022.0,7000000.0,neh
P1,wed,15,2073.0,7000000.0,neh
P1,wed,16,2105.0,7100000.0,neh
P1,wed,17,2177.0,7100000.0,neh
P1,wed,18,2220.0,7200000.0,neh
P1,wed,19,2280.0,7200000.0,neh
P1,wed,20,2335.0,7300000.0,neh
P1,wed,21,2418.0,7400000.0,neh
P1,wed,22,2503.0,7500000.0,neh
P1,wed,23,2553.0,7500000.0,neh
P1,wed,24,2616.0,7600000.0,neh
P1,wed,25,2652.0,7600000.0,neh
P1,wed,26,2735.0,7700000.0,neh
P1,wed,27,2821.0,7800000.0,neh
P1,wed,28,2842.0,7800000.0,neh
P1,wed,29,2868.0,7800000.0,neh
P1,wed,30,2899.0,7800000.0,neh
P1,wed,31,2977.0,7900000.0,neh
P1,wed,32,3016.0,8000000.0,neh
P1,wed,33,3065.0,8000000.0,neh
P1,wed,34,3165.0,8100000.0,neh
P1,wed,35,3219.0,8200000.0,neh
P1,wed,36,3303.0,8300000.0,neh
P1,wed,37,3378.0,8300000.0,neh
P1,wed,38,3413.0,8400000.0,neh
P1,wed,39,3457.0,8400000.0,neh
P1,wed,40,3515.0,8500000.0,neh
P1,wed,41,3605.0,8600000.0,neh
P1,wed,42,3591.0,8500000.0,neh
P1,wed,43,3655.0,8600000.0,neh
P1,wed,44,3712.0,8700000.0,neh
P1,wed,45,3836.0,8800000.0,neh
P1,wed,46,3858.0,8800000.0,neh
P1,wed,47,3888.0,8800000.0,neh
P1,wed,48,3949.0,8900000.0,neh
P1,wed,49,3986.0,8900000.0,neh
P1,wed,50,4093.0,9000000.0,neh
P1,wed,51,4128.0,9100000.0,neh
P1,wed,52,4101.0,9100000.0,neh
P1,wed,53,4146.0,9100000.0,neh
P1,wed,54,4166.0,9100000.0,neh
P1,wed,55,4248.0,9200000.0,neh
P1,wed,56,4306.0,9300000.0,neh
P1,wed,57,4310.0,9300000.0,neh
P1,wed,58,4370.0,9300000.0,neh
P1,wed,59,4520.0,9500000.0,neh
P1,wed,60,4564.0,9500000.0,neh
P1,wed,61,4574.0,9500000.0,neh
P1,wed,62,4613.0,9600000.0,neh
P1,wed,63,4741.0,9700000.0,neh
P1,wed,64,4760.0,9700000.0,neh
P1,wed,65,4909.0,9900000.0,neh
P1,wed,66,4895.0,9800000.0,neh
P1,wed,67,4906.0,9900000.0,neh
P1,wed,68,5001.0,10000000.0,neh
P1,wed,69,5040.0,10000000.0,neh
P1,wed,70,5066.0,10000000.0,neh
P1,wed,71,5143.0,10100000.0,neh
P1,wed,72,5208.0,10200000.0,neh
P1,wed,73,5230.0,10200000.0,neh
P1,wed,74,5261.0,10200000.0,neh
P1,wed,75,5417.0,10400000.0,neh
P1,wed,76,5346.0,10300000.0,neh
P1,wed,77,5441.0,10400000.0,neh
P1,wed,78,5528.0,10500000.0,neh
P1,wed,79,5530.0,10500000.0,neh
P1,wed,80,5635.0,10600000.0,neh
P1,wed,81,5693.0,10600000.0,neh
P1,wed,82,5717.0,10700000.0,neh
P1,wed,83,5758.0,10700000.0,neh
P1,wed,84,5829.0,10800000.0,neh
P1,wed,85,5922.0,10900000.0,neh
P1,wed,86,6009.0,11000000.0,neh
P1,wed,87,6022.0,11000000.0,neh
P1,wed,88,6065.0,11000000.0,neh
P1,wed,89,6081.0,11000000.0,neh
P1,wed,90,6210.0,11200000.0,neh
P1,wed,91,6267.0,11200000.0,neh
P1,wed,92,6327.0,11300000.0,neh
P1,wed,93,6393.0,11300000.0,neh
P1,wed,94,6407.0,11400000.0,neh
P1,wed,95,6429.0,11400000.0,neh
P1,wed,96,6504.0,11500000.0,neh
P1,wed,97,6497.0,11400000.0,neh
P1,wed,98,6618.0,11600000.0,neh
P1,wed,99,6633.0,11600000.0,neh
P1,wed,100,6739.0,11700000.0,neh
P1,wed,101,6738.0,11700000.0,neh
P1,wed,102,6780.0,11700000.0,neh
P1,wed,103,6879.0,11800000.0,neh
P1,wed,104,7000.0,12000000.0,neh
P1,wed,105,7061.0,12000000.0,neh
P1,wed,106,7059.0,12000000.0,neh
P1,wed,107,7083.0,12000000.0,neh
P1,wed,108,7177.0,12200000.0,neh
P1,wed,109,7235.0,12400000.0,neh
P1,wed,110,7231.0,12400000.0,neh
P1,wed,111,7306.0,12600000.0,neh
P1,wed,112,7382.0,12600000.0,neh
P1,wed,113,7420.0,12800000.0,neh
P1,wed,114,7508.0,13000000.0,neh
P1,wed,115,7545.0,13000000.0,neh
P1,wed,116,7519.0,13000000.0,neh
P1,wed,117,7672.0,13200000.0,neh
P1,wed,118,7710.0,13400000.0,neh
P1,wed,119,7686.0,13200000.0,neh
P1,wed,120,7809.0,13600000.0,neh
P1,wed,121,7767.0,13400000.0,neh
P1,wed,122,7868.0,13600000.0,neh
P1,wed,123,7939.0,13800000.0,neh
P1,wed,124,7899.0,13600000.0,neh
P1,wed,125,7989.0,13800000.0,neh
P1,wed,126,8093.0,14000000.0,neh
P1,wed,127,8192.0,14200000.0,neh
P1,wed,128,8198.0,14200000.0,neh
P1,wed,129,8202.0,14400000.0,neh
P1,wed,130,8268.0,14400000.0,neh
P1,wed,131,8305.0,14600000.0,neh
P1,wed,132,8355.0,14600000.0,neh
P1,wed,133,8465.0,14800000.0,neh
P1,wed,134,8507.0,15000000.0,neh
P1,wed,135,8480.0,14800000.0,neh
P1,wed,136,8623.0,15200000.0,neh
P1,wed,137,8691.0,15200000.0,neh
P1,wed,138,8720.0,15400000.0,neh
P1,wed,139,8708.0,15400000.0,neh
P1,wed,140,8844.0,15600000.0,neh
P1,wed,141,8921.0,15800000.0,neh
P1,wed,142,8912.0,15800000.0,neh
P1,wed,143,9055.0,16000000.0,neh
P1,wed,144,9088.0,16000000.0,neh
P1,wed,145,9214.0,16400000.0,neh
P1,wed,146,9245.0,16400000.0,neh
P1,wed,147,9197.0,16200000.0,neh
P1,wed,148,9258.0,16400000.0,neh
P1,wed,149,9271.0,16400000.0,neh
P1,wed,150,9331.0,16600000.0,neh
P1,wed,151,9386.0,16600000.0,neh
P1,wed,152,9557.0,17000000.0,neh
P1,wed,153,9552.0,17000000.0,neh
P1,wed,154,9570.0,17000000.0,neh
P1,wed,155,9606.0,17200000.0,neh
P1,wed,156,9641.0,17200000.0,neh
P1,wed,157,9657.0,17200000.0,neh
P1,wed,158,9785.0,17400000.0,neh
P1,wed,159,9837.0,17600000.0,neh
P1,wed,160,9904.0,17800000.0,neh
P1,wed,161,9956.0,17800000.0,neh
P1,wed,162,10015.0,18000000.0,neh
P1,wed,163,10055.0,18000000.0,neh
P1,wed,164,10137.0,18200000.0,neh
P1,wed,165,10176.0,18200000.0,neh
P1,wed,166,10200.0,18400000.0,neh
P1,wed,167,10272.0,18400000.0,neh
P1,wed,168,10311.0,18600000.0,neh
P1,wed,169,10419.0,18800000.0,neh
P1,wed,170,10465.0,18800000.0,neh
P1,wed,171,10473.0,18800000.0,neh
P1,wed,172,10542.0,19000000.0,neh
P1,wed,173,10576.0,19000000.0,neh
P1,wed,174,10641.0,19200000.0,neh
P1,wed,175,10769.0,19400000.0,neh
P1,wed,176,10710.0,19400000.0,neh
P1,wed,177,10761.0,19400000.0,neh
P1,wed,178,10818.0,19600000.0,neh
P1,wed,179,10906.0,19800000.0,neh
P1,wed,180,10954.0,19800000.0,neh
P1,wed,181,10993.0,19800000.0,neh
P1,wed,182,11020.0,20000000.0,neh
P1,wed,183,11128.0,20200000.0,neh
P1,wed,184,11191.0,20200000.0,neh
P1,wed,185,11201.0,20400000.0,neh
P1,wed,186,11272.0,20400000.0,neh
P1,wed,187,11326.0,20600000.0,neh
P1,wed,188,11401.0,20800000.0,neh
P1,wed,189,11411.0,20800000.0,neh
P1,wed,190,11473.0,20800000.0,neh
P1,wed,191,11568.0,21000000.0,neh
P1,wed,192,11473.0,20800000.0,neh
P1,wed,193,11573.0,21000000.0,neh
P1,wed,194,11628.0,21200000.0,neh
P1,wed,195,11699.0,21200000.0,neh
P1,wed,196,11733.0,21400000.0,neh
P1,wed,197,11780.0,21400000.0,neh
P1,wed,198,11869.0,21600000.0,neh
P1,wed,199,11902.0,21800000.0,neh
P1,wed,200,11927.0,21800000.0,neh
P1,wed,201,11948.0,21800000.0,neh
P1,wed,202,12009.0,22000000.0,neh
P1,wed,203,12071.0,22000000.0,neh
P1,wed,204,12108.0,22200000.0,neh
P1,wed,205,12126.0,22200000.0,neh
P1,wed,206,12132.0,22200000.0,neh
P1,wed,207,12266.0,22400000.0,neh
P1,wed,208,12260.0,22400000.0,neh
P1,wed,209,12322.0,22600000.0,neh
P1,wed,210,12407.0,22800000.0,neh
P1,wed,211,12457.0,22800000.0,neh
P1,wed,212,12544.0,23000000.0,neh
P1,wed,213,12638.0,23200000.0,neh
P1,wed,214,12646.0,23200000.0,neh
P1,wed,215,12775.0,23400000.0,neh
P1,wed,216,12802.0,23600000.0,neh
P1,wed,217,12789.0,23400000.0,neh
P1,wed,218,12815.0,23600000.0,neh
P1,wed,219,12904.0,23800000.0,neh
P1,wed,220,12925.0,23800000.0,neh
P1,wed,221,12996.0,23800000.0,neh
P1,wed,222,13015.0,24000000.0,neh
P1,wed,223,13095.0,24000000.0,neh
P1,wed,224,13141.0,24200000.0,neh
P1,wed,225,13182.0,24200000.0,neh
P1,wed,226,13251.0,24400000.0,neh
P1,wed,227,13308.0,24600000.0,neh
P1,wed,228,13323.0,24600000.0,neh
P1,wed,229,13397.0,24600000.0,neh
P1,wed,230,13396.0,24600000.0,neh
P1,wed,231,13557.0,25000000.0,neh
P1,wed,232,13632.0,25200000.0,neh
P1,wed,233,13582.0,25000000.0,neh
P1,wed,234,13698.0,25200000.0,neh
P1,wed,235,13764.0,25400000.0,neh
P1,wed,236,13738.0,25400000.0,neh
P1,wed,237,13777.0,25400000.0,neh
P1,wed,238,13925.0,25800000.0,neh
P1,wed,239,13912.0,25800000.0,neh
P1,wed,240,13965.0,25800000.0,neh
P1,wed,241,13993.0,25800000.0,neh
P1,wed,242,14164.0,26200000.0,neh
P1,wed,243,14115.0,26200000.0,neh
P1,wed,244,14213.0,26400000.0,neh
P1,wed,245,14221.0,26400000.0,neh
P1,wed,246,14285.0,26400000.0,neh
P1,wed,247,14382.0,26600000.0,neh
P1,wed,248,14395.0,26600000.0,neh
P1,wed,249,14346.0,26600000.0,neh
P1,wed,250,14368.0,26600000.0,neh
P1,wed,251,14543.0,27000000.0,neh
P1,wed,252,14597.0,27000000.0,neh
P1,wed,253,14592.0,27000000.0,neh
P1,wed,254,14675.0,27200000.0,neh
P1,wed,255,14688.0,27200000.0,neh
P1,wed,256,14745.0,27400000.0,neh
P1,wed,257,14795.0,27400000.0,neh
P1,wed,258,14910.0,27800000.0,neh
P1,wed,259,14924.0,27800000.0,neh
P1,wed,260,14967.0,27800000.0,neh
P1,wed,261,14981.0,27800000.0,neh
P1,wed,262,15033.0,28000000.0,neh
P1,wed,263,15133.0,28200000.0,neh
P1,wed,264,15220.0,28400000.0,neh
P1,wed,265,15279.0,28400000.0,neh
P1,wed,266,15368.0,28600000.0,neh
P1,wed,267,15303.0,28600000.0,neh
P1,wed,268,15294.0,28400000.0,neh
P1,wed,269,15431.0,28800000.0,neh
P1,wed,270,15400.0,28800000.0,neh
P1,wed,271,15406.0,28800000.0,neh
P1,wed,272,15538.0,29000000.0,neh
P1,wed,273,15564.0,29000000.0,neh
P1,wed,274,15647.0,29200000.0,neh
P1,wed,275,15698.0,29200000.0,neh
P1,wed,276,15732.0,29400000.0,neh
P1,wed,277,15818.0,29600000.0,neh
P1,wed,278,15948.0,29800000.0,neh
P1,wed,279,16037.0,30000000.0,neh
P1,wed,280,16019.0,30000000.0,neh
P1,wed,281,16009.0,30000000.0,neh
P1,wed,282,16115.0,30200000.0,neh
P1,wed,283,16143.0,30200000.0,neh
P1,wed,284,16198.0,30200000.0,neh
P1,wed,285,16283.0,30400000.0,neh
P1,wed,286,16363.0,30600000.0,neh
P1,wed,287,16312.0,30600000.0,neh
P1,wed,288,16459.0,30800000.0,neh
P1,wed,289,16477.0,30800000.0,neh
P1,wed,290,16568.0,31000000.0,neh
P1,wed,291,16666.0,31200000.0,neh
P1,wed,292,16776.0,31400000.0,neh
P1,wed,293,16750.0,31400000.0,neh
P1,wed,294,16775.0,31400000.0,neh
P1,wed,295,16778.0,31400000.0,neh
P1,wed,296,16785.0,31400000.0,neh
P1,wed,297,16828.0,31600000.0,neh
P1,wed,298,16912.0,31800000.0,neh
P1,wed,299,16927.0,31800000.0,neh
P1,wed,300,16978.0,31800000.0,neh
P1,wed,301,17054.0,32000000.0,neh
P1,wed,302,17126.0,32200000.0,neh
P1,wed,303,17206.0,32400000.0,neh
P1,wed,304,17210.0,32400000.0,neh
P1,wed,305,17282.0,32400000.0,neh
P1,wed,306,17279.0,32400000.0,neh
P1,wed,307,17402.0,32800000.0,neh
P1,wed,308,17428.0,32800000.0,neh
P1,wed,309,17497.0,32800000.0,neh
P1,wed,310,17531.0,33000000.0,neh
P1,wed,311,17608.0,33200000.0,neh
P1,wed,312,17590.0,33000000.0,neh
P1,wed,313,17706.0,33400000.0,neh
P1,wed,314,17801.0,33600000.0,neh
P1,wed,315,17797.0,33400000.0,neh
P1,wed,316,17899.0,33600000.0,neh
P1,wed,317,17959.0,33800000.0,neh
P1,wed,318,17942.0,33800000.0,neh
P1,wed,319,18009.0,34000000.0,neh
P1,wed,320,18199.0,34200000.0,neh
P1,wed,321,18268.0,34400000.0,neh
P1,wed,322,18305.0,34600000.0,neh
P1,wed,323,18325.0,34600000.0,neh
P1,wed,324,18378.0,34600000.0,neh
P1,wed,325,18423.0,34800000.0,neh
P1,wed,326,18428.0,34800000.0,neh
P1,wed,327,18338.0,34600000.0,neh
P1,wed,328,18475.0,34800000.0,neh
P1,wed,329,18500.0,35000000.0,neh
P1,wed,330,18632.0,35200000.0,neh
P1,wed,331,18649.0,35200000.0,neh
P1,wed,332,18657.0,35200000.0,neh
P1,wed,333,18707.0,35400000.0,neh
P1,wed,334,18798.0,35400000.0,neh
P1,wed,335,18757.0,35400000.0,neh
P1,wed,336,18891.0,35600000.0,neh
P1,wed,337,19050.0,36000000.0,neh
P1,wed,338,19059.0,36000000.0,neh
P1,wed,339,19067.0,36000000.0,neh
P1,wed,340,19085.0,36000000.0,neh
P1,wed,341,19136.0,36200000.0,neh
P1,wed,342,19184.0,36200000.0,neh
P1,wed,343,19317.0,36600000.0,neh
P1,wed,344,19389.0,36600000.0,neh
P1,wed,345,19328.0,36600000.0,neh
P1,wed,346,19353.0,36600000.0,neh
P1,wed,347,19434.0,36800000.0,neh
P1,wed,348,19520.0,37000000.0,neh
P1,wed,349,19685.0,37200000.0,neh
P1,wed,350,19694.0,37200000.0,neh
P1,wed,351,19732.0,37400000.0,neh
P1,wed,352,19776.0,37400000.0,neh
P1,wed,353,19904.0,37800000.0,neh
P1,wed,354,19852.0,37600000.0,neh
P1,wed,355,19929.0,37800000.0,neh
P1,wed,356,20024.0,38000000.0,neh
P1,wed,357,20122.0,38200000.0,neh
P1,wed,358,20100.0,38200000.0,neh
P1,wed,359,20123.0,38200000.0,neh
P1,wed,360,20161.0,38200000.0,neh
P1,wed,361,20238.0,38400000.0,neh
P1,wed,362,20292.0,38400000.0,neh
P1,wed,363,20373.0,38600000.0,neh
P1,wed,364,20369.0,38600000.0,neh
P1,wed,365,20478.0,38800000.0,neh
P1,wed,366,20447.0,38800000.0,neh
P1,wed,367,20656.0,39200000.0,neh
P1,wed,368,20628.0,39200000.0,neh
P1,wed,369,20733.0,39400000.0,neh
P1,wed,370,20604.0,39200000.0,neh
P1,wed,371,20807.0,39600000.0,neh
P1,wed,372,20727.0,39400000.0,neh
P1,wed,373,20859.0,39600000.0,neh
P1,wed,374,20852.0,39600000.0,neh
P1,wed,375,20962.0,39800000.0,neh
P1,wed,376,20992.0,39800000.0,neh
P1,wed,377,21116.0,40200000.0,neh
P1,wed,378,21083.0,40000000.0,neh
P1,wed,379,21184.0,40200000.0,neh
P1,wed,380,21285.0,40400000.0,neh
P1,wed,381,21221.0,40400000.0,neh
P1,wed,382,21287.0,40400000.0,neh
P1,wed,383,21335.0,40600000.0,neh
P1,wed,384,21365.0,40600000.0,neh
P1,wed,385,21481.0,40800000.0,neh
P1,wed,386,21539.0,41000000.0,neh
P1,wed,387,21568.0,41000000.0,neh
P1,wed,388,21579.0,41000000.0,neh
P1,wed,389,21728.0,41400000.0,neh
P1,wed,390,21664.0,41200000.0,neh
P1,wed,391,21778.0,41400000.0,neh
P1,wed,392,21893.0,41600000.0,neh
P1,wed,393,21880.0,41600000.0,neh
P1,wed,394,21844.0,41600000.0,neh
P1,wed,395,21925.0,41800000.0,neh
P1,wed,396,21997.0,41800000.0,neh
P1,wed,397,21982.0,41800000.0,neh
P1,wed,398,22131.0,42200000.0,neh
P1,wed,399,22155.0,42200000.0,neh
P1,wed,400,22196.0,42200000.0,neh
P1,wed,401,22210.0,42400000.0,neh
P1,wed,402,22287.0,42400000.0,neh
P1,wed,403,22332.0,42600000.0,neh
P1,wed,404,22349.0,42600000.0,neh
P1,wed,405,22491.0,42800000.0,neh
P1,wed,406,22501.0,43000000.0,neh
P1,wed,407,22517.0,43000000.0,neh
P1,wed,408,22573.0,43000000.0,neh
P1,wed,409,22725.0,43400000.0,neh
P1,wed,410,22732.0,43400000.0,neh
P1,wed,411,22813.0,43600000.0,neh
P1,wed,412,22887.0,43600000.0,neh
P1,wed,413,22962.0,43800000.0,neh
P1,wed,414,22963.0,43800000.0,neh
P1,wed,415,23091.0,44000000.0,neh
P1,wed,416,23095.0,44000000.0,neh
P1,wed,417,23160.0,44200000.0,neh
P1,wed,418,23171.0,44200000.0,neh
P1,wed,419,23287.0,44400000.0,neh
P1,wed,420,23341.0,44600000.0,neh
P1,wed,421,23401.0,44800000.0,neh
P1,wed,422,23364.0,44600000.0,neh
P1,wed,423,23421.0,44800000.0,neh
P1,wed,424,23428.0,44800000.0,neh
P1,wed,425,23564.0,45000000.0,neh
P1,wed,426,23556.0,45000000.0,neh
P1,wed,427,23539.0,45000000.0,neh
P1,wed,428,23666.0,45200000.0,neh
P1,wed,429,23641.0,45200000.0,neh
P1,wed,430,23696.0,45200000.0,neh
P1,wed,431,23759.0,45400000.0,neh
P1,wed,432,23851.0,45600000.0,neh
P1,wed,433,23897.0,45600000.0,neh
P1,wed,434,24007.0,46000000.0,neh
P1,wed,435,23970.0,45800000.0,neh
P1,wed,436,24052.0,46000000.0,neh
P1,wed,437,24169.0,46200000.0,neh
P1,wed,438,24221.0,46400000.0,neh
P1,wed,439,24263.0,46400000.0,neh
P1,wed,440,24379.0,46600000.0,neh
P1,wed,441,24376.0,46600000.0,neh
P1,wed,442,24392.0,46600000.0,neh
P1,wed,443,24389.0,46600000.0,neh
P1,wed,444,24452.0,46800000.0,neh
P1,wed,445,24471.0,46800000.0,neh
P1,wed,446,24565.0,47000000.0,neh
P1,wed,447,24597.0,47000000.0,neh
P1,wed,448,24596.0,47000000.0,neh
P1,wed,449,24723.0,47400000.0,neh
P1,wed,450,24774.0,47400000.0,neh
P1,wed,451,24772.0,47400000.0,neh
P1,wed,452,24942.0,47800000.0,neh
P1,wed,453,24956.0,47800000.0,neh
P1,wed,454,24962.0,47800000.0,neh
P1,wed,455,24972.0,47800000.0,neh
P1,wed,456,25044.0,48000000.0,neh
P1,wed,457,25160.0,48200000.0,neh
P1,wed,458,25240.0,48400000.0,neh
P1,wed,459,25091.0,48000000.0,neh
P1,wed,460,25230.0,48400000.0,neh
P1,wed,461,25292.0,48400000.0,neh
P1,wed,462,25332.0,48600000.0,neh
P1,wed,463,25453.0,48800000.0,neh
P1,wed,464,25461.0,48800000.0,neh
P1,wed,465,25438.0,48800000.0,neh
P1,wed,466,25553.0,49000000.0,neh
P1,wed,467,25634.0,49200000.0,neh
P1,wed,468,25654.0,49200000.0,neh
P1,wed,469,25777.0,49400000.0,neh
P1,wed,470,25790.0,49400000.0,neh
P1,wed,471,25774.0,49400000.0,neh
P1,wed,472,25852.0,49600000.0,neh
P1,wed,473,25886.0,49600000.0,neh
P1,wed,474,25927.0,49800000.0,neh
P1,wed,475,26013.0,50000000.0,neh
P1,wed,476,26040.0,50000000.0,neh
P1,wed,477,26114.0,50200000.0,neh
P1,wed,478,26173.0,50200000.0,neh
P1,wed,479,26135.0,50200000.0,neh
P1,wed,480,26260.0,50400000.0,neh
P1,wed,481,26322.0,50600000.0,neh
P1,wed,482,26423.0,50800000.0,neh
P1,wed,483,26266.0,50400000.0,neh
P1,wed,484,26499.0,50800000.0,neh
P1,wed,485,26529.0,51000000.0,neh
P1,wed,486,26596.0,51000000.0,neh
P1,wed,487,26658.0,51200000.0,neh
P1,wed,488,26694.0,51200000.0,neh
P1,wed,489,26808.0,51600000.0,neh
P1,wed,490,26799.0,51400000.0,neh
P1,wed,491,26832.0,51600000.0,neh
P1,wed,492,26934.0,51800000.0,neh
P1,wed,493,26981.0,51800000.0,neh
P1,wed,494,27011.0,52000000.0,neh
P1,wed,495,27024.0,52000000.0,neh
P1,wed,496,27052.0,52000000.0,neh
P1,wed,497,27137.0,52200000.0,neh
P1,wed,498,27135.0,52200000.0,neh
P1,wed,499,27304.0,52600000.0,neh
P1,wed,500,27341.0,52600000.0,neh
P1,thu,1,978.0,5900000.0,neh
P1,thu,2,1115.0,6100000.0,neh
P1,thu,3,1424.0,6400000.0,neh
P1,thu,4,1486.0,6400000.0,neh
P1,thu,5,1551.0,6500000.0,neh
P1,thu,6,1568.0,6500000.0,neh
P1,thu,7,1616.0,6600000.0,neh
P1,thu,8,1719.0,6700000.0,neh
P1,thu,9,1753.0,6700000.0,neh
P1,thu,10,1793.0,6700000.0,neh
P1,thu,11,1883.0,6800000.0,neh
P1,thu,12,1895.0,6800000.0,neh
P1,thu,13,1948.0,6900000.0,neh
P1,thu,14,2016.0,7000000.0,neh
P1,thu,15,2062.0,7000000.0,neh
P1,thu,16,2137.0,7100000.0,neh
P1,thu,17,2217.0,7200000.0,neh
P1,thu,18,2237.0,7200000.0,neh
P1,thu,19,2289.0,7200000.0,neh
P1,thu,20,2368.0,7300000.0,neh
P1,thu,21,2408.0,7400000.0,neh
P1,thu,22,2440.0,7400000.0,neh
P1,thu,23,2476.0,7400000.0,neh
P1,thu,24,2593.0,7500000.0,neh
P1,thu,25,2610.0,7600000.0,neh
P1,thu,26,2633.0,7600000.0,neh
P1,thu,27,2745.0,7700000.0,neh
P1,thu,28,2765.0,7700000.0,neh
P1,thu,29,2846.0,7800000.0,neh
P1,thu,30,2887.0,7800000.0,neh
P1,thu,31,2950.0,7900000.0,neh
P1,thu,32,2988.0,7900000.0,neh
P1,thu,33,3038.0,8000000.0,neh
P1,thu,34,3084.0,8000000.0,neh
P1,thu,35,3209.0,8200000.0,neh
P1,thu,36,3245.0,8200000.0,neh
P1,thu,37,3327.0,8300000.0,neh
P1,thu,38,3313.0,8300000.0,neh
P1,thu,39,3348.0,8300000.0,neh
P1,thu,40,3459.0,8400000.0,neh
P1,thu,41,3480.0,8400000.0,neh
P1,thu,42,3556.0,8500000.0,neh
P1,thu,43,3616.0,8600000.0,neh
P1,thu,44,3646.0,8600000.0,neh
P1,thu,45,3703.0,8700000.0,neh
P1,thu,46,3768.0,8700000.0,neh
P1,thu,47,3817.0,8800000.0,neh
P1,thu,48,3887.0,8800000.0,neh
P1,thu,49,3973.0,8900000.0,neh
P1,thu,50,4050.0,9000000.0,neh
P1,thu,51,4079.0,9000000.0,neh
P1,thu,52,4141.0,9100000.0,neh
P1,thu,53,4257.0,9200000.0,neh
P1,thu,54,4289.0,9200000.0,neh
P1,thu,55,4305.0,9300000.0,neh
P1,thu,56,4352.0,9300000.0,neh
P1,thu,57,4428.0,9400000.0,neh
P1,thu,58,4494.0,9400000.0,neh
P1,thu,59,4525.0,9500000.0,neh
P1,thu,60,4557.0,9500000.0,neh
P1,thu,61,4615.0,9600000.0,neh
P1,thu,62,4682.0,9600000.0,neh
P1,thu,63,4770.0,9700000.0,neh
P1,thu,64,4795.0,9700000.0,neh
P1,thu,65,4877.0,9800000.0,neh
P1,thu,66,4893.0,9800000.0,neh
P1,thu,67,4879.0,9800000.0,neh
P1,thu,68,4907.0,9900000.0,neh
P1,thu,69,4950.0,9900000.0,neh
P1,thu,70,5087.0,10000000.0,neh
P1,thu,71,5130.0,10100000.0,neh
P1,thu,72,5169.0,10100000.0,neh
P1,thu,73,5197.0,10100000.0,neh
P1,thu,74,5311.0,10300000.0,neh
P1,thu,75,5373.0,10300000.0,neh
P1,thu,76,5343.0,10300000.0,neh
P1,thu,77,5380.0,10300000.0,neh
P1,thu,78,5467.0,10400000.0,neh
P1,thu,79,5505.0,10500000.0,neh
P1,thu,80,5537.0,10500000.0,neh
P1,thu,81,5637.0,10600000.0,neh
P1,thu,82,5668.0,10600000.0,neh
P1,thu,83,5658.0,10600000.0,neh
P1,thu,84,5666.0,10600000.0,neh
P1,thu,85,5762.0,10700000.0,neh
P1,thu,86,5779.0,10700000.0,neh
P1,thu,87,5788.0,10700000.0,neh
P1,thu,88,5925.0,10900000.0,neh
P1,thu,89,5932.0,10900000.0,neh
P1,thu,90,5992.0,10900000.0,neh
P1,thu,91,6028.0,11000000.0,neh
P1,thu,92,6126.0,11100000.0,neh
P1,thu,93,6101.0,11100000.0,neh
P1,thu,94,6185.0,11100000.0,neh
P1,thu,95,6208.0,11200000.0,neh
P1,thu,96,6272.0,11200000.0,neh
P1,thu,97,6439.0,11400000.0,neh
P1,thu,98,6471.0,11400000.0,neh
P1,thu,99,6491.0,11400000.0,neh
P1,thu,100,6537.0,11500000.0,neh
P1,thu,101,6604.0,11600000.0,neh
P1,thu,102,6652.0,11600000.0,neh
P1,thu,103,6709.0,11700000.0,neh
P1,thu,104,6790.0,11700000.0,neh
P1,thu,105,6791.0,11700000.0,neh
P1,thu,106,6852.0,11800000.0,neh
P1,thu,107,6887.0,11800000.0,neh
P1,thu,108,6962.0,11900000.0,neh
P1,thu,109,6967.0,11900000.0,neh
P1,thu,110,7042.0,12000000.0,neh
P1,thu,111,7067.0,12000000.0,neh
P1,thu,112,7169.0,12200000.0,neh
P1,thu,113,7218.0,12400000.0,neh
P1,thu,114,7261.0,12400000.0,neh
P1,thu,115,7324.0,12600000.0,neh
P1,thu,116,7357.0,12600000.0,neh
P1,thu,117,7420.0,12800000.0,neh
P1,thu,118,7471.0,12800000.0,neh
P1,thu,119,7529.0,13000000.0,neh
P1,thu,120,7572.0,13000000.0,neh
P1,thu,121,7702.0,13400000.0,neh
P1,thu,122,7716.0,13400000.0,neh
P1,thu,123,7783.0,13400000.0,neh
P1,thu,124,7775.0,13400000.0,neh
P1,thu,125,7844.0,13600000.0,neh
P1,thu,126,7845.0,13600000.0,neh
P1,thu,127,7948.0,13800000.0,neh
P1,thu,128,8004.0,14000000.0,neh
P1,thu,129,8021.0,14000000.0,neh
P1,thu,130,8105.0,14200000.0,neh
P1,thu,131,8191.0,14200000.0,neh
P1,thu,132,8185.0,14200000.0,neh
P1,thu,133,8274.0,14400000.0,neh
P1,thu,134,8309.0,14600000.0,neh
P1,thu,135,8406.0,14800000.0,neh
P1,thu,136,8405.0,14800000.0,neh
P1,thu,137,8488.0,14800000.0,neh
P1,thu,138,8503.0,15000000.0,neh
P1,thu,139,8520.0,15000000.0,neh
P1,thu,140,8622.0,15200000.0,neh
P1,thu,141,8664.0,15200000.0,neh
P1,thu,142,8693.0,15200000.0,neh
P1,thu,143,8790.0,15400000.0,neh
P1,thu,144,8866.0,15600000.0,neh
P1,thu,145,8875.0,15600000.0,neh
P1,thu,146,8936.0,15800000.0,neh
P1,thu,147,9029.0,16000000.0,neh
P1,thu,148,9077.0,16000000.0,neh
P1,thu,149,9058.0,16000000.0,neh
P1,thu,150,9125.0,16200000.0,neh
P1,thu,151,9231.0,16400000.0,neh
P1,thu,152,9186.0,16200000.0,neh
P1,thu,153,9271.0,16400000.0,neh
P1,thu,154,9292.0,16400000.0,neh
P1,thu,155,9413.0,16800000.0,neh
P1,thu,156,9508.0,17000000.0,neh
P1,thu,157,9514.0,17000000.0,neh
P1,thu,158,9525.0,17000000.0,neh
P1,thu,159,9568.0,17000000.0,neh
P1,thu,160,9605.0,17200000.0,neh
P1,thu,161,9682.0,17200000.0,neh
P1,thu,162,9680.0,17200000.0,neh
P1,thu,163,9734.0,17400000.0,neh
P1,thu,164,9742.0,17400000.0,neh
P1,thu,165,9816.0,17600000.0,neh
P1,thu,166,9883.0,17600000.0,neh
P1,thu,167,9960.0,17800000.0,neh
P1,thu,168,10004.0,18000000.0,neh
P1,thu,169,10101.0,18200000.0,neh
P1,thu,170,10072.0,18000000.0,neh
P1,thu,171,10176.0,18200000.0,neh
P1,thu,172,10234.0,18400000.0,neh
P1,thu,173,10195.0,18200000.0,neh
P1,thu,174,10328.0,18600000.0,neh
P1,thu,175,10358.0,18600000.0,neh
P1,thu,176,10492.0,18800000.0,neh
P1,thu,177,10459.0,18800000.0,neh
P1,thu,178,10522.0,19000000.0,neh
P1,thu,179,10594.0,19000000.0,neh
P1,thu,180,10602.0,19200000.0,neh
P1,thu,181,10689.0,19200000.0,neh
P1,thu,182,10692.0,19200000.0,neh
P1,thu,183,10734.0,19400000.0,neh
P1,thu,184,10712.0,19400000.0,neh
P1,thu,185,10874.0,19600000.0,neh
P1,thu,186,10989.0,19800000.0,neh
P1,thu,187,11008.0,20000000.0,neh
P1,thu,188,11121.0,20200000.0,neh
P1,thu,189,11160.0,20200000.0,neh
P1,thu,190,11236.0,20400000.0,neh
P1,thu,191,11125.0,20200000.0,neh
P1,thu,192,11222.0,20400000.0,neh
P1,thu,193,11320.0,20600000.0,neh
P1,thu,194,11392.0,20600000.0,neh
P1,thu,195,11399.0,20600000.0,neh
P1,thu,196,11415.0,20800000.0,neh
P1,thu,197,11478.0,20800000.0,neh
P1,thu,198,11569.0,21000000.0,neh
P1,thu,199,11568.0,21000000.0,neh
P1,thu,200,11596.0,21000000.0,neh
P1,thu,201,11702.0,21400000.0,neh
P1,thu,202,11756.0,21400000.0,neh
P1,thu,203,11826.0,21600000.0,neh
P1,thu,204,11810.0,21600000.0,neh
P1,thu,205,11902.0,21800000.0,neh
P1,thu,206,11891.0,21600000.0,neh
P1,thu,207,12002.0,22000000.0,neh
P1,thu,208,12079.0,22000000.0,neh
P1,thu,209,12132.0,22200000.0,neh
P1,thu,210,12153.0,22200000.0,neh
P1,thu,211,12214.0,22400000.0,neh
P1,thu,212,12177.0,22200000.0,neh
P1,thu,213,12264.0,22400000.0,neh
P1,thu,214,12313.0,22600000.0,neh
P1,thu,215,12323.0,22600000.0,neh
P1,thu,216,12399.0,22600000.0,neh
P1,thu,217,12444.0,22800000.0,neh
P1,thu,218,12472.0,22800000.0,neh
P1,thu,219,12592.0,23000000.0,neh
P1,thu,220,12611.0,23200000.0,neh
P1,thu,221,12666.0,23200000.0,neh
P1,thu,222,12714.0,23400000.0,neh
P1,thu,223,12711.0,23400000.0,neh
P1,thu,224,12809.0,23600000.0,neh
P1,thu,225,12876.0,23600000.0,neh
P1,thu,226,12910.0,23800000.0,neh
P1,thu,227,13044.0,24000000.0,neh
P1,thu,228,13066.0,24000000.0,neh
P1,thu,229,13040.0,24000000.0,neh
P1,thu,230,13146.0,24200000.0,neh
P1,thu,231,13171.0,24200000.0,neh
P1,thu,232,13305.0,24600000.0,neh
P1,thu,233,13342.0,24600000.0,neh
P1,thu,234,13393.0,24600000.0,neh
P1,thu,235,13338.0,24600000.0,neh
P1,thu,236,13391.0,24600000.0,neh
P1,thu,237,13441.0,24800000.0,neh
P1,thu,238,13423.0,24800000.0,neh
P1,thu,239,13508.0,25000000.0,neh
P1,thu,240,13567.0,25000000.0,neh
P1,thu,241,13696.0,25200000.0,neh
P1,thu,242,13646.0,25200000.0,neh
P1,thu,243,13708.0,25400000.0,neh
P1,thu,244,13784.0,25400000.0,neh
P1,thu,245,13816.0,25600000.0,neh
P1,thu,246,13825.0,25600000.0,neh
P1,thu,247,13929.0,25800000.0,neh
P1,thu,248,13977.0,25800000.0,neh
P1,thu,249,14062.0,26000000.0,neh
P1,thu,250,14077.0,26000000.0,neh
P1,thu,251,14116.0,26200000.0,neh
P1,thu,252,14186.0,26200000.0,neh
P1,thu,253,14221.0,26400000.0,neh
P1,thu,254,14220.0,26400000.0,neh
P1,thu,255,14224.0,26400000.0,neh
P1,thu,256,14299.0,26400000.0,neh
P1,thu,257,14386.0,26600000.0,neh
P1,thu,258,14365.0,26600000.0,neh
P1,thu,259,14410.0,26800000.0,neh
P1,thu,260,14496.0,26800000.0,neh
P1,thu,261,14502.0,27000000.0,neh
P1,thu,262,14665.0,27200000.0,neh
P1,thu,263,14640.0,27200000.0,neh
P1,thu,264,14647.0,27200000.0,neh
P1,thu,265,14749.0,27400000.0,neh
P1,thu,266,14753.0,27400000.0,neh
P1,thu,267,14817.0,27600000.0,neh
P1,thu,268,14832.0,27600000.0,neh
P1,thu,269,14904.0,27800000.0,neh
P1,thu,270,14946.0,27800000.0,neh
P1,thu,271,15014.0,28000000.0,neh
P1,thu,272,15070.0,28000000.0,neh
P1,thu,273,15133.0,28200000.0,neh
P1,thu,274,15177.0,28200000.0,neh
P1,thu,275,15259.0,28400000.0,neh
P1,thu,276,15374.0,28600000.0,neh
P1,thu,277,15355.0,28600000.0,neh
P1,thu,278,15435.0,28800000.0,neh
P1,thu,279,15475.0,28800000.0,neh
P1,thu,280,15513.0,29000000.0,neh
P1,thu,281,15498.0,28800000.0,neh
P1,thu,282,15622.0,29200000.0,neh
P1,thu,283,15708.0,29400000.0,neh
P1,thu,284,15752.0,29400000.0,neh
P1,thu,285,15775.0,29400000.0,neh
P1,thu,286,15830.0,29600000.0,neh
P1,thu,287,15970.0,29800000.0,neh
P1,thu,288,15914.0,29800000.0,neh
P1,thu,289,15976.0,29800000.0,neh
P1,thu,290,16031.0,30000000.0,neh
P1,thu,291,16049.0,30000000.0,neh
P1,thu,292,16086.0,30000000.0,neh
P1,thu,293,16166.0,30200000.0,neh
P1,thu,294,16266.0,30400000.0,neh
P1,thu,295,16234.0,30400000.0,neh
P1,thu,296,16325.0,30600000.0,neh
P1,thu,297,16387.0,30600000.0,neh
P1,thu,298,16383.0,30600000.0,neh
P1,thu,299,16503.0,31000000.0,neh
P1,thu,300,16531.0,31000000.0,neh
P1,thu,301,16586.0,31000000.0,neh
P1,thu,302,16621.0,31200000.0,neh
P1,thu,303,16627.0,31200000.0,neh
P1,thu,304,16775.0,31400000.0,neh
P1,thu,305,16840.0,31600000.0,neh
P1,thu,306,16840.0,31600000.0,neh
P1,thu,307,16888.0,31600000.0,neh
P1,thu,308,16957.0,31800000.0,neh
P1,thu,309,16962.0,31800000.0,neh
P1,thu,310,16981.0,31800000.0,neh
P1,thu,311,17119.0,32200000.0,neh
P1,thu,312,17172.0,32200000.0,neh
P1,thu,313,17235.0,32400000.0,neh
P1,thu,314,17259.0,32400000.0,neh
P1,thu,315,17265.0,32400000.0,neh
P1,thu,316,17310.0,32600000.0,neh
P1,thu,317,17396.0,32600000.0,neh
P1,thu,318,17459.0,32800000.0,neh
P1,thu,319,17499.0,32800000.0,neh
P1,thu,320,17651.0,33200000.0,neh
P1,thu,321,17608.0,33200000.0,neh
P1,thu,322,17726.0,33400000.0,neh
P1,thu,323,17861.0,33600000.0,neh
P1,thu,324,17813.0,33600000.0,neh
P1,thu,325,17816.0,33600000.0,neh
P1,thu,326,17951.0,33800000.0,neh
P1,thu,327,17966.0,33800000.0,neh
P1,thu,328,18027.0,34000000.0,neh
P1,thu,329,18054.0,34000000.0,neh
P1,thu,330,18126.0,34200000.0,neh
P1,thu,331,18273.0,34400000.0,neh
P1,thu,332,18181.0,34200000.0,neh
P1,thu,333,18259.0,34400000.0,neh
P1,thu,334,18435.0,34800000.0,neh
P1,thu,335,18503.0,35000000.0,neh
P1,thu,336,18468.0,34800000.0,neh
P1,thu,337,18475.0,34800000.0,neh
P1,thu,338,18608.0,35200000.0,neh
P1,thu,339,18693.0,35200000.0,neh
P1,thu,340,18795.0,35400000.0,neh
P1,thu,341,18712.0,35400000.0,neh
P1,thu,342,18807.0,35600000.0,neh
P1,thu,343,18825.0,35600000.0,neh
P1,thu,344,18875.0,35600000.0,neh
P1,thu,345,18959.0,35800000.0,neh
P1,thu,346,19054.0,36000000.0,neh
P1,thu,347,19079.0,36000000.0,neh
P1,thu,348,19116.0,36200000.0,neh
P1,thu,349,19132.0,36200000.0,neh
P1,thu,350,19180.0,36200000.0,neh
P1,thu,351,19311.0,36600000.0,neh
P1,thu,352,19284.0,36400000.0,neh
P1,thu,353,19371.0,36600000.0,neh
P1,thu,354,19452.0,36800000.0,neh
P1,thu,355,19477.0,36800000.0,neh
P1,thu,356,19579.0,37000000.0,neh
P1,thu,357,19574.0,37000000.0,neh
P1,thu,358,19582.0,37000000.0,neh
P1,thu,359,19720.0,37400000.0,neh
P1,thu,360,19717.0,37400000.0,neh
P1,thu,361,19833.0,37600000.0,neh
P1,thu,362,19848.0,37600000.0,neh
P1,thu,363,19890.0,37600000.0,neh
P1,thu,364,19932.0,37800000.0,neh
P1,thu,365,19990.0,37800000.0,neh
P1,thu,366,20067.0,38000000.0,neh
P1,thu,367,20173.0,38200000.0,neh
P1,thu,368,20157.0,38200000.0,neh
P1,thu,369,20163.0,38200000.0,neh
P1,thu,370,20281.0,38400000.0,neh
P1,thu,371,20309.0,38600000.0,neh
P1,thu,372,20375.0,38600000.0,neh
P1,thu,373,20349.0,38600000.0,neh
P1,thu,374,20362.0,38600000.0,neh
P1,thu,375,20504.0,39000000.0,neh
P1,thu,376,20498.0,38800000.0,neh
P1,thu,377,20675.0,39200000.0,neh
P1,thu,378,20690.0,39200000.0,neh
P1,thu,379,20724.0,39400000.0,neh
P1,thu,380,20800.0,39600000.0,neh
P1,thu,381,20852.0,39600000.0,neh
P1,thu,382,20982.0,39800000.0,neh
P1,thu,383,20980.0,39800000.0,neh
P1,thu,384,21002.0,40000000.0,neh
P1,thu,385,21105.0,40200000.0,neh
P1,thu,386,21148.0,40200000.0,neh
P1,thu,387,21170.0,40200000.0,neh
P1,thu,388,21255.0,40400000.0,neh
P1,thu,389,21207.0,40400000.0,neh
P1,thu,390,21339.0,40600000.0,neh
P1,thu,391,21439.0,40800000.0,neh
P1,thu,392,21416.0,40800000.0,neh
P1,thu,393,21444.0,40800000.0,neh
P1,thu,394,21560.0,41000000.0,neh
P1,thu,395,21627.0,41200000.0,neh
P1,thu,396,21672.0,41200000.0,neh
P1,thu,397,21724.0,41400000.0,neh
P1,thu,398,21760.0,41400000.0,neh
P1,thu,399,21764.0,41400000.0,neh
P1,thu,400,21850.0,41600000.0,neh
P1,thu,401,21844.0,41600000.0,neh
P1,thu,402,21990.0,41800000.0,neh
P1,thu,403,21974.0,41800000.0,neh
P1,thu,404,21985.0,41800000.0,neh
P1,thu,405,22054.0,42000000.0,neh
P1,thu,406,22102.0,42200000.0,neh
P1,thu,407,22197.0,42200000.0,neh
P1,thu,408,22234.0,42400000.0,neh
P1,thu,409,22194.0,42200000.0,neh
P1,thu,410,22311.0,42600000.0,neh
P1,thu,411,22355.0,42600000.0,neh
P1,thu,412,22415.0,42800000.0,neh
P1,thu,413,22466.0,42800000.0,neh
P1,thu,414,22486.0,42800000.0,neh
P1,thu,415,22480.0,42800000.0,neh
P1,thu,416,22647.0,43200000.0,neh
P1,thu,417,22613.0,43200000.0,neh
P1,thu,418,22725.0,43400000.0,neh
P1,thu,419,22817.0,43600000.0,neh
P1,thu,420,22794.0,43400000.0,neh
P1,thu,421,22890.0,43600000.0,neh
P1,thu,422,22850.0,43600000.0,neh
P1,thu,423,22990.0,43800000.0,neh
P1,thu,424,22988.0,43800000.0,neh
P1,thu,425,23133.0,44200000.0,neh
P1,thu,426,23002.0,44000000.0,neh
P1,thu,427,23075.0,44000000.0,neh
P1,thu,428,23095.0,44000000.0,neh
P1,thu,429,23238.0,44400000.0,neh
P1,thu,430,23237.0,44400000.0,neh
P1,thu,431,23364.0,44600000.0,neh
P1,thu,432,23443.0,44800000.0,neh
P1,thu,433,23403.0,44800000.0,neh
P1,thu,434,23456.0,44800000.0,neh
P1,thu,435,23613.0,45200000.0,neh
P1,thu,436,23629.0,45200000.0,neh
P1,thu,437,23639.0,45200000.0,neh
P1,thu,438,23725.0,45400000.0,neh
P1,thu,439,23723.0,45400000.0,neh
P1,thu,440,23777.0,45400000.0,neh
P1,thu,441,23871.0,45600000.0,neh
P1,thu,442,23934.0,45800000.0,neh
P1,thu,443,23934.0,45800000.0,neh
P1,thu,444,24018.0,46000000.0,neh
P1,thu,445,24092.0,46000000.0,neh
P1,thu,446,24157.0,46200000.0,neh
P1,thu,447,24200.0,46400000.0,neh
P1,thu,448,24216.0,46400000.0,neh
P1,thu,449,24345.0,46600000.0,neh
P1,thu,450,24429.0,46800000.0,neh
P1,thu,451,24393.0,46600000.0,neh
P1,thu,452,24398.0,46600000.0,neh
P1,thu,453,24527.0,47000000.0,neh
P1,thu,454,24605.0,47200000.0,neh
P1,thu,455,24527.0,47000000.0,neh
P1,thu,456,24656.0,47200000.0,neh
P1,thu,457,24717.0,47400000.0,neh
P1,thu,458,24751.0,47400000.0,neh
P1,thu,459,24725.0,47400000.0,neh
P1,thu,460,24830.0,47600000.0,neh
P1,thu,461,24770.0,47400000.0,neh
P1,thu,462,24987.0,47800000.0,neh
P1,thu,463,25007.0,48000000.0,neh
P1,thu,464,25035.0,48000000.0,neh
P1,thu,465,25116.0,48200000.0,neh
P1,thu,466,25129.0,48200000.0,neh
P1,thu,467,25205.0,48400000.0,neh
P1,thu,468,25265.0,48400000.0,neh
P1,thu,469,25281.0,48400000.0,neh
P1,thu,470,25411.0,48800000.0,neh
P1,thu,471,25541.0,49000000.0,neh
P1,thu,472,25471.0,48800000.0,neh
P1,thu,473,25531.0,49000000.0,neh
P1,thu,474,25625.0,49200000.0,neh
P1,thu,475,25712.0,49400000.0,neh
P1,thu,476,25666.0,49200000.0,neh
P1,thu,477,25785.0,49400000.0,neh
P1,thu,478,25840.0,49600000.0,neh
P1,thu,479,25926.0,49800000.0,neh
P1,thu,480,25937.0,49800000.0,neh
P1,thu,481,25972.0,49800000.0,neh
P1,thu,482,26063.0,50000000.0,neh
P1,thu,483,26190.0,50200000.0,neh
P1,thu,484,26171.0,50200000.0,neh
P1,thu,485,26258.0,50400000.0,neh
P1,thu,486,26231.0,50400000.0,neh
P1,thu,487,26326.0,50600000.0,neh
P1,thu,488,26266.0,50400000.0,neh
P1,thu,489,26476.0,50800000.0,neh
P1,thu,490,26463.0,50800000.0,neh
P1,thu,491,26432.0,50800000.0,neh
P1,thu,492,26586.0,51000000.0,neh
P1,thu,493,26624.0,51200000.0,neh
P1,thu,494,26670.0,51200000.0,neh
P1,thu,495,26702.0,51400000.0,neh
P1,thu,496,26798.0,51400000.0,neh
P1,thu,497,26830.0,51600000.0,neh
P1,thu,498,26873.0,51600000.0,neh
P1,thu,499,26837.0,51600000.0,neh
P1,thu,500,26951.0,51800000.0,neh
P1,fri,1,1020.0,6000000.0,neh
P1,fri,2,1093.0,6000000.0,neh
P1,fri,3,1124.0,6100000.0,neh
P1,fri,4,1171.0,6100000.0,neh
P1,fri,5,1266.0,6200000.0,neh
P1,fri,6,1326.0,6300000.0,neh
P1,fri,7,1382.0,6300000.0,neh
P1,fri,8,1457.0,6400000.0,neh
P1,fri,9,1517.0,6500000.0,neh
P1,fri,10,1578.0,6500000.0,neh
P1,fri,11,1693.0,6600000.0,neh
P1,fri,12,1753.0,6700000.0,neh
P1,fri,13,1818.0,6800000.0,neh
P1,fri,14,1871.0,6800000.0,neh
P1,fri,15,1928.0,6900000.0,neh
P1,fri,16,2029.0,7000000.0,neh
P1,fri,17,2090.0,7000000.0,neh
P1,fri,18,2105.0,7100000.0,neh
P1,fri,19,2198.0,7100000.0,neh
P1,fri,20,2208.0,7200000.0,neh
P1,fri,21,2303.0,7300000.0,neh
P1,fri,22,2358.0,7300000.0,neh
P1,fri,23,2418.0,7400000.0,neh
P1,fri,24,2468.0,7400000.0,neh
P1,fri,25,2607.0,7600000.0,neh
P1,fri,26,2656.0,7600000.0,neh
P1,fri,27,2710.0,7700000.0,neh
P1,fri,28,2732.0,7700000.0,neh
P1,fri,29,2864.0,7800000.0,neh
P1,fri,30,2849.0,7800000.0,neh
P1,fri,31,2884.0,7800000.0,neh
P1,fri,32,2923.0,7900000.0,neh
P1,fri,33,2961.0,7900000.0,neh
P1,fri,34,3098.0,8000000.0,neh
P1,fri,35,3098.0,8000000.0,neh
P1,fri,36,3120.0,8100000.0,neh
P1,fri,37,3213.0,8200000.0,neh
P1,fri,38,3265.0,8200000.0,neh
P1,fri,39,3295.0,8200000.0,neh
P1,fri,40,3400.0,8400000.0,neh
P1,fri,41,3445.0,8400000.0,neh
P1,fri,42,3447.0,8400000.0,neh
P1,fri,43,3469.0,8400000.0,neh
P1,fri,44,3548.0,8500000.0,neh
P1,fri,45,3637.0,8600000.0,neh
P1,fri,46,3680.0,8600000.0,neh
P1,fri,47,3703.0,8700000.0,neh
P1,fri,48,3736.0,8700000.0,neh
P1,fri,49,3778.0,8700000.0,neh
P1,fri,50,3847.0,8800000.0,neh
P1,fri,51,3924.0,8900000.0,neh
P1,fri,52,3978.0,8900000.0,neh
P1,fri,53,4085.0,9000000.0,neh
P1,fri,54,4130.0,9100000.0,neh
P1,fri,55,4191.0,9100000.0,neh
P1,fri,56,4206.0,9200000.0,neh
P1,fri,57,4257.0,9200000.0,neh
P1,fri,58,4348.0,9300000.0,neh
P1,fri,59,4424.0,9400000.0,neh
P1,fri,60,4463.0,9400000.0,neh
P1,fri,61,4436.0,9400000.0,neh
P1,fri,62,4545.0,9500000.0,neh
P1,fri,63,4594.0,9500000.0,neh
P1,fri,64,4585.0,9500000.0,neh
P1,fri,65,4702.0,9700000.0,neh
P1,fri,66,4733.0,9700000.0,neh
P1,fri,67,4779.0,9700000.0,neh
P1,fri,68,4858.0,9800000.0,neh
P1,fri,69,4907.0,9900000.0,neh
P1,fri,70,4972.0,9900000.0,neh
P1,fri,71,4993.0,9900000.0,neh
P1,fri,72,5006.0,10000000.0,neh
P1,fri,73,5053.0,10000000.0,neh
P1,fri,74,5140.0,10100000.0,neh
P1,fri,75,5177.0,10100000.0,neh
P1,fri,76,5207.0,10200000.0,neh
P1,fri,77,5237.0,10200000.0,neh
P1,fri,78,5288.0,10200000.0,neh
P1,fri,79,5320.0,10300000.0,neh
P1,fri,80,5427.0,10400000.0,neh
P1,fri,81,5463.0,10400000.0,neh
P1,fri,82,5492.0,10400000.0,neh
P1,fri,83,5594.0,10500000.0,neh
P1,fri,84,5686.0,10600000.0,neh
P1,fri,85,5753.0,10700000.0,neh
P1,fri,86,5729.0,10700000.0,neh
P1,fri,87,5846.0,10800000.0,neh
P1,fri,88,5913.0,10900000.0,neh
P1,fri,89,5947.0,10900000.0,neh
P1,fri,90,6035.0,11000000.0,neh
P1,fri,91,6085.0,11000000.0,neh
P1,fri,92,6149.0,11100000.0,neh
P1,fri,93,6228.0,11200000.0,neh
P1,fri,94,6239.0,11200000.0,neh
P1,fri,95,6226.0,11200000.0,neh
P1,fri,96,6343.0,11300000.0,neh
P1,fri,97,6434.0,11400000.0,neh
P1,fri,98,6486.0,11400000.0,neh
P1,fri,99,6535.0,11500000.0,neh
P1,fri,100,6584.0,11500000.0,neh
P1,fri,101,6692.0,11600000.0,neh
P1,fri,102,6687.0,11600000.0,neh
P1,fri,103,6788.0,11700000.0,neh
P1,fri,104,6837.0,11800000.0,neh
P1,fri,105,6822.0,11800000.0,neh
P1,fri,106,6801.0,11800000.0,neh
P1,fri,107,6903.0,11900000.0,neh
P1,fri,108,6956.0,11900000.0,neh
P1,fri,109,7031.0,12000000.0,neh
P1,fri,110,7126.0,12200000.0,neh
P1,fri,111,7172.0,12200000.0,neh
P1,fri,112,7209.0,12400000.0,neh
P1,fri,113,7247.0,12400000.0,neh
P1,fri,114,7305.0,12600000.0,neh
P1,fri,115,7332.0,12600000.0,neh
P1,fri,116,7377.0,12600000.0,neh
P1,fri,117,7457.0,12800000.0,neh
P1,fri,118,7499.0,12800000.0,neh
P1,fri,119,7542.0,13000000.0,neh
P1,fri,120,7568.0,13000000.0,neh
P1,fri,121,7674.0,13200000.0,neh
P1,fri,122,7731.0,13400000.0,neh
P1,fri,123,7784.0,13400000.0,neh
P1,fri,124,7842.0,13600000.0,neh
P1,fri,125,7891.0,13600000.0,neh
P1,fri,126,7877.0,13600000.0,neh
P1,fri,127,7944.0,13800000.0,neh
P1,fri,128,7952.0,13800000.0,neh
P1,fri,129,7994.0,13800000.0,neh
P1,fri,130,8114.0,14200000.0,neh
P1,fri,131,8144.0,14200000.0,neh
P1,fri,132,8202.0,14400000.0,neh
P1,fri,133,8297.0,14400000.0,neh
P1,fri,134,8278.0,14400000.0,neh
P1,fri,135,8339.0,14600000.0,neh
P1,fri,136,8373.0,14600000.0,neh
P1,fri,137,8456.0,14800000.0,neh
P1,fri,138,8501.0,15000000.0,neh
P1,fri,139,8650.0,15200000.0,neh
P1,fri,140,8593.0,15000000.0,neh
P1,fri,141,8627.0,15200000.0,neh
P1,fri,142,8789.0,15400000.0,neh
P1,fri,143,8813.0,15600000.0,neh
P1,fri,144,8847.0,15600000.0,neh
P1,fri,145,8844.0,15600000.0,neh
P1,fri,146,8878.0,15600000.0,neh
P1,fri,147,8912.0,15800000.0,neh
P1,fri,148,8987.0,15800000.0,neh
P1,fri,149,9015.0,16000000.0,neh
P1,fri,150,9051.0,16000000.0,neh
P1,fri,151,9107.0,16200000.0,neh
P1,fri,152,9170.0,16200000.0,neh
P1,fri,153,9185.0,16200000.0,neh
P1,fri,154,9341.0,16600000.0,neh
P1,fri,155,9245.0,16400000.0,neh
P1,fri,156,9274.0,16400000.0,neh
P1,fri,157,9358.0,16600000.0,neh
P1,fri,158,9413.0,16800000.0,neh
P1,fri,159,9509.0,17000000.0,neh
P1,fri,160,9551.0,17000000.0,neh
P1,fri,161,9595.0,17000000.0,neh
P1,fri,162,9636.0,17200000.0,neh
P1,fri,163,9711.0,17400000.0,neh
P1,fri,164,9802.0,17600000.0,neh
P1,fri,165,9893.0,17600000.0,neh
P1,fri,166,9944.0,17800000.0,neh
P1,fri,167,10009.0,18000000.0,neh
P1,fri,168,10082.0,18000000.0,neh
P1,fri,169,10085.0,18000000.0,neh
P1,fri,170,10139.0,18200000.0,neh
P1,fri,171,10161.0,18200000.0,neh
P1,fri,172,10297.0,18400000.0,neh
P1,fri,173,10294.0,18400000.0,neh
P1,fri,174,10333.0,18600000.0,neh
P1,fri,175,10345.0,18600000.0,neh
P1,fri,176,10404.0,18800000.0,neh
P1,fri,177,10534.0,19000000.0,neh
P1,fri,178,10593.0,19000000.0,neh
P1,fri,179,10591.0,19000000.0,neh
P1,fri,180,10729.0,19400000.0,neh
P1,fri,181,10731.0,19400000.0,neh
P1,fri,182,10777.0,19400000.0,neh
P1,fri,183,10848.0,19600000.0,neh
P1,fri,184,10926.0,19800000.0,neh
P1,fri,185,10986.0,19800000.0,neh
P1,fri,186,11026.0,20000000.0,neh
P1,fri,187,11028.0,20000000.0,neh
P1,fri,188,11045.0,20000000.0,neh
P1,fri,189,11063.0,20000000.0,neh
P1,fri,190,11269.0,20400000.0,neh
P1,fri,191,11234.0,20400000.0,neh
P1,fri,192,11346.0,20600000.0,neh
P1,fri,193,11383.0,20600000.0,neh
P1,fri,194,11445.0,20800000.0,neh
P1,fri,195,11411.0,20800000.0,neh
P1,fri,196,11451.0,20800000.0,neh
P1,fri,197,11533.0,21000000.0,neh
P1,fri,198,11603.0,21200000.0,neh
P1,fri,199,11661.0,21200000.0,neh
P1,fri,200,11599.0,21000000.0,neh
P1,fri,201,11725.0,21400000.0,neh
P1,fri,202,11803.0,21600000.0,neh
P1,fri,203,11799.0,21400000.0,neh
P1,fri,204,11805.0,21600000.0,neh
P1,fri,205,11879.0,21600000.0,neh
P1,fri,206,11905.0,21800000.0,neh
P1,fri,207,11971.0,21800000.0,neh
P1,fri,208,12005.0,22000000.0,neh
P1,fri,209,12061.0,22000000.0,neh
P1,fri,210,12074.0,22000000.0,neh
P1,fri,211,12186.0,22200000.0,neh
P1,fri,212,12255.0,22400000.0,neh
P1,fri,213,12312.0,22600000.0,neh
P1,fri,214,12408.0,22800000.0,neh
P1,fri,215,12417.0,22800000.0,neh
P1,fri,216,12592.0,23000000.0,neh
P1,fri,217,12587.0,23000000.0,neh
P1,fri,218,12624.0,23200000.0,neh
P1,fri,219,12718.0,23400000.0,neh
P1,fri,220,12774.0,23400000.0,neh
P1,fri,221,12880.0,23600000.0,neh
P1,fri,222,12868.0,23600000.0,neh
P1,fri,223,12917.0,23800000.0,neh
P1,fri,224,13024.0,24000000.0,neh
P1,fri,225,13070.0,24000000.0,neh
P1,fri,226,13195.0,24200000.0,neh
P1,fri,227,13157.0,24200000.0,neh
P1,fri,228,13296.0,24400000.0,neh
P1,fri,229,13302.0,24600000.0,neh
P1,fri,230,13400.0,24800000.0,neh
P1,fri,231,13423.0,24800000.0,neh
P1,fri,232,13502.0,25000000.0,neh
P1,fri,233,13548.0,25000000.0,neh
P1,fri,234,13584.0,25000000.0,neh
P1,fri,235,13604.0,25200000.0,neh
P1,fri,236,13685.0,25200000.0,neh
P1,fri,237,13752.0,25400000.0,neh
P1,fri,238,13822.0,25600000.0,neh
P1,fri,239,13916.0,25800000.0,neh
P1,fri,240,13942.0,25800000.0,neh
P1,fri,241,13965.0,25800000.0,neh
P1,fri,242,14075.0,26000000.0,neh
P1,fri,243,14160.0,26200000.0,neh
P1,fri,244,14128.0,26200000.0,neh
P1,fri,245,14192.0,26200000.0,neh
P1,fri,246,14207.0,26400000.0,neh
P1,fri,247,14201.0,26400000.0,neh
P1,fri,248,14329.0,26600000.0,neh
P1,fri,249,14426.0,26800000.0,neh
P1,fri,250,14459.0,26800000.0,neh
P1,fri,251,14546.0,27000000.0,neh
P1,fri,252,14567.0,27000000.0,neh
P1,fri,253,14588.0,27000000.0,neh
P1,fri,254,14661.0,27200000.0,neh
P1,fri,255,14674.0,27200000.0,neh
P1,fri,256,14816.0,27600000.0,neh
P1,fri,257,14825.0,27600000.0,neh
P1,fri,258,14789.0,27400000.0,neh
P1,fri,259,14833.0,27600000.0,neh
P1,fri,260,14917.0,27800000.0,neh
P1,fri,261,15017.0,28000000.0,neh
P1,fri,262,15029.0,28000000.0,neh
P1,fri,263,15053.0,28000000.0,neh
P1,fri,264,15160.0,28200000.0,neh
P1,fri,265,15122.0,28200000.0,neh
P1,fri,266,15183.0,28200000.0,neh
P1,fri,267,15211.0,28400000.0,neh
P1,fri,268,15389.0,28600000.0,neh
P1,fri,269,15413.0,28800000.0,neh
P1,fri,270,15524.0,29000000.0,neh
P1,fri,271,15534.0,29000000.0,neh
P1,fri,272,15704.0,29400000.0,neh
P1,fri,273,15680.0,29200000.0,neh
P1,fri,274,15737.0,29400000.0,neh
P1,fri,275,15729.0,29400000.0,neh
P1,fri,276,15847.0,29600000.0,neh
P1,fri,277,15959.0,29800000.0,neh
P1,fri,278,15909.0,29800000.0,neh
P1,fri,279,15994.0,29800000.0,neh
P1,fri,280,16090.0,30000000.0,neh
P1,fri,281,16195.0,30200000.0,neh
P1,fri,282,16265.0,30400000.0,neh
P1,fri,283,16259.0,30400000.0,neh
P1,fri,284,16293.0,30400000.0,neh
P1,fri,285,16391.0,30600000.0,neh
P1,fri,286,16430.0,30800000.0,neh
P1,fri,287,16513.0,31000000.0,neh
P1,fri,288,16555.0,31000000.0,neh
P1,fri,289,16574.0,31000000.0,neh
P1,fri,290,16580.0,31000000.0,neh
P1,fri,291,16695.0,31200000.0,neh
P1,fri,292,16777.0,31400000.0,neh
P1,fri,293,16807.0,31600000.0,neh
P1,fri,294,16902.0,31800000.0,neh
P1,fri,295,16895.0,31600000.0,neh
P1,fri,296,16965.0,31800000.0,neh
P1,fri,297,17027.0,32000000.0,neh
P1,fri,298,17160.0,32200000.0,neh
P1,fri,299,17231.0,32400000.0,neh
P1,fri,300,17209.0,32400000.0,neh
P1,fri,301,17295.0,32400000.0,neh
P1,fri,302,17307.0,32600000.0,neh
P1,fri,303,17298.0,32400000.0,neh
P1,fri,304,17312.0,32600000.0,neh
P1,fri,305,17421.0,32800000.0,neh
P1,fri,306,17454.0,32800000.0,neh
P1,fri,307,17499.0,32800000.0,neh
P1,fri,308,17586.0,33000000.0,neh
P1,fri,309,17654.0,33200000.0,neh
P1,fri,310,17650.0,33200000.0,neh
P1,fri,311,17780.0,33400000.0,neh
P1,fri,312,17752.0,33400000.0,neh
P1,fri,313,17825.0,33600000.0,neh
P1,fri,314,17854.0,33600000.0,neh
P1,fri,315,17879.0,33600000.0,neh
P1,fri,316,17996.0,33800000.0,neh
P1,fri,317,17991.0,33800000.0,neh
P1,fri,318,18008.0,34000000.0,neh
P1,fri,319,18040.0,34000000.0,neh
P1,fri,320,18206.0,34400000.0,neh
P1,fri,321,18175.0,34200000.0,neh
P1,fri,322,18207.0,34400000.0,neh
P1,fri,323,18290.0,34400000.0,neh
P1,fri,324,18299.0,34400000.0,neh
P1,fri,325,18438.0,34800000.0,neh
P1,fri,326,18534.0,35000000.0,neh
P1,fri,327,18585.0,35000000.0,neh
P1,fri,328,18659.0,35200000.0,neh
P1,fri,329,18702.0,35400000.0,neh
P1,fri,330,18716.0,35400000.0,neh
P1,fri,331,18746.0,35400000.0,neh
P1,fri,332,18767.0,35400000.0,neh
P1,fri,333,18837.0,35600000.0,neh
P1,fri,334,18854.0,35600000.0,neh
P1,fri,335,19024.0,36000000.0,neh
P1,fri,336,19027.0,36000000.0,neh
P1,fri,337,19072.0,36000000.0,neh
P1,fri,338,19187.0,36200000.0,neh
P1,fri,339,19156.0,36200000.0,neh
P1,fri,340,19226.0,36400000.0,neh
P1,fri,341,19265.0,36400000.0,neh
P1,fri,342,19410.0,36800000.0,neh
P1,fri,343,19390.0,36600000.0,neh
P1,fri,344,19489.0,36800000.0,neh
P1,fri,345,19463.0,36800000.0,neh
P1,fri,346,19588.0,37000000.0,neh
P1,fri,347,19624.0,37200000.0,neh
P1,fri,348,19702.0,37400000.0,neh
P1,fri,349,19728.0,37400000.0,neh
P1,fri,350,19796.0,37400000.0,neh
P1,fri,351,19887.0,37600000.0,neh
P1,fri,352,19900.0,37800000.0,neh
P1,fri,353,19923.0,37800000.0,neh
P1,fri,354,19939.0,37800000.0,neh
P1,fri,355,19971.0,37800000.0,neh
P1,fri,356,20029.0,38000000.0,neh
P1,fri,357,20048.0,38000000.0,neh
P1,fri,358,20135.0,38200000.0,neh
P1,fri,359,20145.0,38200000.0,neh
P1,fri,360,20127.0,38200000.0,neh
P1,fri,361,20158.0,38200000.0,neh
P1,fri,362,20184.0,38200000.0,neh
P1,fri,363,20327.0,38600000.0,neh
P1,fri,364,20361.0,38600000.0,neh
P1,fri,365,20378.0,38600000.0,neh
P1,fri,366,20390.0,38600000.0,neh
P1,fri,367,20464.0,38800000.0,neh
P1,fri,368,20462.0,38800000.0,neh
P1,fri,369,20538.0,39000000.0,neh
P1,fri,370,20609.0,39200000.0,neh
P1,fri,371,20697.0,39200000.0,neh
P1,fri,372,20731.0,39400000.0,neh
P1,fri,373,20749.0,39400000.0,neh
P1,fri,374,20758.0,39400000.0,neh
P1,fri,375,20887.0,39600000.0,neh
P1,fri,376,20964.0,39800000.0,neh
P1,fri,377,21025.0,40000000.0,neh
P1,fri,378,21064.0,40000000.0,neh
P1,fri,379,21149.0,40200000.0,neh
P1,fri,380,21182.0,40200000.0,neh
P1,fri,381,21238.0,40400000.0,neh
P1,fri,382,21246.0,40400000.0,neh
P1,fri,383,21304.0,40600000.0,neh
P1,fri,384,21355.0,40600000.0,neh
P1,fri,385,21435.0,40800000.0,neh
P1,fri,386,21418.0,40800000.0,neh
P1,fri,387,21529.0,41000000.0,neh
P1,fri,388,21570.0,41000000.0,neh
P1,fri,389,21589.0,41000000.0,neh
P1,fri,390,21601.0,41200000.0,neh
P1,fri,391,21709.0,41400000.0,neh
P1,fri,392,21773.0,41400000.0,neh
P1,fri,393,21863.0,41600000.0,neh
P1,fri,394,21841.0,41600000.0,neh
P1,fri,395,21931.0,41800000.0,neh
P1,fri,396,21948.0,41800000.0,neh
P1,fri,397,22017.0,42000000.0,neh
P1,fri,398,22038.0,42000000.0,neh
P1,fri,399,22060.0,42000000.0,neh
P1,fri,400,22085.0,42000000.0,neh
P1,fri,401,22202.0,42400000.0,neh
P1,fri,402,22263.0,42400000.0,neh
P1,fri,403,22312.0,42600000.0,neh
P1,fri,404,22391.0,42600000.0,neh
P1,fri,405,22339.0,42600000.0,neh
P1,fri,406,22500.0,43000000.0,neh
P1,fri,407,22527.0,43000000.0,neh
P1,fri,408,22586.0,43000000.0,neh
P1,fri,409,22666.0,43200000.0,neh
P1,fri,410,22699.0,43200000.0,neh
P1,fri,411,22772.0,43400000.0,neh
P1,fri,412,22797.0,43400000.0,neh
P1,fri,413,22807.0,43600000.0,neh
P1,fri,414,22890.0,43600000.0,neh
P1,fri,415,22975.0,43800000.0,neh
P1,fri,416,22974.0,43800000.0,neh
P1,fri,417,23075.0,44000000.0,neh
P1,fri,418,23154.0,44200000.0,neh
P1,fri,419,23221.0,44400000.0,neh
P1,fri,420,23216.0,44400000.0,neh
P1,fri,421,23282.0,44400000.0,neh
P1,fri,422,23331.0,44600000.0,neh
P1,fri,423,23411.0,44800000.0,neh
P1,fri,424,23478.0,44800000.0,neh
P1,fri,425,23504.0,45000000.0,neh
P1,fri,426,23517.0,45000000.0,neh
P1,fri,427,23642.0,45200000.0,neh
P1,fri,428,23604.0,45200000.0,neh
P1,fri,429,23707.0,45400000.0,neh
P1,fri,430,23722.0,45400000.0,neh
P1,fri,431,23818.0,45600000.0,neh
P1,fri,432,23888.0,45600000.0,neh
P1,fri,433,23925.0,45800000.0,neh
P1,fri,434,23919.0,45800000.0,neh
P1,fri,435,24018.0,46000000.0,neh
P1,fri,436,24062.0,46000000.0,neh
P1,fri,437,24161.0,46200000.0,neh
P1,fri,438,24247.0,46400000.0,neh
P1,fri,439,24347.0,46600000.0,neh
P1,fri,440,24405.0,46800000.0,neh
P1,fri,441,24352.0,46600000.0,neh
P1,fri,442,24312.0,46600000.0,neh
P1,fri,443,24535.0,47000000.0,neh
P1,fri,444,24558.0,47000000.0,neh
P1,fri,445,24602.0,47200000.0,neh
P1,fri,446,24684.0,47200000.0,neh
P1,fri,447,24706.0,47400000.0,neh
P1,fri,448,24735.0,47400000.0,neh
P1,fri,449,24842.0,47600000.0,neh
P1,fri,450,24913.0,47800000.0,neh
P1,fri,451,24972.0,47800000.0,neh
P1,fri,452,24866.0,47600000.0,neh
P1,fri,453,25011.0,48000000.0,neh
P1,fri,454,25159.0,48200000.0,neh
P1,fri,455,25067.0,48000000.0,neh
P1,fri,456,25152.0,48200000.0,neh
P1,fri,457,25199.0,48200000.0,neh
P1,fri,458,25274.0,48400000.0,neh
P1,fri,459,25305.0,48600000.0,neh
P1,fri,460,25385.0,48600000.0,neh
P1,fri,461,25461.0,48800000.0,neh
P1,fri,462,25550.0,49000000.0,neh
P1,fri,463,25514.0,49000000.0,neh
P1,fri,464,25646.0,49200000.0,neh
P1,fri,465,25653.0,49200000.0,neh
P1,fri,466,25740.0,49400000.0,neh
P1,fri,467,25811.0,49600000.0,neh
P1,fri,468,25824.0,49600000.0,neh
P1,fri,469,25874.0,49600000.0,neh
P1,fri,470,25904.0,49800000.0,neh
P1,fri,471,26048.0,50000000.0,neh
P1,fri,472,26162.0,50200000.0,neh
P1,fri,473,26175.0,50200000.0,neh
P1,fri,474,26179.0,50200000.0,neh
P1,fri,475,26206.0,50400000.0,neh
P1,fri,476,26335.0,50600000.0,neh
P1,fri,477,26345.0,50600000.0,neh
P1,fri,478,26388.0,50600000.0,neh
P1,fri,479,26390.0,50600000.0,neh
P1,fri,480,26489.0,50800000.0,neh
P1,fri,481,26550.0,51000000.0,neh
P1,fri,482,26625.0,51200000.0,neh
P1,fri,483,26688.0,51200000.0,neh
P1,fri,484,26717.0,51400000.0,neh
P1,fri,485,26749.0,51400000.0,neh
P1,fri,486,26812.0,51600000.0,neh
P1,fri,487,26802.0,51600000.0,neh
P1,fri,488,26875.0,51600000.0,neh
P1,fri,489,26887.0,51600000.0,neh
P1,fri,490,26884.0,51600000.0,neh
P1,fri,491,26976.0,51800000.0,neh
P1,fri,492,26982.0,51800000.0,neh
P1,fri,493,27067.0,52000000.0,neh
P1,fri,494,27165.0,52200000.0,neh
P1,fri,495,27181.0,52200000.0,neh
P1,fri,496,27283.0,52400000.0,neh
P1,fri,497,27362.0,52600000.0,neh
P1,fri,498,27399.0,52600000.0,neh
P1,fri,499,27439.0,52800000.0,neh
P1,fri,500,27426.0,52800000.0,neh
P1,sat,1,866.0,5800000.0,neh
P1,sat,2,1278.0,6200000.0,neh
P1,sat,3,1334.0,6300000.0,neh
P1,sat,4,1379.0,6300000.0,neh
P1,sat,5,1452.0,6400000.0,neh
P1,sat,6,1524.0,6500000.0,neh
P1,sat,7,1580.0,6500000.0,neh
P1,sat,8,1583.0,6500000.0,neh
P1,sat,9,1677.0,6600000.0,neh
P1,sat,10,1738.0,6700000.0,neh
P1,sat,11,1849.0,6800000.0,neh
P1,sat,12,1882.0,6800000.0,neh
P1,sat,13,1936.0,6900000.0,neh
P1,sat,14,1962.0,6900000.0,neh
P1,sat,15,2049.0,7000000.0,neh
P1,sat,16,2067.0,7000000.0,neh
P1,sat,17,2132.0,7100000.0,neh
P1,sat,18,2201.0,7200000.0,neh
P1,sat,19,2242.0,7200000.0,neh
P1,sat,20,2332.0,7300000.0,neh
P1,sat,21,2388.0,7300000.0,neh
P1,sat,22,2419.0,7400000.0,neh
P1,sat,23,2482.0,7400000.0,neh
P1,sat,24,2503.0,7500000.0,neh
P1,sat,25,2579.0,7500000.0,neh
P1,sat,26,2590.0,7500000.0,neh
P1,sat,27,2654.0,7600000.0,neh
P1,sat,28,2700.0,7700000.0,neh
P1,sat,29,2749.0,7700000.0,neh
P1,sat,30,2778.0,7700000.0,neh
P1,sat,31,2835.0,7800000.0,neh
P1,sat,32,2912.0,7900000.0,neh
P1,sat,33,2947.0,7900000.0,neh
P1,sat,34,3035.0,8000000.0,neh
P1,sat,35,3066.0,8000000.0,neh
P1,sat,36,3106.0,8100000.0,neh
P1,sat,37,3208.0,8200000.0,neh
P1,sat,38,3258.0,8200000.0,neh
P1,sat,39,3294.0,8200000.0,neh
P1,sat,40,3334.0,8300000.0,neh
P1,sat,41,3376.0,8300000.0,neh
P1,sat,42,3450.0,8400000.0,neh
P1,sat,43,3534.0,8500000.0,neh
P1,sat,44,3601.0,8600000.0,neh
P1,sat,45,3617.0,8600000.0,neh
P1,sat,46,3640.0,8600000.0,neh
P1,sat,47,3695.0,8600000.0,neh
P1,sat,48,3785.0,8700000.0,neh
P1,sat,49,3821.0,8800000.0,neh
P1,sat,50,3846.0,8800000.0,neh
P1,sat,51,3956.0,8900000.0,neh
P1,sat,52,3948.0,8900000.0,neh
P1,sat,53,4020.0,9000000.0,neh
P1,sat,54,4087.0,9000000.0,neh
P1,sat,55,4119.0,9100000.0,neh
P1,sat,56,4210.0,9200000.0,neh
P1,sat,57,4243.0,9200000.0,neh
P1,sat,58,4272.0,9200000.0,neh
P1,sat,59,4303.0,9300000.0,neh
P1,sat,60,4405.0,9400000.0,neh
P1,sat,61,4421.0,9400000.0,neh
P1,sat,62,4409.0,9400000.0,neh
P1,sat,63,4577.0,9500000.0,neh
P1,sat,64,4635.0,9600000.0,neh
P1,sat,65,4670.0,9600000.0,neh
P1,sat,66,4779.0,9700000.0,neh
P1,sat,67,4823.0,9800000.0,neh
P1,sat,68,4867.0,9800000.0,neh
P1,sat,69,4868.0,9800000.0,neh
P1,sat,70,4878.0,9800000.0,neh
P1,sat,71,4966.0,9900000.0,neh
P1,sat,72,5016.0,10000000.0,neh
P1,sat,73,5052.0,10000000.0,neh
P1,sat,74,5180.0,10100000.0,neh
P1,sat,75,5231.0,10200000.0,neh
P1,sat,76,5248.0,10200000.0,neh
P1,sat,77,5315.0,10300000.0,neh
P1,sat,78,5367.0,10300000.0,neh
P1,sat,79,5392.0,10300000.0,neh
P1,sat,80,5416.0,10400000.0,neh
P1,sat,81,5537.0,10500000.0,neh
P1,sat,82,5552.0,10500000.0,neh
P1,sat,83,5613.0,10600000.0,neh
P1,sat,84,5642.0,10600000.0,neh
P1,sat,85,5672.0,10600000.0,neh
P1,sat,86,5806.0,10800000.0,neh
P1,sat,87,5841.0,10800000.0,neh
P1,sat,88,5860.0,10800000.0,neh
P1,sat,89,5999.0,10900000.0,neh
P1,sat,90,6043.0,11000000.0,neh
P1,sat,91,6122.0,11100000.0,neh
P1,sat,92,6118.0,11100000.0,neh
P1,sat,93,6147.0,11100000.0,neh
P1,sat,94,6357.0,11300000.0,neh
P1,sat,95,6377.0,11300000.0,neh
P1,sat,96,6385.0,11300000.0,neh
P1,sat,97,6385.0,11300000.0,neh
P1,sat,98,6479.0,11400000.0,neh
P1,sat,99,6514.0,11500000.0,neh
P1,sat,100,6538.0,11500000.0,neh
P1,sat,101,6608.0,11600000.0,neh
P1,sat,102,6556.0,11500000.0,neh
P1,sat,103,6712.0,11700000.0,neh
P1,sat,104,6754.0,11700000.0,neh
P1,sat,105,6761.0,11700000.0,neh
P1,sat,106,6850.0,11800000.0,neh
P1,sat,107,6906.0,11900000.0,neh
P1,sat,108,6901.0,11900000.0,neh
P1,sat,109,7004.0,12000000.0,neh
P1,sat,110,7039.0,12000000.0,neh
P1,sat,111,7134.0,12200000.0,neh
P1,sat,112,7175.0,12200000.0,neh
P1,sat,113,7198.0,12200000.0,neh
P1,sat,114,7287.0,12400000.0,neh
P1,sat,115,7388.0,12600000.0,neh
P1,sat,116,7420.0,12800000.0,neh
P1,sat,117,7468.0,12800000.0,neh
P1,sat,118,7508.0,13000000.0,neh
P1,sat,119,7619.0,13200000.0,neh
P1,sat,120,7719.0,13400000.0,neh
P1,sat,121,7744.0,13400000.0,neh
P1,sat,122,7718.0,13400000.0,neh
P1,sat,123,7821.0,13600000.0,neh
P1,sat,124,7889.0,13600000.0,neh
P1,sat,125,7906.0,13800000.0,neh
P1,sat,126,7992.0,13800000.0,neh
P1,sat,127,8017.0,14000000.0,neh
P1,sat,128,8079.0,14000000.0,neh
P1,sat,129,8125.0,14200000.0,neh
P1,sat,130,8148.0,14200000.0,neh
P1,sat,131,8109.0,14200000.0,neh
P1,sat,132,8151.0,14200000.0,neh
P1,sat,133,8219.0,14400000.0,neh
P1,sat,134,8253.0,14400000.0,neh
P1,sat,135,8319.0,14600000.0,neh
P1,sat,136,8427.0,14800000.0,neh
P1,sat,137,8390.0,14600000.0,neh
P1,sat,138,8516.0,15000000.0,neh
P1,sat,139,8595.0,15000000.0,neh
P1,sat,140,8648.0,15200000.0,neh
P1,sat,141,8695.0,15200000.0,neh
P1,sat,142,8728.0,15400000.0,neh
P1,sat,143,8773.0,15400000.0,neh
P1,sat,144,8800.0,15600000.0,neh
P1,sat,145,8874.0,15600000.0,neh
P1,sat,146,8933.0,15800000.0,neh
P1,sat,147,8996.0,15800000.0,neh
P1,sat,148,9025.0,16000000.0,neh
P1,sat,149,9048.0,16000000.0,neh
P1,sat,150,9095.0,16000000.0,neh
P1,sat,151,9210.0,16400000.0,neh
P1,sat,152,9272.0,16400000.0,neh
P1,sat,153,9264.0,16400000.0,neh
P1,sat,154,9317.0,16600000.0,neh
P1,sat,155,9459.0,16800000.0,neh
P1,sat,156,9448.0,16800000.0,neh
P1,sat,157,9496.0,16800000.0,neh
P1,sat,158,9510.0,17000000.0,neh
P1,sat,159,9542.0,17000000.0,neh
P1,sat,160,9569.0,17000000.0,neh
P1,sat,161,9642.0,17200000.0,neh
P1,sat,162,9785.0,17400000.0,neh
P1,sat,163,9801.0,17600000.0,neh
P1,sat,164,9884.0,17600000.0,neh
P1,sat,165,9915.0,17800000.0,neh
P1,sat,166,9904.0,17800000.0,neh
P1,sat,167,9964.0,17800000.0,neh
P1,sat,168,10077.0,18000000.0,neh
P1,sat,169,10068.0,18000000.0,neh
P1,sat,170,10124.0,18200000.0,neh
P1,sat,171,10244.0,18400000.0,neh
P1,sat,172,10254.0,18400000.0,neh
P1,sat,173,10279.0,18400000.0,neh
P1,sat,174,10339.0,18600000.0,neh
P1,sat,175,10366.0,18600000.0,neh
P1,sat,176,10492.0,18800000.0,neh
P1,sat,177,10484.0,18800000.0,neh
P1,sat,178,10559.0,19000000.0,neh
P1,sat,179,10621.0,19200000.0,neh
P1,sat,180,10661.0,19200000.0,neh
P1,sat,181,10686.0,19200000.0,neh
P1,sat,182,10695.0,19200000.0,neh
P1,sat,183,10777.0,19400000.0,neh
P1,sat,184,10855.0,19600000.0,neh
P1,sat,185,10872.0,19600000.0,neh
P1,sat,186,10948.0,19800000.0,neh
P1,sat,187,10918.0,19800000.0,neh
P1,sat,188,11024.0,20000000.0,neh
P1,sat,189,11084.0,20000000.0,neh
P1,sat,190,11133.0,20200000.0,neh
P1,sat,191,11185.0,20200000.0,neh
P1,sat,192,11251.0,20400000.0,neh
P1,sat,193,11265.0,20400000.0,neh
P1,sat,194,11321.0,20600000.0,neh
P1,sat,195,11416.0,20800000.0,neh
P1,sat,196,11510.0,21000000.0,neh
P1,sat,197,11551.0,21000000.0,neh
P1,sat,198,11549.0,21000000.0,neh
P1,sat,199,11610.0,21200000.0,neh
P1,sat,200,11589.0,21000000.0,neh
P1,sat,201,11753.0,21400000.0,neh
P1,sat,202,11717.0,21400000.0,neh
P1,sat,203,11738.0,21400000.0,neh
P1,sat,204,11846.0,21600000.0,neh
P1,sat,205,11909.0,21800000.0,neh
P1,sat,206,11977.0,21800000.0,neh
P1,sat,207,12017.0,22000000.0,neh
P1,sat,208,12069.0,22000000.0,neh
P1,sat,209,12160.0,22200000.0,neh
P1,sat,210,12192.0,22200000.0,neh
P1,sat,211,12254.0,22400000.0,neh
P1,sat,212,12309.0,22600000.0,neh
P1,sat,213,12308.0,22600000.0,neh
P1,sat,214,12349.0,22600000.0,neh
P1,sat,215,12420.0,22800000.0,neh
P1,sat,216,12544.0,23000000.0,neh
P1,sat,217,12532.0,23000000.0,neh
P1,sat,218,12598.0,23000000.0,neh
P1,sat,219,12596.0,23000000.0,neh
P1,sat,220,12703.0,23400000.0,neh
P1,sat,221,12839.0,23600000.0,neh
P1,sat,222,12840.0,23600000.0,neh
P1,sat,223,12945.0,23800000.0,neh
P1,sat,224,12969.0,23800000.0,neh
P1,sat,225,13117.0,24200000.0,neh
P1,sat,226,12987.0,23800000.0,neh
P1,sat,227,13101.0,24200000.0,neh
P1,sat,228,13077.0,24000000.0,neh
P1,sat,229,13151.0,24200000.0,neh
P1,sat,230,13231.0,24400000.0,neh
P1,sat,231,13309.0,24600000.0,neh
P1,sat,232,13353.0,24600000.0,neh
P1,sat,233,13369.0,24600000.0,neh
P1,sat,234,13401.0,24800000.0,neh
P1,sat,235,13533.0,25000000.0,neh
P1,sat,236,13525.0,25000000.0,neh
P1,sat,237,13631.0,25200000.0,neh
P1,sat,238,13650.0,25200000.0,neh
P1,sat,239,13683.0,25200000.0,neh
P1,sat,240,13711.0,25400000.0,neh
P1,sat,241,13746.0,25400000.0,neh
P1,sat,242,13825.0,25600000.0,neh
P1,sat,243,13821.0,25600000.0,neh
P1,sat,244,13898.0,25600000.0,neh
P1,sat,245,13995.0,25800000.0,neh
P1,sat,246,14076.0,26000000.0,neh
P1,sat,247,14131.0,26200000.0,neh
P1,sat,248,14193.0,26200000.0,neh
P1,sat,249,14246.0,26400000.0,neh
P1,sat,250,14283.0,26400000.0,neh
P1,sat,251,14278.0,26400000.0,neh
P1,sat,252,14407.0,26800000.0,neh
P1,sat,253,14467.0,26800000.0,neh
P1,sat,254,14507.0,27000000.0,neh
P1,sat,255,14576.0,27000000.0,neh
P1,sat,256,14661.0,27200000.0,neh
P1,sat,257,14685.0,27200000.0,neh
P1,sat,258,14707.0,27400000.0,neh
P1,sat,259,14763.0,27400000.0,neh
P1,sat,260,14791.0,27400000.0,neh
P1,sat,261,14797.0,27400000.0,neh
P1,sat,262,14912.0,27800000.0,neh
P1,sat,263,14972.0,27800000.0,neh
P1,sat,264,14967.0,27800000.0,neh
P1,sat,265,14960.0,27800000.0,neh
P1,sat,266,15130.0,28200000.0,neh
P1,sat,267,15163.0,28200000.0,neh
P1,sat,268,15241.0,28400000.0,neh
P1,sat,269,15295.0,28400000.0,neh
P1,sat,270,15301.0,28600000.0,neh
P1,sat,271,15304.0,28600000.0,neh
P1,sat,272,15385.0,28600000.0,neh
P1,sat,273,15556.0,29000000.0,neh
P1,sat,274,15540.0,29000000.0,neh
P1,sat,275,15539.0,29000000.0,neh
P1,sat,276,15607.0,29200000.0,neh
P1,sat,277,15711.0,29400000.0,neh
P1,sat,278,15748.0,29400000.0,neh
P1,sat,279,15737.0,29400000.0,neh
P1,sat,280,15815.0,29600000.0,neh
P1,sat,281,15882.0,29600000.0,neh
P1,sat,282,15922.0,29800000.0,neh
P1,sat,283,16008.0,30000000.0,neh
P1,sat,284,16073.0,30000000.0,neh
P1,sat,285,16151.0,30200000.0,neh
P1,sat,286,16130.0,30200000.0,neh
P1,sat,287,16240.0,30400000.0,neh
P1,sat,288,16288.0,30400000.0,neh
P1,sat,289,16274.0,30400000.0,neh
P1,sat,290,16332.0,30600000.0,neh
P1,sat,291,16438.0,30800000.0,neh
P1,sat,292,16413.0,30800000.0,neh
P1,sat,293,16401.0,30800000.0,neh
P1,sat,294,16495.0,30800000.0,neh
P1,sat,295,16460.0,30800000.0,neh
P1,sat,296,16608.0,31200000.0,neh
P1,sat,297,16689.0,31200000.0,neh
P1,sat,298,16692.0,31200000.0,neh
P1,sat,299,16770.0,31400000.0,neh
P1,sat,300,16772.0,31400000.0,neh
P1,sat,301,16836.0,31600000.0,neh
P1,sat,302,16891.0,31600000.0,neh
P1,sat,303,16939.0,31800000.0,neh
P1,sat,304,17004.0,32000000.0,neh
P1,sat,305,17118.0,32200000.0,neh
P1,sat,306,17113.0,32200000.0,neh
P1,sat,307,17199.0,32200000.0,neh
P1,sat,308,17273.0,32400000.0,neh
P1,sat,309,17262.0,32400000.0,neh
P1,sat,310,17299.0,32400000.0,neh
P1,sat,311,17357.0,32600000.0,neh
P1,sat,312,17424.0,32800000.0,neh
P1,sat,313,17463.0,32800000.0,neh
P1,sat,314,17467.0,32800000.0,neh
P1,sat,315,17618.0,33200000.0,neh
P1,sat,316,17649.0,33200000.0,neh
P1,sat,317,17685.0,33200000.0,neh
P1,sat,318,17636.0,33200000.0,neh
P1,sat,319,17736.0,33400000.0,neh
P1,sat,320,17814.0,33600000.0,neh
P1,sat,321,17812.0,33600000.0,neh
P1,sat,322,17874.0,33600000.0,neh
P1,sat,323,17886.0,33600000.0,neh
P1,sat,324,17978.0,33800000.0,neh
P1,sat,325,18106.0,34200000.0,neh
P1,sat,326,18108.0,34200000.0,neh
P1,sat,327,18132.0,34200000.0,neh
P1,sat,328,18189.0,34200000.0,neh
P1,sat,329,18259.0,34400000.0,neh
P1,sat,330,18297.0,34400000.0,neh
P1,sat,331,18273.0,34400000.0,neh
P1,sat,332,18340.0,34600000.0,neh
P1,sat,333,18486.0,34800000.0,neh
P1,sat,334,18445.0,34800000.0,neh
P1,sat,335,18591.0,35000000.0,neh
P1,sat,336,18587.0,35000000.0,neh
P1,sat,337,18662.0,35200000.0,neh
P1,sat,338,18758.0,35400000.0,neh
P1,sat,339,18820.0,35600000.0,neh
P1,sat,340,18841.0,35600000.0,neh
P1,sat,341,18861.0,35600000.0,neh
P1,sat,342,18933.0,35800000.0,neh
P1,sat,343,19083.0,36000000.0,neh
P1,sat,344,19020.0,36000000.0,neh
P1,sat,345,19106.0,36200000.0,neh
P1,sat,346,19197.0,36200000.0,neh
P1,sat,347,19322.0,36600000.0,neh
P1,sat,348,19267.0,36400000.0,neh
P1,sat,349,19290.0,36400000.0,neh
P1,sat,350,19245.0,36400000.0,neh
P1,sat,351,19401.0,36800000.0,neh
P1,sat,352,19441.0,36800000.0,neh
P1,sat,353,19413.0,36800000.0,neh
P1,sat,354,19511.0,37000000.0,neh
P1,sat,355,19610.0,37200000.0,neh
P1,sat,356,19749.0,37400000.0,neh
P1,sat,357,19752.0,37400000.0,neh
P1,sat,358,19694.0,37200000.0,neh
P1,sat,359,19843.0,37600000.0,neh
P1,sat,360,19836.0,37600000.0,neh
P1,sat,361,19925.0,37800000.0,neh
P1,sat,362,20006.0,38000000.0,neh
P1,sat,363,20039.0,38000000.0,neh
P1,sat,364,20093.0,38000000.0,neh
P1,sat,365,20211.0,38400000.0,neh
P1,sat,366,20123.0,38200000.0,neh
P1,sat,367,20193.0,38200000.0,neh
P1,sat,368,20275.0,38400000.0,neh
P1,sat,369,20390.0,38600000.0,neh
P1,sat,370,20370.0,38600000.0,neh
P1,sat,371,20463.0,38800000.0,neh
P1,sat,372,20534.0,39000000.0,neh
P1,sat,373,20482.0,38800000.0,neh
P1,sat,374,20599.0,39000000.0,neh
P1,sat,375,20615.0,39200000.0,neh
P1,sat,376,20720.0,39400000.0,neh
P1,sat,377,20706.0,39400000.0,neh
P1,sat,378,20853.0,39600000.0,neh
P1,sat,379,20901.0,39800000.0,neh
P1,sat,380,20945.0,39800000.0,neh
P1,sat,381,20983.0,39800000.0,neh
P1,sat,382,20937.0,39800000.0,neh
P1,sat,383,21063.0,40000000.0,neh
P1,sat,384,21093.0,40000000.0,neh
P1,sat,385,21118.0,40200000.0,neh
P1,sat,386,21205.0,40400000.0,neh
P1,sat,387,21221.0,40400000.0,neh
P1,sat,388,21313.0,40600000.0,neh
P1,sat,389,21359.0,40600000.0,neh
P1,sat,390,21401.0,40800000.0,neh
P1,sat,391,21474.0,40800000.0,neh
P1,sat,392,21538.0,41000000.0,neh
P1,sat,393,21564.0,41000000.0,neh
P1,sat,394,21631.0,41200000.0,neh
P1,sat,395,21715.0,41400000.0,neh
P1,sat,396,21776.0,41400000.0,neh
P1,sat,397,21788.0,41400000.0,neh
P1,sat,398,21884.0,41600000.0,neh
P1,sat,399,21967.0,41800000.0,neh
P1,sat,400,22071.0,42000000.0,neh
P1,sat,401,22160.0,42200000.0,neh
P1,sat,402,22033.0,42000000.0,neh
P1,sat,403,22207.0,42400000.0,neh
P1,sat,404,22171.0,42200000.0,neh
P1,sat,405,22255.0,42400000.0,neh
P1,sat,406,22413.0,42800000.0,neh
P1,sat,407,22386.0,42600000.0,neh
P1,sat,408,22370.0,42600000.0,neh
P1,sat,409,22451.0,42800000.0,neh
P1,sat,410,22526.0,43000000.0,neh
P1,sat,411,22590.0,43000000.0,neh
P1,sat,412,22639.0,43200000.0,neh
P1,sat,413,22696.0,43200000.0,neh
P1,sat,414,22731.0,43400000.0,neh
P1,sat,415,22810.0,43600000.0,neh
P1,sat,416,22883.0,43600000.0,neh
P1,sat,417,22931.0,43800000.0,neh
P1,sat,418,22978.0,43800000.0,neh
P1,sat,419,23006.0,44000000.0,neh
P1,sat,420,22976.0,43800000.0,neh
P1,sat,421,23023.0,44000000.0,neh
P1,sat,422,23088.0,44000000.0,neh
P1,sat,423,23194.0,44200000.0,neh
P1,sat,424,23311.0,44600000.0,neh
P1,sat,425,23415.0,44800000.0,neh
P1,sat,426,23506.0,45000000.0,neh
P1,sat,427,23451.0,44800000.0,neh
P1,sat,428,23438.0,44800000.0,neh
P1,sat,429,23489.0,44800000.0,neh
P1,sat,430,23544.0,45000000.0,neh
P1,sat,431,23612.0,45200000.0,neh
P1,sat,432,23606.0,45200000.0,neh
P1,sat,433,23686.0,45200000.0,neh
P1,sat,434,23782.0,45400000.0,neh
P1,sat,435,23804.0,45600000.0,neh
P1,sat,436,23887.0,45600000.0,neh
P1,sat,437,23901.0,45800000.0,neh
P1,sat,438,24001.0,46000000.0,neh
P1,sat,439,23981.0,45800000.0,neh
P1,sat,440,24022.0,46000000.0,neh
P1,sat,441,24102.0,46200000.0,neh
P1,sat,442,24141.0,46200000.0,neh
P1,sat,443,24292.0,46400000.0,neh
P1,sat,444,24268.0,46400000.0,neh
P1,sat,445,24338.0,46600000.0,neh
P1,sat,446,24325.0,46600000.0,neh
P1,sat,447,24354.0,46600000.0,neh
P1,sat,448,24505.0,47000000.0,neh
P1,sat,449,24552.0,47000000.0,neh
P1,sat,450,24595.0,47000000.0,neh
P1,sat,451,24572.0,47000000.0,neh
P1,sat,452,24685.0,47200000.0,neh
P1,sat,453,24765.0,47400000.0,neh
P1,sat,454,24749.0,47400000.0,neh
P1,sat,455,24811.0,47600000.0,neh
P1,sat,456,24909.0,47800000.0,neh
P1,sat,457,24999.0,47800000.0,neh
P1,sat,458,24987.0,47800000.0,neh
P1,sat,459,25061.0,48000000.0,neh
P1,sat,460,25064.0,48000000.0,neh
P1,sat,461,25156.0,48200000.0,neh
P1,sat,462,25135.0,48200000.0,neh
P1,sat,463,25225.0,48400000.0,neh
P1,sat,464,25254.0,48400000.0,neh
P1,sat,465,25323.0,48600000.0,neh
P1,sat,466,25403.0,48800000.0,neh
P1,sat,467,25397.0,48600000.0,neh
P1,sat,468,25516.0,49000000.0,neh
P1,sat,469,25556.0,49000000.0,neh
P1,sat,470,25552.0,49000000.0,neh
P1,sat,471,25557.0,49000000.0,neh
P1,sat,472,25597.0,49000000.0,neh
P1,sat,473,25652.0,49200000.0,neh
P1,sat,474,25720.0,49400000.0,neh
P1,sat,475,25740.0,49400000.0,neh
P1,sat,476,25853.0,49600000.0,neh
P1,sat,477,25812.0,49600000.0,neh
P1,sat,478,25910.0,49800000.0,neh
P1,sat,479,25947.0,49800000.0,neh
P1,sat,480,26151.0,50200000.0,neh
P1,sat,481,26079.0,50000000.0,neh
P1,sat,482,26189.0,50200000.0,neh
P1,sat,483,26151.0,50200000.0,neh
P1,sat,484,26250.0,50400000.0,neh
P1,sat,485,26305.0,50600000.0,neh
P1,sat,486,26305.0,50600000.0,neh
P1,sat,487,26299.0,50400000.0,neh
P1,sat,488,26383.0,50600000.0,neh
P1,sat,489,26469.0,50800000.0,neh
P1,sat,490,26452.0,50800000.0,neh
P1,sat,491,26463.0,50800000.0,neh
P1,sat,492,26550.0,51000000.0,neh
P1,sat,493,26661.0,51200000.0,neh
P1,sat,494,26661.0,51200000.0,neh
P1,sat,495,26715.0,51400000.0,neh
P1,sat,496,26812.0,51600000.0,neh
P1,sat,497,26864.0,51600000.0,neh
P1,sat,498,26892.0,51600000.0,neh
P1,sat,499,26989.0,51800000.0,neh
P1,sat,500,26926.0,51800000.0,neh
P1,sun,1,1108.0,6100000.0,neh
P1,sun,2,1148.0,6100000.0,neh
P1,sun,3,1226.0,6200000.0,neh
P1,sun,4,1272.0,6200000.0,neh
P1,sun,5,1330.0,6300000.0,neh
P1,sun,6,1378.0,6300000.0,neh
P1,sun,7,1437.0,6400000.0,neh
P1,sun,8,1530.0,6500000.0,neh
P1,sun,9,1608.0,6600000.0,neh
P1,sun,10,1659.0,6600000.0,neh
P1,sun,11,1713.0,6700000.0,neh
P1,sun,12,1788.0,6700000.0,neh
P1,sun,13,1852.0,6800000.0,neh
P1,sun,14,1977.0,6900000.0,neh
P1,sun,15,2026.0,7000000.0,neh
P1,sun,16,2080.0,7000000.0,neh
P1,sun,17,2125.0,7100000.0,neh
P1,sun,18,2139.0,7100000.0,neh
P1,sun,19,2257.0,7200000.0,neh
P1,sun,20,2298.0,7200000.0,neh
P1,sun,21,2361.0,7300000.0,neh
P1,sun,22,2404.0,7400000.0,neh
P1,sun,23,2460.0,7400000.0,neh
P1,sun,24,2507.0,7500000.0,neh
P1,sun,25,2568.0,7500000.0,neh
P1,sun,26,2629.0,7600000.0,neh
P1,sun,27,2679.0,7600000.0,neh
P1,sun,28,2699.0,7600000.0,neh
P1,sun,29,2825.0,7800000.0,neh
P1,sun,30,2889.0,7800000.0,neh
P1,sun,31,2999.0,7900000.0,neh
P1,sun,32,3020.0,8000000.0,neh
P1,sun,33,3071.0,8000000.0,neh
P1,sun,34,3156.0,8100000.0,neh
P1,sun,35,3180.0,8100000.0,neh
P1,sun,36,3226.0,8200000.0,neh
P1,sun,37,3263.0,8200000.0,neh
P1,sun,38,3346.0,8300000.0,neh
P1,sun,39,3399.0,8300000.0,neh
P1,sun,40,3480.0,8400000.0,neh
P1,sun,41,3568.0,8500000.0,neh
P1,sun,42,3551.0,8500000.0,neh
P1,sun,43,3594.0,8500000.0,neh
P1,sun,44,3662.0,8600000.0,neh
P1,sun,45,3688.0,8600000.0,neh
P1,sun,46,3721.0,8700000.0,neh
P1,sun,47,3820.0,8800000.0,neh
P1,sun,48,3870.0,8800000.0,neh
P1,sun,49,3908.0,8900000.0,neh
P1,sun,50,3947.0,8900000.0,neh
P1,sun,51,4037.0,9000000.0,neh
P1,sun,52,4062.0,9000000.0,neh
P1,sun,53,4172.0,9100000.0,neh
P1,sun,54,4211.0,9200000.0,neh
P1,sun,55,4287.0,9200000.0,neh
P1,sun,56,4337.0,9300000.0,neh
P1,sun,57,4380.0,9300000.0,neh
P1,sun,58,4485.0,9400000.0,neh
P1,sun,59,4483.0,9400000.0,neh
P1,sun,60,4534.0,9500000.0,neh
P1,sun,61,4593.0,9500000.0,neh
P1,sun,62,4676.0,9600000.0,neh
P1,sun,63,4723.0,9700000.0,neh
P1,sun,64,4751.0,9700000.0,neh
P1,sun,65,4821.0,9800000.0,neh
P1,sun,66,4839.0,9800000.0,neh
P1,sun,67,4869.0,9800000.0,neh
P1,sun,68,4965.0,9900000.0,neh
P1,sun,69,5063.0,10000000.0,neh
P1,sun,70,5072.0,10000000.0,neh
P1,sun,71,5141.0,10100000.0,neh
P1,sun,72,5183.0,10100000.0,neh
P1,sun,73,5255.0,10200000.0,neh
P1,sun,74,5269.0,10200000.0,neh
P1,sun,75,5303.0,10300000.0,neh
P1,sun,76,5323.0,10300000.0,neh
P1,sun,77,5378.0,10300000.0,neh
P1,sun,78,5427.0,10400000.0,neh
P1,sun,79,5478.0,10400000.0,neh
P1,sun,80,5664.0,10600000.0,neh
P1,sun,81,5653.0,10600000.0,neh
P1,sun,82,5639.0,10600000.0,neh
P1,sun,83,5740.0,10700000.0,neh
P1,sun,84,5751.0,10700000.0,neh
P1,sun,85,5818.0,10800000.0,neh
P1,sun,86,5881.0,10800000.0,neh
P1,sun,87,5991.0,10900000.0,neh
P1,sun,88,6004.0,11000000.0,neh
P1,sun,89,6010.0,11000000.0,neh
P1,sun,90,6083.0,11000000.0,neh
P1,sun,91,6117.0,11100000.0,neh
P1,sun,92,6164.0,11100000.0,neh
P1,sun,93,6214.0,11200000.0,neh
P1,sun,94,6327.0,11300000.0,neh
P1,sun,95,6354.0,11300000.0,neh
P1,sun,96,6355.0,11300000.0,neh
P1,sun,97,6484.0,11400000.0,neh
P1,sun,98,6543.0,11500000.0,neh
P1,sun,99,6516.0,11500000.0,neh
P1,sun,100,6638.0,11600000.0,neh
P1,sun,101,6712.0,11700000.0,neh
P1,sun,102,6732.0,11700000.0,neh
P1,sun,103,6777.0,11700000.0,neh
P1,sun,104,6825.0,11800000.0,neh
P1,sun,105,6837.0,11800000.0,neh
P1,sun,106,6828.0,11800000.0,neh
P1,sun,107,6900.0,11900000.0,neh
P1,sun,108,7010.0,12000000.0,neh
P1,sun,109,7040.0,12000000.0,neh
P1,sun,110,7208.0,12400000.0,neh
P1,sun,111,7168.0,12200000.0,neh
P1,sun,112,7152.0,12200000.0,neh
P1,sun,113,7183.0,12200000.0,neh
P1,sun,114,7294.0,12400000.0,neh
P1,sun,115,7346.0,12600000.0,neh
P1,sun,116,7416.0,12800000.0,neh
P1,sun,117,7458.0,12800000.0,neh
P1,sun,118,7430.0,12800000.0,neh
P1,sun,119,7537.0,13000000.0,neh
P1,sun,120,7623.0,13200000.0,neh
P1,sun,121,7636.0,13200000.0,neh
P1,sun,122,7672.0,13200000.0,neh
P1,sun,123,7737.0,13400000.0,neh
P1,sun,124,7825.0,13600000.0,neh
P1,sun,125,7877.0,13600000.0,neh
P1,sun,126,7917.0,13800000.0,neh
P1,sun,127,7931.0,13800000.0,neh
P1,sun,128,7988.0,13800000.0,neh
P1,sun,129,8007.0,14000000.0,neh
P1,sun,130,8068.0,14000000.0,neh
P1,sun,131,8063.0,14000000.0,neh
P1,sun,132,8175.0,14200000.0,neh
P1,sun,133,8194.0,14200000.0,neh
P1,sun,134,8217.0,14400000.0,neh
P1,sun,135,8315.0,14600000.0,neh
P1,sun,136,8353.0,14600000.0,neh
P1,sun,137,8320.0,14600000.0,neh
P1,sun,138,8457.0,14800000.0,neh
P1,sun,139,8528.0,15000000.0,neh
P1,sun,140,8574.0,15000000.0,neh
P1,sun,141,8625.0,15200000.0,neh
P1,sun,142,8629.0,15200000.0,neh
P1,sun,143,8646.0,15200000.0,neh
P1,sun,144,8747.0,15400000.0,neh
P1,sun,145,8716.0,15400000.0,neh
P1,sun,146,8840.0,15600000.0,neh
P1,sun,147,8865.0,15600000.0,neh
P1,sun,148,8929.0,15800000.0,neh
P1,sun,149,8991.0,15800000.0,neh
P1,sun,150,9083.0,16000000.0,neh
P1,sun,151,9132.0,16200000.0,neh
P1,sun,152,9143.0,16200000.0,neh
P1,sun,153,9222.0,16400000.0,neh
P1,sun,154,9319.0,16600000.0,neh
P1,sun,155,9323.0,16600000.0,neh
P1,sun,156,9365.0,16600000.0,neh
P1,sun,157,9357.0,16600000.0,neh
P1,sun,158,9399.0,16600000.0,neh
P1,sun,159,9484.0,16800000.0,neh
P1,sun,160,9522.0,17000000.0,neh
P1,sun,161,9586.0,17000000.0,neh
P1,sun,162,9605.0,17200000.0,neh
P1,sun,163,9744.0,17400000.0,neh
P1,sun,164,9787.0,17400000.0,neh
P1,sun,165,9916.0,17800000.0,neh
P1,sun,166,9909.0,17800000.0,neh
P1,sun,167,10023.0,18000000.0,neh
P1,sun,168,9996.0,17800000.0,neh
P1,sun,169,10080.0,18000000.0,neh
P1,sun,170,10105.0,18200000.0,neh
P1,sun,171,10213.0,18400000.0,neh
P1,sun,172,10217.0,18400000.0,neh
P1,sun,173,10313.0,18600000.0,neh
P1,sun,174,10362.0,18600000.0,neh
P1,sun,175,10392.0,18600000.0,neh
P1,sun,176,10416.0,18800000.0,neh
P1,sun,177,10472.0,18800000.0,neh
P1,sun,178,10532.0,19000000.0,neh
P1,sun,179,10576.0,19000000.0,neh
P1,sun,180,10578.0,19000000.0,neh
P1,sun,181,10745.0,19400000.0,neh
P1,sun,182,10788.0,19400000.0,neh
P1,sun,183,10747.0,19400000.0,neh
P1,sun,184,10798.0,19400000.0,neh
P1,sun,185,10928.0,19800000.0,neh
P1,sun,186,10958.0,19800000.0,neh
P1,sun,187,11016.0,20000000.0,neh
P1,sun,188,11064.0,20000000.0,neh
P1,sun,189,11136.0,20200000.0,neh
P1,sun,190,11153.0,20200000.0,neh
P1,sun,191,11227.0,20400000.0,neh
P1,sun,192,11214.0,20400000.0,neh
P1,sun,193,11287.0,20400000.0,neh
P1,sun,194,11440.0,20800000.0,neh
P1,sun,195,11435.0,20800000.0,neh
P1,sun,196,11528.0,21000000.0,neh
P1,sun,197,11552.0,21000000.0,neh
P1,sun,198,11613.0,21200000.0,neh
P1,sun,199,11640.0,21200000.0,neh
P1,sun,200,11704.0,21400000.0,neh
P1,sun,201,11708.0,21400000.0,neh
P1,sun,202,11791.0,21400000.0,neh
P1,sun,203,11830.0,21600000.0,neh
P1,sun,204,11853.0,21600000.0,neh
P1,sun,205,11878.0,21600000.0,neh
P1,sun,206,12015.0,22000000.0,neh
P1,sun,207,12022.0,22000000.0,neh
P1,sun,208,12047.0,22000000.0,neh
P1,sun,209,12034.0,22000000.0,neh
P1,sun,210,12173.0,22200000.0,neh
P1,sun,211,12197.0,22200000.0,neh
P1,sun,212,12210.0,22400000.0,neh
P1,sun,213,12300.0,22600000.0,neh
P1,sun,214,12284.0,22400000.0,neh
P1,sun,215,12398.0,22600000.0,neh
P1,sun,216,12456.0,22800000.0,neh
P1,sun,217,12510.0,23000000.0,neh
P1,sun,218,12566.0,23000000.0,neh
P1,sun,219,12633.0,23200000.0,neh
P1,sun,220,12655.0,23200000.0,neh
P1,sun,221,12711.0,23400000.0,neh
P1,sun,222,12734.0,23400000.0,neh
P1,sun,223,12714.0,23400000.0,neh
P1,sun,224,12818.0,23600000.0,neh
P1,sun,225,12866.0,23600000.0,neh
P1,sun,226,12905.0,23800000.0,neh
P1,sun,227,12969.0,23800000.0,neh
P1,sun,228,12976.0,23800000.0,neh
P1,sun,229,13061.0,24000000.0,neh
P1,sun,230,13085.0,24000000.0,neh
P1,sun,231,13193.0,24200000.0,neh
P1,sun,232,13232.0,24400000.0,neh
P1,sun,233,13260.0,24400000.0,neh
P1,sun,234,13302.0,24600000.0,neh
P1,sun,235,13340.0,24600000.0,neh
P1,sun,236,13432.0,24800000.0,neh
P1,sun,237,13492.0,24800000.0,neh
P1,sun,238,13526.0,25000000.0,neh
P1,sun,239,13547.0,25000000.0,neh
P1,sun,240,13624.0,25200000.0,neh
P1,sun,241,13658.0,25200000.0,neh
P1,sun,242,13640.0,25200000.0,neh
P1,sun,243,13822.0,25600000.0,neh
P1,sun,244,13876.0,25600000.0,neh
P1,sun,245,14014.0,26000000.0,neh
P1,sun,246,13924.0,25800000.0,neh
P1,sun,247,14048.0,26000000.0,neh
P1,sun,248,14024.0,26000000.0,neh
P1,sun,249,14077.0,26000000.0,neh
P1,sun,250,14115.0,26200000.0,neh
P1,sun,251,14126.0,26200000.0,neh
P1,sun,252,14277.0,26400000.0,neh
P1,sun,253,14387.0,26600000.0,neh
P1,sun,254,14372.0,26600000.0,neh
P1,sun,255,14409.0,26800000.0,neh
P1,sun,256,14442.0,26800000.0,neh
P1,sun,257,14424.0,26800000.0,neh
P1,sun,258,14625.0,27200000.0,neh
P1,sun,259,14640.0,27200000.0,neh
P1,sun,260,14594.0,27000000.0,neh
P1,sun,261,14653.0,27200000.0,neh
P1,sun,262,14841.0,27600000.0,neh
P1,sun,263,14855.0,27600000.0,neh
P1,sun,264,14941.0,27800000.0,neh
P1,sun,265,14902.0,27800000.0,neh
P1,sun,266,14996.0,27800000.0,neh
P1,sun,267,15070.0,28000000.0,neh
P1,sun,268,15103.0,28200000.0,neh
P1,sun,269,15119.0,28200000.0,neh
P1,sun,270,15179.0,28200000.0,neh
P1,sun,271,15211.0,28400000.0,neh
P1,sun,272,15308.0,28600000.0,neh
P1,sun,273,15363.0,28600000.0,neh
P1,sun,274,15374.0,28600000.0,neh
P1,sun,275,15468.0,28800000.0,neh
P1,sun,276,15483.0,28800000.0,neh
P1,sun,277,15566.0,29000000.0,neh
P1,sun,278,15654.0,29200000.0,neh
P1,sun,279,15671.0,29200000.0,neh
P1,sun,280,15737.0,29400000.0,neh
P1,sun,281,15778.0,29400000.0,neh
P1,sun,282,15879.0,29600000.0,neh
P1,sun,283,15829.0,29600000.0,neh
P1,sun,284,15957.0,29800000.0,neh
P1,sun,285,16003.0,30000000.0,neh
P1,sun,286,15947.0,29800000.0,neh
P1,sun,287,16024.0,30000000.0,neh
P1,sun,288,16079.0,30000000.0,neh
P1,sun,289,16191.0,30200000.0,neh
P1,sun,290,16176.0,30200000.0,neh
P1,sun,291,16198.0,30200000.0,neh
P1,sun,292,16197.0,30200000.0,neh
P1,sun,293,16311.0,30600000.0,neh
P1,sun,294,16365.0,30600000.0,neh
P1,sun,295,16380.0,30600000.0,neh
P1,sun,296,16491.0,30800000.0,neh
P1,sun,297,16438.0,30800000.0,neh
P1,sun,298,16581.0,31000000.0,neh
P1,sun,299,16663.0,31200000.0,neh
P1,sun,300,16586.0,31000000.0,neh
P1,sun,301,16793.0,31400000.0,neh
P1,sun,302,16846.0,31600000.0,neh
P1,sun,303,16901.0,31800000.0,neh
P1,sun,304,17008.0,32000000.0,neh
P1,sun,305,16963.0,31800000.0,neh
P1,sun,306,16980.0,31800000.0,neh
P1,sun,307,17083.0,32000000.0,neh
P1,sun,308,17162.0,32200000.0,neh
P1,sun,309,17230.0,32400000.0,neh
P1,sun,310,17329.0,32600000.0,neh
P1,sun,311,17411.0,32800000.0,neh
P1,sun,312,17453.0,32800000.0,neh
P1,sun,313,17474.0,32800000.0,neh
P1,sun,314,17510.0,33000000.0,neh
P1,sun,315,17625.0,33200000.0,neh
P1,sun,316,17601.0,33200000.0,neh
P1,sun,317,17635.0,33200000.0,neh
P1,sun,318,17719.0,33400000.0,neh
P1,sun,319,17759.0,33400000.0,neh
P1,sun,320,17747.0,33400000.0,neh
P1,sun,321,17807.0,33600000.0,neh
P1,sun,322,17921.0,33800000.0,neh
P1,sun,323,17908.0,33800000.0,neh
P1,sun,324,18043.0,34000000.0,neh
P1,sun,325,18053.0,34000000.0,neh
P1,sun,326,18100.0,34200000.0,neh
P1,sun,327,18110.0,34200000.0,neh
P1,sun,328,18226.0,34400000.0,neh
P1,sun,329,18299.0,34400000.0,neh
P1,sun,330,18369.0,34600000.0,neh
P1,sun,331,18337.0,34600000.0,neh
P1,sun,332,18405.0,34800000.0,neh
P1,sun,333,18424.0,34800000.0,neh
P1,sun,334,18536.0,35000000.0,neh
P1,sun,335,18634.0,35200000.0,neh
P1,sun,336,18643.0,35200000.0,neh
P1,sun,337,18682.0,35200000.0,neh
P1,sun,338,18755.0,35400000.0,neh
P1,sun,339,18812.0,35600000.0,neh
P1,sun,340,18895.0,35600000.0,neh
P1,sun,341,18895.0,35600000.0,neh
P1,sun,342,18938.0,35800000.0,neh
P1,sun,343,19002.0,36000000.0,neh
P1,sun,344,19090.0,36000000.0,neh
P1,sun,345,19133.0,36200000.0,neh
P1,sun,346,19141.0,36200000.0,neh
P1,sun,347,19216.0,36400000.0,neh
P1,sun,348,19222.0,36400000.0,neh
P1,sun,349,19361.0,36600000.0,neh
P1,sun,350,19376.0,36600000.0,neh
P1,sun,351,19475.0,36800000.0,neh
P1,sun,352,19498.0,36800000.0,neh
P1,sun,353,19494.0,36800000.0,neh
P1,sun,354,19587.0,37000000.0,neh
P1,sun,355,19612.0,37200000.0,neh
P1,sun,356,19675.0,37200000.0,neh
P1,sun,357,19755.0,37400000.0,neh
P1,sun,358,19837.0,37600000.0,neh
P1,sun,359,19875.0,37600000.0,neh
P1,sun,360,19953.0,37800000.0,neh
P1,sun,361,19924.0,37800000.0,neh
P1,sun,362,19970.0,37800000.0,neh
P1,sun,363,20019.0,38000000.0,neh
P1,sun,364,20049.0,38000000.0,neh
P1,sun,365,20117.0,38200000.0,neh
P1,sun,366,20084.0,38000000.0,neh
P1,sun,367,20180.0,38200000.0,neh
P1,sun,368,20211.0,38400000.0,neh
P1,sun,369,20239.0,38400000.0,neh
P1,sun,370,20319.0,38600000.0,neh
P1,sun,371,20452.0,38800000.0,neh
P1,sun,372,20520.0,39000000.0,neh
P1,sun,373,20488.0,38800000.0,neh
P1,sun,374,20497.0,38800000.0,neh
P1,sun,375,20615.0,39200000.0,neh
P1,sun,376,20653.0,39200000.0,neh
P1,sun,377,20773.0,39400000.0,neh
P1,sun,378,20786.0,39400000.0,neh
P1,sun,379,20811.0,39600000.0,neh
P1,sun,380,20968.0,39800000.0,neh
P1,sun,381,21007.0,40000000.0,neh
P1,sun,382,21010.0,40000000.0,neh
P1,sun,383,21108.0,40200000.0,neh
P1,sun,384,21157.0,40200000.0,neh
P1,sun,385,21182.0,40200000.0,neh
P1,sun,386,21259.0,40400000.0,neh
P1,sun,387,21378.0,40600000.0,neh
P1,sun,388,21427.0,40800000.0,neh
P1,sun,389,21458.0,40800000.0,neh
P1,sun,390,21513.0,41000000.0,neh
P1,sun,391,21512.0,41000000.0,neh
P1,sun,392,21586.0,41000000.0,neh
P1,sun,393,21572.0,41000000.0,neh
P1,sun,394,21692.0,41200000.0,neh
P1,sun,395,21730.0,41400000.0,neh
P1,sun,396,21833.0,41600000.0,neh
P1,sun,397,21887.0,41600000.0,neh
P1,sun,398,21943.0,41800000.0,neh
P1,sun,399,21862.0,41600000.0,neh
P1,sun,400,21966.0,41800000.0,neh
P1,sun,401,22031.0,42000000.0,neh
P1,sun,402,22047.0,42000000.0,neh
P1,sun,403,22094.0,42000000.0,neh
P1,sun,404,22188.0,42200000.0,neh
P1,sun,405,22123.0,42200000.0,neh
P1,sun,406,22178.0,42200000.0,neh
P1,sun,407,22274.0,42400000.0,neh
P1,sun,408,22270.0,42400000.0,neh
P1,sun,409,22331.0,42600000.0,neh
P1,sun,410,22328.0,42600000.0,neh
P1,sun,411,22452.0,42800000.0,neh
P1,sun,412,22517.0,43000000.0,neh
P1,sun,413,22556.0,43000000.0,neh
P1,sun,414,22645.0,43200000.0,neh
P1,sun,415,22641.0,43200000.0,neh
P1,sun,416,22867.0,43600000.0,neh
P1,sun,417,22827.0,43600000.0,neh
P1,sun,418,22901.0,43800000.0,neh
P1,sun,419,22918.0,43800000.0,neh
P1,sun,420,22874.0,43600000.0,neh
P1,sun,421,22926.0,43800000.0,neh
P1,sun,422,22978.0,43800000.0,neh
P1,sun,423,23103.0,44200000.0,neh
P1,sun,424,23076.0,44000000.0,neh
P1,sun,425,23060.0,44000000.0,neh
P1,sun,426,23172.0,44200000.0,neh
P1,sun,427,23254.0,44400000.0,neh
P1,sun,428,23309.0,44600000.0,neh
P1,sun,429,23340.0,44600000.0,neh
P1,sun,430,23411.0,44800000.0,neh
P1,sun,431,23476.0,44800000.0,neh
P1,sun,432,23444.0,44800000.0,neh
P1,sun,433,23556.0,45000000.0,neh
P1,sun,434,23642.0,45200000.0,neh
P1,sun,435,23649.0,45200000.0,neh
P1,sun,436,23809.0,45600000.0,neh
P1,sun,437,23776.0,45400000.0,neh
P1,sun,438,23800.0,45600000.0,neh
P1,sun,439,23859.0,45600000.0,neh
P1,sun,440,23957.0,45800000.0,neh
P1,sun,441,23968.0,45800000.0,neh
P1,sun,442,23917.0,45800000.0,neh
P1,sun,443,23989.0,45800000.0,neh
P1,sun,444,24044.0,46000000.0,neh
P1,sun,445,24107.0,46200000.0,neh
P1,sun,446,24185.0,46200000.0,neh
P1,sun,447,24201.0,46400000.0,neh
P1,sun,448,24280.0,46400000.0,neh
P1,sun,449,24310.0,46600000.0,neh
P1,sun,450,24323.0,46600000.0,neh
P1,sun,451,24412.0,46800000.0,neh
P1,sun,452,24447.0,46800000.0,neh
P1,sun,453,24534.0,47000000.0,neh
P1,sun,454,24604.0,47200000.0,neh
P1,sun,455,24663.0,47200000.0,neh
P1,sun,456,24612.0,47200000.0,neh
P1,sun,457,24724.0,47400000.0,neh
P1,sun,458,24742.0,47400000.0,neh
P1,sun,459,24846.0,47600000.0,neh
P1,sun,460,24917.0,47800000.0,neh
P1,sun,461,24975.0,47800000.0,neh
P1,sun,462,24989.0,47800000.0,neh
P1,sun,463,25026.0,48000000.0,neh
P1,sun,464,25077.0,48000000.0,neh
P1,sun,465,25110.0,48200000.0,neh
P1,sun,466,25204.0,48400000.0,neh
P1,sun,467,25170.0,48200000.0,neh
P1,sun,468,25233.0,48400000.0,neh
P1,sun,469,25310.0,48600000.0,neh
P1,sun,470,25381.0,48600000.0,neh
P1,sun,471,25482.0,48800000.0,neh
P1,sun,472,25411.0,48800000.0,neh
P1,sun,473,25482.0,48800000.0,neh
P1,sun,474,25577.0,49000000.0,neh
P1,sun,475,25674.0,49200000.0,neh
P1,sun,476,25724.0,49400000.0,neh
P1,sun,477,25787.0,49400000.0,neh
P1,sun,478,25761.0,49400000.0,neh
P1,sun,479,25870.0,49600000.0,neh
P1,sun,480,25934.0,49800000.0,neh
P1,sun,481,25990.0,49800000.0,neh
P1,sun,482,26136.0,50200000.0,neh
P1,sun,483,26132.0,50200000.0,neh
P1,sun,484,26202.0,50400000.0,neh
P1,sun,485,26230.0,50400000.0,neh
P1,sun,486,26290.0,50400000.0,neh
P1,sun,487,26337.0,50600000.0,neh
P1,sun,488,26412.0,50800000.0,neh
P1,sun,489,26384.0,50600000.0,neh
P1,sun,490,26489.0,50800000.0,neh
P1,sun,491,26551.0,51000000.0,neh
P1,sun,492,26565.0,51000000.0,neh
P1,sun,493,26637.0,51200000.0,neh
P1,sun,494,26718.0,51400000.0,neh
P1,sun,495,26695.0,51200000.0,neh
P1,sun,496,26836.0,51600000.0,neh
P1,sun,497,26977.0,51800000.0,neh
P1,sun,498,26911.0,51800000.0,neh
P1,sun,499,26894.0,51600000.0,neh
P1,sun,500,26879.0,51600000.0,neh
P2,mon,1,1718.0,5700000.0,neh
P2,mon,2,1819.0,5800000.0,neh
P2,mon,3,1931.0,5900000.0,neh
P2,mon,4,2045.0,6000000.0,neh
P2,mon,5,2157.0,6100000.0,neh
P2,mon,6,2271.0,6200000.0,neh
P2,mon,7,2385.0,6300000.0,neh
P2,mon,8,2492.0,6400000.0,neh
P2,mon,9,2606.0,6600000.0,neh
P2,mon,10,2720.0,6700000.0,neh
P2,mon,11,2841.0,6800000.0,neh
P2,mon,12,2961.0,6900000.0,neh
P2,mon,13,3070.0,7000000.0,neh
P2,mon,14,3182.0,7100000.0,neh
P2,mon,15,3294.0,7200000.0,neh
P2,mon,16,3408.0,7400000.0,neh
P2,mon,17,3510.0,7500000.0,neh
P2,mon,18,3622.0,7600000.0,neh
P2,mon,19,3736.0,7700000.0,neh
P2,mon,20,3848.0,7800000.0,neh
P2,mon,21,3960.0,7900000.0,neh
P2,mon,22,4061.0,8000000.0,neh
P2,mon,23,4174.0,8100000.0,neh
P2,mon,24,4294.0,8200000.0,neh
P2,mon,25,4400.0,8400000.0,neh
P2,mon,26,4514.0,8500000.0,neh
P2,mon,27,4629.0,8600000.0,neh
P2,mon,28,4743.0,8700000.0,neh
P2,mon,29,4857.0,8800000.0,neh
P2,mon,30,4965.0,8900000.0,neh
P2,mon,31,5071.0,9000000.0,neh
P2,mon,32,5186.0,9100000.0,neh
P2,mon,33,5300.0,9300000.0,neh
P2,mon,34,5411.0,9400000.0,neh
P2,mon,35,5528.0,9500000.0,neh
P2,mon,36,5636.0,9600000.0,neh
P2,mon,37,5748.0,9700000.0,neh
P2,mon,38,5857.0,9800000.0,neh
P2,mon,39,5972.0,9900000.0,neh
P2,mon,40,6082.0,10000000.0,neh
P2,mon,41,6197.0,10100000.0,neh
P2,mon,42,6309.0,10300000.0,neh
P2,mon,43,6418.0,10400000.0,neh
P2,mon,44,6530.0,10500000.0,neh
P2,mon,45,6639.0,10600000.0,neh
P2,mon,46,6750.0,10700000.0,neh
P2,mon,47,6862.0,10800000.0,neh
P2,mon,48,6975.0,10900000.0,neh
P2,mon,49,7084.0,11000000.0,neh
P2,mon,50,7194.0,11200000.0,neh
P2,mon,51,7301.0,11600000.0,neh
P2,mon,52,7411.0,11800000.0,neh
P2,mon,53,7519.0,12000000.0,neh
P2,mon,54,7636.0,12200000.0,neh
P2,mon,55,7745.0,12400000.0,neh
P2,mon,56,7858.0,12600000.0,neh
P2,mon,57,7970.0,12800000.0,neh
P2,mon,58,8082.0,13000000.0,neh
P2,mon,59,8194.0,13200000.0,neh
P2,mon,60,8310.0,13600000.0,neh
P2,mon,61,8421.0,13800000.0,neh
P2,mon,62,8533.0,14000000.0,neh
P2,mon,63,8647.0,14200000.0,neh
P2,mon,64,8761.0,14400000.0,neh
P2,mon,65,8873.0,14600000.0,neh
P2,mon,66,8982.0,14800000.0,neh
P2,mon,67,9095.0,15000000.0,neh
P2,mon,68,9208.0,15400000.0,neh
P2,mon,69,9320.0,15600000.0,neh
P2,mon,70,9432.0,15800000.0,neh
P2,mon,71,9546.0,16000000.0,neh
P2,mon,72,9660.0,16200000.0,neh
P2,mon,73,9775.0,16400000.0,neh
P2,mon,74,9885.0,16600000.0,neh
P2,mon,75,10000.0,17000000.0,neh
P2,mon,76,10115.0,17200000.0,neh
P2,mon,77,10229.0,17400000.0,neh
P2,mon,78,10342.0,17600000.0,neh
P2,mon,79,10458.0,17800000.0,neh
P2,mon,80,10572.0,18000000.0,neh
P2,mon,81,10688.0,18200000.0,neh
P2,mon,82,10800.0,18600000.0,neh
P2,mon,83,10915.0,18800000.0,neh
P2,mon,84,11030.0,19000000.0,neh
P2,mon,85,11145.0,19200000.0,neh
P2,mon,86,11260.0,19400000.0,neh
P2,mon,87,11375.0,19600000.0,neh
P2,mon,88,11488.0,19800000.0,neh
P2,mon,89,11604.0,20200000.0,neh
P2,mon,90,11714.0,20400000.0,neh
P2,mon,91,11826.0,20600000.0,neh
P2,mon,92,11938.0,20800000.0,neh
P2,mon,93,12053.0,21000000.0,neh
P2,mon,94,12167.0,21200000.0,neh
P2,mon,95,12281.0,21400000.0,neh
P2,mon,96,12394.0,21600000.0,neh
P2,mon,97,12505.0,22000000.0,neh
P2,mon,98,12618.0,22200000.0,neh
P2,mon,99,12729.0,22400000.0,neh
P2,mon,100,12841.0,22600000.0,neh
P2,mon,101,12952.0,22800000.0,neh
P2,mon,102,13063.0,23000000.0,neh
P2,mon,103,13175.0,23200000.0,neh
P2,mon,104,13290.0,23400000.0,neh
P2,mon,105,13405.0,23800000.0,neh
P2,mon,106,13520.0,24000000.0,neh
P2,mon,107,13631.0,24200000.0,neh
P2,mon,108,13744.0,24400000.0,neh
P2,mon,109,13854.0,24600000.0,neh
P2,mon,110,13965.0,24800000.0,neh
P2,mon,111,14075.0,25000000.0,neh
P2,mon,112,14190.0,25200000.0,neh
P2,mon,113,14301.0,25600000.0,neh
P2,mon,114,14413.0,25800000.0,neh
P2,mon,115,14527.0,26000000.0,neh
P2,mon,116,14639.0,26200000.0,neh
P2,mon,117,14753.0,26400000.0,neh
P2,mon,118,14863.0,26600000.0,neh
P2,mon,119,14978.0,26800000.0,neh
P2,mon,120,15091.0,27000000.0,neh
P2,mon,121,15203.0,27400000.0,neh
P2,mon,122,15315.0,27600000.0,neh
P2,mon,123,15427.0,27800000.0,neh
P2,mon,124,15541.0,28000000.0,neh
P2,mon,125,15654.0,28200000.0,neh
P2,mon,126,15764.0,28400000.0,neh
P2,mon,127,15877.0,28600000.0,neh
P2,mon,128,15989.0,28800000.0,neh
P2,mon,129,16100.0,29200000.0,neh
P2,mon,130,16214.0,29400000.0,neh
P2,mon,131,16325.0,29600000.0,neh
P2,mon,132,16436.0,29800000.0,neh
P2,mon,133,16546.0,30000000.0,neh
P2,mon,134,16658.0,30200000.0,neh
P2,mon,135,16768.0,30400000.0,neh
P2,mon,136,16879.0,30600000.0,neh
P2,mon,137,16990.0,30800000.0,neh
P2,mon,138,17102.0,31200000.0,neh
P2,mon,139,17215.0,31400000.0,neh
P2,mon,140,17327.0,31600000.0,neh
P2,mon,141,17443.0,31800000.0,neh
P2,mon,142,17557.0,32000000.0,neh
P2,mon,143,17671.0,32200000.0,neh
P2,mon,144,17782.0,32400000.0,neh
P2,mon,145,17896.0,32600000.0,neh
P2,mon,146,18012.0,33000000.0,neh
P2,mon,147,18123.0,33200000.0,neh
P2,mon,148,18238.0,33400000.0,neh
P2,mon,149,18350.0,33600000.0,neh
P2,mon,150,18466.0,33800000.0,neh
P2,mon,151,18578.0,34000000.0,neh
P2,mon,152,18691.0,34200000.0,neh
P2,mon,153,18806.0,34600000.0,neh
P2,mon,154,18917.0,34800000.0,neh
P2,mon,155,19029.0,35000000.0,neh
P2,mon,156,19143.0,35200000.0,neh
P2,mon,157,19255.0,35400000.0,neh
P2,mon,158,19369.0,35600000.0,neh
P2,mon,159,19485.0,35800000.0,neh
P2,mon,160,19596.0,36000000.0,neh
P2,mon,161,19707.0,36400000.0,neh
P2,mon,162,19819.0,36600000.0,neh
P2,mon,163,19931.0,36800000.0,neh
P2,mon,164,20043.0,37000000.0,neh
P2,mon,165,20156.0,37200000.0,neh
P2,mon,166,20269.0,37400000.0,neh
P2,mon,167,20382.0,37600000.0,neh
P2,mon,168,20492.0,37800000.0,neh
P2,mon,169,20606.0,38200000.0,neh
P2,mon,170,20719.0,38400000.0,neh
P2,mon,171,20829.0,38600000.0,neh
P2,mon,172,20943.0,38800000.0,neh
P2,mon,173,21055.0,39000000.0,neh
P2,mon,174,21169.0,39200000.0,neh
P2,mon,175,21283.0,39400000.0,neh
P2,mon,176,21396.0,39600000.0,neh
P2,mon,177,21510.0,40000000.0,neh
P2,mon,178,21621.0,40200000.0,neh
P2,mon,179,21731.0,40400000.0,neh
P2,mon,180,21847.0,40600000.0,neh
P2,mon,181,21959.0,40800000.0,neh
P2,mon,182,22070.0,41000000.0,neh
P2,mon,183,22183.0,41200000.0,neh
P2,mon,184,22299.0,41400000.0,neh
P2,mon,185,22413.0,41800000.0,neh
P2,mon,186,22523.0,42000000.0,neh
P2,mon,187,22636.0,42200000.0,neh
P2,mon,188,22750.0,42400000.0,neh
P2,mon,189,22865.0,42600000.0,neh
P2,mon,190,22975.0,42800000.0,neh
P2,mon,191,23091.0,43000000.0,neh
P2,mon,192,23202.0,43400000.0,neh
P2,mon,193,23314.0,43600000.0,neh
P2,mon,194,23426.0,43800000.0,neh
P2,mon,195,23539.0,44000000.0,neh
P2,mon,196,23649.0,44200000.0,neh
P2,mon,197,23763.0,44400000.0,neh
P2,mon,198,23877.0,44600000.0,neh
P2,mon,199,23990.0,44800000.0,neh
P2,mon,200,24104.0,45200000.0,neh
P2,mon,201,24217.0,45400000.0,neh
P2,mon,202,24331.0,45600000.0,neh
P2,mon,203,24442.0,45800000.0,neh
P2,mon,204,24555.0,46000000.0,neh
P2,mon,205,24666.0,46200000.0,neh
P2,mon,206,24780.0,46400000.0,neh
P2,mon,207,24893.0,46600000.0,neh
P2,mon,208,25005.0,47000000.0,neh
P2,mon,209,25119.0,47200000.0,neh
P2,mon,210,25234.0,47400000.0,neh
P2,mon,211,25346.0,47600000.0,neh
P2,mon,212,25458.0,47800000.0,neh
P2,mon,213,25569.0,48000000.0,neh
P2,mon,214,25683.0,48200000.0,neh
P2,mon,215,25796.0,48400000.0,neh
P2,mon,216,25909.0,48800000.0,neh
P2,mon,217,26021.0,49000000.0,neh
P2,mon,218,26134.0,49200000.0,neh
P2,mon,219,26250.0,49400000.0,neh
P2,mon,220,26364.0,49600000.0,neh
P2,mon,221,26477.0,49800000.0,neh
P2,mon,222,26591.0,50000000.0,neh
P2,mon,223,26701.0,50400000.0,neh
P2,mon,224,26814.0,50600000.0,neh
P2,mon,225,26929.0,50800000.0,neh
P2,mon,226,27042.0,51000000.0,neh
P2,mon,227,27152.0,51200000.0,neh
P2,mon,228,27267.0,51400000.0,neh
P2,mon,229,27378.0,51600000.0,neh
P2,mon,230,27491.0,51800000.0,neh
P2,mon,231,27606.0,52200000.0,neh
P2,mon,232,27717.0,52400000.0,neh
P2,mon,233,27828.0,52600000.0,neh
P2,mon,234,27938.0,52800000.0,neh
P2,mon,235,28053.0,53000000.0,neh
P2,mon,236,28168.0,53200000.0,neh
P2,mon,237,28281.0,53400000.0,neh
P2,mon,238,28392.0,53600000.0,neh
P2,mon,239,28508.0,54000000.0,neh
P2,mon,240,28620.0,54200000.0,neh
P2,mon,241,28735.0,54400000.0,neh
P2,mon,242,28846.0,54600000.0,neh
P2,mon,243,28956.0,54800000.0,neh
P2,mon,244,29070.0,55000000.0,neh
P2,mon,245,29183.0,55200000.0,neh
P2,mon,246,29294.0,55400000.0,neh
P2,mon,247,29404.0,55800000.0,neh
P2,mon,248,29519.0,56000000.0,neh
P2,mon,249,29631.0,56200000.0,neh
P2,mon,250,29745.0,56400000.0,neh
P2,mon,251,29861.0,56600000.0,neh
P2,mon,252,29972.0,56800000.0,neh
P2,mon,253,30086.0,57000000.0,neh
P2,mon,254,30200.0,57400000.0,neh
P2,mon,255,30312.0,57600000.0,neh
P2,mon,256,30426.0,57800000.0,neh
P2,mon,257,30536.0,58000000.0,neh
P2,mon,258,30651.0,58200000.0,neh
P2,mon,259,30762.0,58400000.0,neh
P2,mon,260,30878.0,58600000.0,neh
P2,mon,261,30991.0,58800000.0,neh
P2,mon,262,31104.0,59200000.0,neh
P2,mon,263,31217.0,59400000.0,neh
P2,mon,264,31328.0,59600000.0,neh
P2,mon,265,31438.0,59800000.0,neh
P2,mon,266,31553.0,60000000.0,neh
P2,mon,267,31668.0,60200000.0,neh
P2,mon,268,31781.0,60400000.0,neh
P2,mon,269,31894.0,60600000.0,neh
P2,mon,270,32005.0,61000000.0,neh
P2,mon,271,32120.0,61200000.0,neh
P2,mon,272,32236.0,61400000.0,neh
P2,mon,273,32350.0,61600000.0,neh
P2,mon,274,32466.0,61800000.0,neh
P2,mon,275,32576.0,62000000.0,neh
P2,mon,276,32690.0,62200000.0,neh
P2,mon,277,32802.0,62600000.0,neh
P2,mon,278,32913.0,62800000.0,neh
P2,mon,279,33025.0,63000000.0,neh
P2,mon,280,33140.0,63200000.0,neh
P2,mon,281,33256.0,63400000.0,neh
P2,mon,282,33366.0,63600000.0,neh
P2,mon,283,33478.0,63800000.0,neh
P2,mon,284,33591.0,64000000.0,neh
P2,mon,285,33705.0,64400000.0,neh
P2,mon,286,33816.0,64600000.0,neh
P2,mon,287,33927.0,64800000.0,neh
P2,mon,288,34042.0,65000000.0,neh
P2,mon,289,34157.0,65200000.0,neh
P2,mon,290,34268.0,65400000.0,neh
P2,mon,291,34378.0,65600000.0,neh
P2,mon,292,34493.0,65800000.0,neh
P2,mon,293,34608.0,66200000.0,neh
P2,mon,294,34723.0,66400000.0,neh
P2,mon,295,34835.0,66600000.0,neh
P2,mon,296,34947.0,66800000.0,neh
P2,mon,297,35061.0,67000000.0,neh
P2,mon,298,35177.0,67200000.0,neh
P2,mon,299,35292.0,67400000.0,neh
P2,mon,300,35403.0,67800000.0,neh
P2,mon,301,35519.0,68000000.0,neh
P2,mon,302,35633.0,68200000.0,neh
P2,mon,303,35748.0,68400000.0,neh
P2,mon,304,35863.0,68600000.0,neh
P2,mon,305,35977.0,68800000.0,neh
P2,mon,306,36088.0,69000000.0,neh
P2,mon,307,36201.0,69400000.0,neh
P2,mon,308,36314.0,69600000.0,neh
P2,mon,309,36425.0,69800000.0,neh
P2,mon,310,36537.0,70000000.0,neh
P2,mon,311,36652.0,70200000.0,neh
P2,mon,312,36766.0,70400000.0,neh
P2,mon,313,36879.0,70600000.0,neh
P2,mon,314,36991.0,70800000.0,neh
P2,mon,315,37102.0,71200000.0,neh
P2,mon,316,37217.0,71400000.0,neh
P2,mon,317,37331.0,71600000.0,neh
P2,mon,318,37446.0,71800000.0,neh
P2,mon,319,37557.0,72000000.0,neh
P2,mon,320,37673.0,72200000.0,neh
P2,mon,321,37784.0,72400000.0,neh
P2,mon,322,37900.0,72800000.0,neh
P2,mon,323,38011.0,73000000.0,neh
P2,mon,324,38126.0,73200000.0,neh
P2,mon,325,38240.0,73400000.0,neh
P2,mon,326,38351.0,73600000.0,neh
P2,mon,327,38465.0,73800000.0,neh
P2,mon,328,38581.0,74000000.0,neh
P2,mon,329,38691.0,74200000.0,neh
P2,mon,330,38806.0,74600000.0,neh
P2,mon,331,38917.0,74800000.0,neh
P2,mon,332,39028.0,75000000.0,neh
P2,mon,333,39142.0,75200000.0,neh
P2,mon,334,39258.0,75400000.0,neh
P2,mon,335,39373.0,75600000.0,neh
P2,mon,336,39487.0,75800000.0,neh
P2,mon,337,39600.0,76200000.0,neh
P2,mon,338,39714.0,76400000.0,neh
P2,mon,339,39827.0,76600000.0,neh
P2,mon,340,39941.0,76800000.0,neh
P2,mon,341,40054.0,77000000.0,neh
P2,mon,342,40169.0,77200000.0,neh
P2,mon,343,40280.0,77400000.0,neh
P2,mon,344,40392.0,77600000.0,neh
P2,mon,345,40506.0,78000000.0,neh
P2,mon,346,40622.0,78200000.0,neh
P2,mon,347,40732.0,78400000.0,neh
P2,mon,348,40844.0,78600000.0,neh
P2,mon,349,40960.0,78800000.0,neh
P2,mon,350,41074.0,79000000.0,neh
P2,mon,351,41187.0,79200000.0,neh
P2,mon,352,41299.0,79400000.0,neh
P2,mon,353,41414.0,79800000.0,neh
P2,mon,354,41527.0,80000000.0,neh
P2,mon,355,41642.0,80200000.0,neh
P2,mon,356,41752.0,80400000.0,neh
P2,mon,357,41866.0,80600000.0,neh
P2,mon,358,41981.0,80800000.0,neh
P2,mon,359,42096.0,81000000.0,neh
P2,mon,360,42211.0,81400000.0,neh
P2,mon,361,42321.0,81600000.0,neh
P2,mon,362,42433.0,81800000.0,neh
P2,mon,363,42547.0,82000000.0,neh
P2,mon,364,42659.0,82200000.0,neh
P2,mon,365,42775.0,82400000.0,neh
P2,mon,366,42890.0,82600000.0,neh
P2,mon,367,43001.0,83000000.0,neh
P2,mon,368,43112.0,83200000.0,neh
P2,mon,369,43224.0,83400000.0,neh
P2,mon,370,43339.0,83600000.0,neh
P2,mon,371,43455.0,83800000.0,neh
P2,mon,372,43570.0,84000000.0,neh
P2,mon,373,43684.0,84200000.0,neh
P2,mon,374,43796.0,84400000.0,neh
P2,mon,375,43910.0,84800000.0,neh
P2,mon,376,44022.0,85000000.0,neh
P2,mon,377,44137.0,85200000.0,neh
P2,mon,378,44247.0,85400000.0,neh
P2,mon,379,44361.0,85600000.0,neh
P2,mon,380,44476.0,85800000.0,neh
P2,mon,381,44587.0,86000000.0,neh
P2,mon,382,44703.0,86400000.0,neh
P2,mon,383,44816.0,86600000.0,neh
P2,mon,384,44928.0,86800000.0,neh
P2,mon,385,45044.0,87000000.0,neh
P2,mon,386,45158.0,87200000.0,neh
P2,mon,387,45272.0,87400000.0,neh
P2,mon,388,45387.0,87600000.0,neh
P2,mon,389,45498.0,87800000.0,neh
P2,mon,390,45609.0,88200000.0,neh
P2,mon,391,45722.0,88400000.0,neh
P2,mon,392,45837.0,88600000.0,neh
P2,mon,393,45949.0,88800000.0,neh
P2,mon,394,46063.0,89000000.0,neh
P2,mon,395,46174.0,89200000.0,neh
P2,mon,396,46286.0,89400000.0,neh
P2,mon,397,46399.0,89600000.0,neh
P2,mon,398,46513.0,90000000.0,neh
P2,mon,399,46624.0,90200000.0,neh
P2,mon,400,46740.0,90400000.0,neh
P2,mon,401,46852.0,90600000.0,neh
P2,mon,402,46964.0,90800000.0,neh
P2,mon,403,47078.0,91000000.0,neh
P2,mon,404,47191.0,91200000.0,neh
P2,mon,405,47303.0,91600000.0,neh
P2,mon,406,47415.0,91800000.0,neh
P2,mon,407,47527.0,92000000.0,neh
P2,mon,408,47638.0,92200000.0,neh
P2,mon,409,47752.0,92400000.0,neh
P2,mon,410,47868.0,92600000.0,neh
P2,mon,411,47983.0,92800000.0,neh
P2,mon,412,48093.0,93000000.0,neh
P2,mon,413,48209.0,93400000.0,neh
P2,mon,414,48320.0,93600000.0,neh
P2,mon,415,48432.0,93800000.0,neh
P2,mon,416,48542.0,94000000.0,neh
P2,mon,417,48655.0,94200000.0,neh
P2,mon,418,48767.0,94400000.0,neh
P2,mon,419,48877.0,94600000.0,neh
P2,mon,420,48992.0,94800000.0,neh
P2,mon,421,49106.0,95200000.0,neh
P2,mon,422,49220.0,95400000.0,neh
P2,mon,423,49335.0,95600000.0,neh
P2,mon,424,49450.0,95800000.0,neh
P2,mon,425,49564.0,96000000.0,neh
P2,mon,426,49677.0,96200000.0,neh
P2,mon,427,49790.0,96400000.0,neh
P2,mon,428,49903.0,96800000.0,neh
P2,mon,429,50017.0,97000000.0,neh
P2,mon,430,50133.0,97200000.0,neh
P2,mon,431,50243.0,97400000.0,neh
P2,mon,432,50359.0,97600000.0,neh
P2,mon,433,50471.0,97800000.0,neh
P2,mon,434,50586.0,98000000.0,neh
P2,mon,435,50699.0,98200000.0,neh
P2,mon,436,50811.0,98600000.0,neh
P2,mon,437,50923.0,98800000.0,neh
P2,mon,438,51034.0,99000000.0,neh
P2,mon,439,51148.0,99200000.0,neh
P2,mon,440,51260.0,99400000.0,neh
P2,mon,441,51374.0,99600000.0,neh
P2,mon,442,51486.0,99800000.0,neh
P2,mon,443,51597.0,100000000.0,neh
P2,mon,444,51710.0,100400000.0,neh
P2,mon,445,51820.0,100600000.0,neh
P2,mon,446,51931.0,100800000.0,neh
P2,mon,447,52045.0,101000000.0,neh
P2,mon,448,52156.0,101200000.0,neh
P2,mon,449,52272.0,101400000.0,neh
P2,mon,450,52384.0,101600000.0,neh
P2,mon,451,52499.0,101800000.0,neh
P2,mon,452,52613.0,102200000.0,neh
P2,mon,453,52728.0,102400000.0,neh
P2,mon,454,52840.0,102600000.0,neh
P2,mon,455,52953.0,102800000.0,neh
P2,mon,456,53067.0,103000000.0,neh
P2,mon,457,53181.0,103200000.0,neh
P2,mon,458,53295.0,103400000.0,neh
P2,mon,459,53409.0,103800000.0,neh
P2,mon,460,53522.0,104000000.0,neh
P2,mon,461,53637.0,104200000.0,neh
P2,mon,462,53751.0,104400000.0,neh
P2,mon,463,53861.0,104600000.0,neh
P2,mon,464,53977.0,104800000.0,neh
P2,mon,465,54088.0,105000000.0,neh
P2,mon,466,54203.0,105400000.0,neh
P2,mon,467,54317.0,105600000.0,neh
P2,mon,468,54433.0,105800000.0,neh
P2,mon,469,54549.0,106000000.0,neh
P2,mon,470,54660.0,106200000.0,neh
P2,mon,471,54771.0,106400000.0,neh
P2,mon,472,54881.0,106600000.0,neh
P2,mon,473,54991.0,106800000.0,neh
P2,mon,474,55107.0,107200000.0,neh
P2,mon,475,55220.0,107400000.0,neh
P2,mon,476,55335.0,107600000.0,neh
P2,mon,477,55448.0,107800000.0,neh
P2,mon,478,55562.0,108000000.0,neh
P2,mon,479,55676.0,108200000.0,neh
P2,mon,480,55787.0,108400000.0,neh
P2,mon,481,55903.0,108800000.0,neh
P2,mon,482,56015.0,109000000.0,neh
P2,mon,483,56130.0,109200000.0,neh
P2,mon,484,56241.0,109400000.0,neh
P2,mon,485,56355.0,109600000.0,neh
P2,mon,486,56465.0,109800000.0,neh
P2,mon,487,56581.0,110000000.0,neh
P2,mon,488,56693.0,110200000.0,neh
P2,mon,489,56805.0,110600000.0,neh
P2,mon,490,56917.0,110800000.0,neh
P2,mon,491,57030.0,111000000.0,neh
P2,mon,492,57144.0,111200000.0,neh
P2,mon,493,57259.0,111400000.0,neh
P2,mon,494,57375.0,111600000.0,neh
P2,mon,495,57487.0,111800000.0,neh
P2,mon,496,57602.0,112200000.0,neh
P2,mon,497,57714.0,112400000.0,neh
P2,mon,498,57824.0,112600000.0,neh
P2,mon,499,57938.0,112800000.0,neh
P2,mon,500,58049.0,113000000.0,neh
P2,tue,1,1337.0,5300000.0,neh
P2,tue,2,1422.0,5400000.0,neh
P2,tue,3,1523.0,5500000.0,neh
P2,tue,4,1621.0,5600000.0,neh
P2,tue,5,1696.0,5600000.0,neh
P2,tue,6,1804.0,5800000.0,neh
P2,tue,7,1895.0,5800000.0,neh
P2,tue,8,2005.0,6000000.0,neh
P2,tue,9,2112.0,6100000.0,neh
P2,tue,10,2205.0,6200000.0,neh
P2,tue,11,2310.0,6300000.0,neh
P2,tue,12,2416.0,6400000.0,neh
P2,tue,13,2525.0,6500000.0,neh
P2,tue,14,2623.0,6600000.0,neh
P2,tue,15,2715.0,6700000.0,neh
P2,tue,16,2823.0,6800000.0,neh
P2,tue,17,2926.0,6900000.0,neh
P2,tue,18,3031.0,7000000.0,neh
P2,tue,19,3138.0,7100000.0,neh
P2,tue,20,3232.0,7200000.0,neh
P2,tue,21,3340.0,7300000.0,neh
P2,tue,22,3447.0,7400000.0,neh
P2,tue,23,3554.0,7500000.0,neh
P2,tue,24,3659.0,7600000.0,neh
P2,tue,25,3768.0,7700000.0,neh
P2,tue,26,3874.0,7800000.0,neh
P2,tue,27,3982.0,7900000.0,neh
P2,tue,28,4089.0,8000000.0,neh
P2,tue,29,4191.0,8100000.0,neh
P2,tue,30,4299.0,8200000.0,neh
P2,tue,31,4407.0,8400000.0,neh
P2,tue,32,4516.0,8500000.0,neh
P2,tue,33,4618.0,8600000.0,neh
P2,tue,34,4728.0,8700000.0,neh
P2,tue,35,4828.0,8800000.0,neh
P2,tue,36,4928.0,8900000.0,neh
P2,tue,37,5036.0,9000000.0,neh
P2,tue,38,5140.0,9100000.0,neh
P2,tue,39,5250.0,9200000.0,neh
P2,tue,40,5352.0,9300000.0,neh
P2,tue,41,5461.0,9400000.0,neh
P2,tue,42,5569.0,9500000.0,neh
P2,tue,43,5673.0,9600000.0,neh
P2,tue,44,5782.0,9700000.0,neh
P2,tue,45,5887.0,9800000.0,neh
P2,tue,46,5994.0,9900000.0,neh
P2,tue,47,6099.0,10000000.0,neh
P2,tue,48,6206.0,10200000.0,neh
P2,tue,49,6316.0,10300000.0,neh
P2,tue,50,6416.0,10400000.0,neh
P2,tue,51,6523.0,10500000.0,neh
P2,tue,52,6631.0,10600000.0,neh
P2,tue,53,6736.0,10700000.0,neh
P2,tue,54,6837.0,10800000.0,neh
P2,tue,55,6944.0,10900000.0,neh
P2,tue,56,7051.0,11000000.0,neh
P2,tue,57,7151.0,11200000.0,neh
P2,tue,58,7261.0,11400000.0,neh
P2,tue,59,7369.0,11600000.0,neh
P2,tue,60,7473.0,11800000.0,neh
P2,tue,61,7582.0,12000000.0,neh
P2,tue,62,7683.0,12200000.0,neh
P2,tue,63,7789.0,12400000.0,neh
P2,tue,64,7890.0,12600000.0,neh
P2,tue,65,7996.0,12800000.0,neh
P2,tue,66,8096.0,13000000.0,neh
P2,tue,67,8205.0,13400000.0,neh
P2,tue,68,8315.0,13600000.0,neh
P2,tue,69,8419.0,13800000.0,neh
P2,tue,70,8524.0,14000000.0,neh
P2,tue,71,8624.0,14200000.0,neh
P2,tue,72,8732.0,14400000.0,neh
P2,tue,73,8834.0,14600000.0,neh
P2,tue,74,8936.0,14800000.0,neh
P2,tue,75,9042.0,15000000.0,neh
P2,tue,76,9147.0,15200000.0,neh
P2,tue,77,9257.0,15400000.0,neh
P2,tue,78,9360.0,15600000.0,neh
P2,tue,79,9469.0,15800000.0,neh
P2,tue,80,9572.0,16000000.0,neh
P2,tue,81,9682.0,16200000.0,neh
P2,tue,82,9791.0,16400000.0,neh
P2,tue,83,9899.0,16600000.0,neh
P2,tue,84,10000.0,17000000.0,neh
P2,tue,85,10110.0,17200000.0,neh
P2,tue,86,10217.0,17400000.0,neh
P2,tue,87,10324.0,17600000.0,neh
P2,tue,88,10426.0,17800000.0,neh
P2,tue,89,10527.0,18000000.0,neh
P2,tue,90,10631.0,18200000.0,neh
P2,tue,91,10733.0,18400000.0,neh
P2,tue,92,10840.0,18600000.0,neh
P2,tue,93,10944.0,18800000.0,neh
P2,tue,94,11047.0,19000000.0,neh
P2,tue,95,11149.0,19200000.0,neh
P2,tue,96,11253.0,19400000.0,neh
P2,tue,97,11359.0,19600000.0,neh
P2,tue,98,11466.0,19800000.0,neh
P2,tue,99,11571.0,20000000.0,neh
P2,tue,100,11676.0,20200000.0,neh
P2,tue,101,11782.0,20400000.0,neh
P2,tue,102,11882.0,20600000.0,neh
P2,tue,103,11985.0,20800000.0,neh
P2,tue,104,12089.0,21000000.0,neh
P2,tue,105,12196.0,21200000.0,neh
P2,tue,106,12299.0,21400000.0,neh
P2,tue,107,12408.0,21800000.0,neh
P2,tue,108,12508.0,22000000.0,neh
P2,tue,109,12614.0,22200000.0,neh
P2,tue,110,12715.0,22400000.0,neh
P2,tue,111,12824.0,22600000.0,neh
P2,tue,112,12930.0,22800000.0,neh
P2,tue,113,13039.0,23000000.0,neh
P2,tue,114,13145.0,23200000.0,neh
P2,tue,115,13251.0,23400000.0,neh
P2,tue,116,13357.0,23600000.0,neh
P2,tue,117,13457.0,23800000.0,neh
P2,tue,118,13560.0,24000000.0,neh
P2,tue,119,13666.0,24200000.0,neh
P2,tue,120,13776.0,24400000.0,neh
P2,tue,121,13885.0,24600000.0,neh
P2,tue,122,13985.0,24800000.0,neh
P2,tue,123,14088.0,25000000.0,neh
P2,tue,124,14196.0,25200000.0,neh
P2,tue,125,14297.0,25400000.0,neh
P2,tue,126,14406.0,25800000.0,neh
P2,tue,127,14511.0,26000000.0,neh
P2,tue,128,14620.0,26200000.0,neh
P2,tue,129,14721.0,26400000.0,neh
P2,tue,130,14829.0,26600000.0,neh
P2,tue,131,14930.0,26800000.0,neh
P2,tue,132,15030.0,27000000.0,neh
P2,tue,133,15140.0,27200000.0,neh
P2,tue,134,15250.0,27400000.0,neh
P2,tue,135,15358.0,27600000.0,neh
P2,tue,136,15468.0,27800000.0,neh
P2,tue,137,15572.0,28000000.0,neh
P2,tue,138,15681.0,28200000.0,neh
P2,tue,139,15783.0,28400000.0,neh
P2,tue,140,15891.0,28600000.0,neh
P2,tue,141,15992.0,28800000.0,neh
P2,tue,142,16099.0,29000000.0,neh
P2,tue,143,16209.0,29400000.0,neh
P2,tue,144,16309.0,29600000.0,neh
P2,tue,145,16418.0,29800000.0,neh
P2,tue,146,16518.0,30000000.0,neh
P2,tue,147,16627.0,30200000.0,neh
P2,tue,148,16737.0,30400000.0,neh
P2,tue,149,16845.0,30600000.0,neh
P2,tue,150,16949.0,30800000.0,neh
P2,tue,151,17057.0,31000000.0,neh
P2,tue,152,17164.0,31200000.0,neh
P2,tue,153,17265.0,31400000.0,neh
P2,tue,154,17373.0,31600000.0,neh
P2,tue,155,17477.0,31800000.0,neh
P2,tue,156,17578.0,32000000.0,neh
P2,tue,157,17687.0,32200000.0,neh
P2,tue,158,17796.0,32400000.0,neh
P2,tue,159,17899.0,32600000.0,neh
P2,tue,160,18004.0,33000000.0,neh
P2,tue,161,18106.0,33200000.0,neh
P2,tue,162,18211.0,33400000.0,neh
P2,tue,163,18315.0,33600000.0,neh
P2,tue,164,18415.0,33800000.0,neh
P2,tue,165,18524.0,34000000.0,neh
P2,tue,166,18633.0,34200000.0,neh
P2,tue,167,18736.0,34400000.0,neh
P2,tue,168,18842.0,34600000.0,neh
P2,tue,169,18943.0,34800000.0,neh
P2,tue,170,19050.0,35000000.0,neh
P2,tue,171,19156.0,35200000.0,neh
P2,tue,172,19256.0,35400000.0,neh
P2,tue,173,19360.0,35600000.0,neh
P2,tue,174,19469.0,35800000.0,neh
P2,tue,175,19578.0,36000000.0,neh
P2,tue,176,19686.0,36200000.0,neh
P2,tue,177,19796.0,36400000.0,neh
P2,tue,178,19897.0,36600000.0,neh
P2,tue,179,19998.0,36800000.0,neh
P2,tue,180,20103.0,37200000.0,neh
P2,tue,181,20212.0,37400000.0,neh
P2,tue,182,20313.0,37600000.0,neh
P2,tue,183,20420.0,37800000.0,neh
P2,tue,184,20525.0,38000000.0,neh
P2,tue,185,20625.0,38200000.0,neh
P2,tue,186,20729.0,38400000.0,neh
P2,tue,187,20833.0,38600000.0,neh
P2,tue,188,20940.0,38800000.0,neh
P2,tue,189,21040.0,39000000.0,neh
P2,tue,190,21141.0,39200000.0,neh
P2,tue,191,21245.0,39400000.0,neh
P2,tue,192,21346.0,39600000.0,neh
P2,tue,193,21455.0,39800000.0,neh
P2,tue,194,21559.0,40000000.0,neh
P2,tue,195,21662.0,40200000.0,neh
P2,tue,196,21768.0,40400000.0,neh
P2,tue,197,21872.0,40600000.0,neh
P2,tue,198,21973.0,40800000.0,neh
P2,tue,199,22079.0,41000000.0,neh
P2,tue,200,22182.0,41200000.0,neh
P2,tue,201,22283.0,41400000.0,neh
P2,tue,202,22391.0,41600000.0,neh
P2,tue,203,22499.0,41800000.0,neh
P2,tue,204,22602.0,42200000.0,neh
P2,tue,205,22703.0,42400000.0,neh
P2,tue,206,22808.0,42600000.0,neh
P2,tue,207,22917.0,42800000.0,neh
P2,tue,208,23024.0,43000000.0,neh
P2,tue,209,23130.0,43200000.0,neh
P2,tue,210,23239.0,43400000.0,neh
P2,tue,211,23345.0,43600000.0,neh
P2,tue,212,23451.0,43800000.0,neh
P2,tue,213,23560.0,44000000.0,neh
P2,tue,214,23663.0,44200000.0,neh
P2,tue,215,23771.0,44400000.0,neh
P2,tue,216,23880.0,44600000.0,neh
P2,tue,217,23981.0,44800000.0,neh
P2,tue,218,24087.0,45000000.0,neh
P2,tue,219,24189.0,45200000.0,neh
P2,tue,220,24298.0,45400000.0,neh
P2,tue,221,24403.0,45800000.0,neh
P2,tue,222,24510.0,46000000.0,neh
P2,tue,223,24612.0,46200000.0,neh
P2,tue,224,24721.0,46400000.0,neh
P2,tue,225,24827.0,46600000.0,neh
P2,tue,226,24930.0,46800000.0,neh
P2,tue,227,25040.0,47000000.0,neh
P2,tue,228,25144.0,47200000.0,neh
P2,tue,229,25246.0,47400000.0,neh
P2,tue,230,25352.0,47600000.0,neh
P2,tue,231,25457.0,47800000.0,neh
P2,tue,232,25566.0,48000000.0,neh
P2,tue,233,25671.0,48200000.0,neh
P2,tue,234,25779.0,48400000.0,neh
P2,tue,235,25880.0,48600000.0,neh
P2,tue,236,25981.0,48800000.0,neh
P2,tue,237,26081.0,49000000.0,neh
P2,tue,238,26190.0,49200000.0,neh
P2,tue,239,26298.0,49400000.0,neh
P2,tue,240,26401.0,49800000.0,neh
P2,tue,241,26507.0,50000000.0,neh
P2,tue,242,26610.0,50200000.0,neh
P2,tue,243,26718.0,50400000.0,neh
P2,tue,244,26827.0,50600000.0,neh
P2,tue,245,26930.0,50800000.0,neh
P2,tue,246,27037.0,51000000.0,neh
P2,tue,247,27141.0,51200000.0,neh
P2,tue,248,27248.0,51400000.0,neh
P2,tue,249,27353.0,51600000.0,neh
P2,tue,250,27459.0,51800000.0,neh
P2,tue,251,27568.0,52000000.0,neh
P2,tue,252,27677.0,52200000.0,neh
P2,tue,253,27781.0,52400000.0,neh
P2,tue,254,27886.0,52600000.0,neh
P2,tue,255,27988.0,52800000.0,neh
P2,tue,256,28089.0,53000000.0,neh
P2,tue,257,28192.0,53200000.0,neh
P2,tue,258,28302.0,53600000.0,neh
P2,tue,259,28407.0,53800000.0,neh
P2,tue,260,28509.0,54000000.0,neh
P2,tue,261,28618.0,54200000.0,neh
P2,tue,262,28726.0,54400000.0,neh
P2,tue,263,28830.0,54600000.0,neh
P2,tue,264,28936.0,54800000.0,neh
P2,tue,265,29044.0,55000000.0,neh
P2,tue,266,29149.0,55200000.0,neh
P2,tue,267,29250.0,55400000.0,neh
P2,tue,268,29353.0,55600000.0,neh
P2,tue,269,29461.0,55800000.0,neh
P2,tue,270,29567.0,56000000.0,neh
P2,tue,271,29671.0,56200000.0,neh
P2,tue,272,29775.0,56400000.0,neh
P2,tue,273,29878.0,56600000.0,neh
P2,tue,274,29981.0,56800000.0,neh
P2,tue,275,30090.0,57000000.0,neh
P2,tue,276,30195.0,57200000.0,neh
P2,tue,277,30303.0,57600000.0,neh
P2,tue,278,30407.0,57800000.0,neh
P2,tue,279,30512.0,58000000.0,neh
P2,tue,280,30615.0,58200000.0,neh
P2,tue,281,30718.0,58400000.0,neh
P2,tue,282,30825.0,58600000.0,neh
P2,tue,283,30927.0,58800000.0,neh
P2,tue,284,31027.0,59000000.0,neh
P2,tue,285,31131.0,59200000.0,neh
P2,tue,286,31236.0,59400000.0,neh
P2,tue,287,31342.0,59600000.0,neh
P2,tue,288,31446.0,59800000.0,neh
P2,tue,289,31552.0,60000000.0,neh
P2,tue,290,31661.0,60200000.0,neh
P2,tue,291,31767.0,60400000.0,neh
P2,tue,292,31871.0,60600000.0,neh
P2,tue,293,31975.0,60800000.0,neh
P2,tue,294,32079.0,61000000.0,neh
P2,tue,295,32179.0,61200000.0,neh
P2,tue,296,32281.0,61400000.0,neh
P2,tue,297,32385.0,61600000.0,neh
P2,tue,298,32492.0,61800000.0,neh
P2,tue,299,32593.0,62000000.0,neh
P2,tue,300,32699.0,62200000.0,neh
P2,tue,301,32803.0,62600000.0,neh
P2,tue,302,32912.0,62800000.0,neh
P2,tue,303,33012.0,63000000.0,neh
P2,tue,304,33120.0,63200000.0,neh
P2,tue,305,33222.0,63400000.0,neh
P2,tue,306,33324.0,63600000.0,neh
P2,tue,307,33426.0,63800000.0,neh
P2,tue,308,33536.0,64000000.0,neh
P2,tue,309,33642.0,64200000.0,neh
P2,tue,310,33749.0,64400000.0,neh
P2,tue,311,33853.0,64600000.0,neh
P2,tue,312,33953.0,64800000.0,neh
P2,tue,313,34058.0,65000000.0,neh
P2,tue,314,34160.0,65200000.0,neh
P2,tue,315,34264.0,65400000.0,neh
P2,tue,316,34369.0,65600000.0,neh
P2,tue,317,34471.0,65800000.0,neh
P2,tue,318,34574.0,66000000.0,neh
P2,tue,319,34678.0,66200000.0,neh
P2,tue,320,34787.0,66400000.0,neh
P2,tue,321,34896.0,66600000.0,neh
P2,tue,322,34999.0,66800000.0,neh
P2,tue,323,35105.0,67200000.0,neh
P2,tue,324,35214.0,67400000.0,neh
P2,tue,325,35317.0,67600000.0,neh
P2,tue,326,35418.0,67800000.0,neh
P2,tue,327,35523.0,68000000.0,neh
P2,tue,328,35624.0,68200000.0,neh
P2,tue,329,35727.0,68400000.0,neh
P2,tue,330,35830.0,68600000.0,neh
P2,tue,331,35933.0,68800000.0,neh
P2,tue,332,36034.0,69000000.0,neh
P2,tue,333,36140.0,69200000.0,neh
P2,tue,334,36242.0,69400000.0,neh
P2,tue,335,36343.0,69600000.0,neh
P2,tue,336,36445.0,69800000.0,neh
P2,tue,337,36553.0,70000000.0,neh
P2,tue,338,36663.0,70200000.0,neh
P2,tue,339,36768.0,70400000.0,neh
P2,tue,340,36878.0,70600000.0,neh
P2,tue,341,36980.0,70800000.0,neh
P2,tue,342,37081.0,71000000.0,neh
P2,tue,343,37181.0,71200000.0,neh
P2,tue,344,37283.0,71400000.0,neh
P2,tue,345,37385.0,71600000.0,neh
P2,tue,346,37493.0,71800000.0,neh
P2,tue,347,37602.0,72200000.0,neh
P2,tue,348,37706.0,72400000.0,neh
P2,tue,349,37808.0,72600000.0,neh
P2,tue,350,37917.0,72800000.0,neh
P2,tue,351,38027.0,73000000.0,neh
P2,tue,352,38130.0,73200000.0,neh
P2,tue,353,38232.0,73400000.0,neh
P2,tue,354,38342.0,73600000.0,neh
P2,tue,355,38450.0,73800000.0,neh
P2,tue,356,38555.0,74000000.0,neh
P2,tue,357,38658.0,74200000.0,neh
P2,tue,358,38764.0,74400000.0,neh
P2,tue,359,38868.0,74600000.0,neh
P2,tue,360,38970.0,74800000.0,neh
P2,tue,361,39074.0,75000000.0,neh
P2,tue,362,39180.0,75200000.0,neh
P2,tue,363,39281.0,75400000.0,neh
P2,tue,364,39381.0,75600000.0,neh
P2,tue,365,39482.0,75800000.0,neh
P2,tue,366,39587.0,76000000.0,neh
P2,tue,367,39691.0,76200000.0,neh
P2,tue,368,39800.0,76600000.0,neh
P2,tue,369,39903.0,76800000.0,neh
P2,tue,370,40010.0,77000000.0,neh
P2,tue,371,40114.0,77200000.0,neh
P2,tue,372,40215.0,77400000.0,neh
P2,tue,373,40320.0,77600000.0,neh
P2,tue,374,40422.0,77800000.0,neh
P2,tue,375,40528.0,78000000.0,neh
P2,tue,376,40629.0,78200000.0,neh
P2,tue,377,40729.0,78400000.0,neh
P2,tue,378,40836.0,78600000.0,neh
P2,tue,379,40942.0,78800000.0,neh
P2,tue,380,41045.0,79000000.0,neh
P2,tue,381,41152.0,79200000.0,neh
P2,tue,382,41257.0,79400000.0,neh
P2,tue,383,41357.0,79600000.0,neh
P2,tue,384,41459.0,79800000.0,neh
P2,tue,385,41566.0,80000000.0,neh
P2,tue,386,41674.0,80200000.0,neh
P2,tue,387,41783.0,80400000.0,neh
P2,tue,388,41885.0,80600000.0,neh
P2,tue,389,41990.0,80800000.0,neh
P2,tue,390,42098.0,81000000.0,neh
P2,tue,391,42202.0,81400000.0,neh
P2,tue,392,42311.0,81600000.0,neh
P2,tue,393,42420.0,81800000.0,neh
P2,tue,394,42527.0,82000000.0,neh
P2,tue,395,42630.0,82200000.0,neh
P2,tue,396,42733.0,82400000.0,neh
P2,tue,397,42835.0,82600000.0,neh
P2,tue,398,42937.0,82800000.0,neh
P2,tue,399,43043.0,83000000.0,neh
P2,tue,400,43145.0,83200000.0,neh
P2,tue,401,43252.0,83400000.0,neh
P2,tue,402,43359.0,83600000.0,neh
P2,tue,403,43465.0,83800000.0,neh
P2,tue,404,43569.0,84000000.0,neh
P2,tue,405,43673.0,84200000.0,neh
P2,tue,406,43774.0,84400000.0,neh
P2,tue,407,43884.0,84600000.0,neh
P2,tue,408,43989.0,84800000.0,neh
P2,tue,409,44089.0,85000000.0,neh
P2,tue,410,44197.0,85200000.0,neh
P2,tue,411,44300.0,85600000.0,neh
P2,tue,412,44401.0,85800000.0,neh
P2,tue,413,44507.0,86000000.0,neh
P2,tue,414,44610.0,86200000.0,neh
P2,tue,415,44713.0,86400000.0,neh
P2,tue,416,44821.0,86600000.0,neh
P2,tue,417,44924.0,86800000.0,neh
P2,tue,418,45033.0,87000000.0,neh
P2,tue,419,45135.0,87200000.0,neh
P2,tue,420,45235.0,87400000.0,neh
P2,tue,421,45338.0,87600000.0,neh
P2,tue,422,45447.0,87800000.0,neh
P2,tue,423,45549.0,88000000.0,neh
P2,tue,424,45653.0,88200000.0,neh
P2,tue,425,45757.0,88400000.0,neh
P2,tue,426,45865.0,88600000.0,neh
P2,tue,427,45970.0,88800000.0,neh
P2,tue,428,46074.0,89000000.0,neh
P2,tue,429,46180.0,89200000.0,neh
P2,tue,430,46284.0,89400000.0,neh
P2,tue,431,46385.0,89600000.0,neh
P2,tue,432,46493.0,89800000.0,neh
P2,tue,433,46601.0,90200000.0,neh
P2,tue,434,46706.0,90400000.0,neh
P2,tue,435,46810.0,90600000.0,neh
P2,tue,436,46917.0,90800000.0,neh
P2,tue,437,47026.0,91000000.0,neh
P2,tue,438,47130.0,91200000.0,neh
P2,tue,439,47235.0,91400000.0,neh
P2,tue,440,47339.0,91600000.0,neh
P2,tue,441,47445.0,91800000.0,neh
P2,tue,442,47548.0,92000000.0,neh
P2,tue,443,47656.0,92200000.0,neh
P2,tue,444,47763.0,92400000.0,neh
P2,tue,445,47864.0,92600000.0,neh
P2,tue,446,47973.0,92800000.0,neh
P2,tue,447,48076.0,93000000.0,neh
P2,tue,448,48179.0,93200000.0,neh
P2,tue,449,48284.0,93400000.0,neh
P2,tue,450,48389.0,93600000.0,neh
P2,tue,451,48491.0,93800000.0,neh
P2,tue,452,48601.0,94200000.0,neh
P2,tue,453,48701.0,94400000.0,neh
P2,tue,454,48804.0,94600000.0,neh
P2,tue,455,48907.0,94800000.0,neh
P2,tue,456,49011.0,95000000.0,neh
P2,tue,457,49111.0,95200000.0,neh
P2,tue,458,49221.0,95400000.0,neh
P2,tue,459,49331.0,95600000.0,neh
P2,tue,460,49432.0,95800000.0,neh
P2,tue,461,49538.0,96000000.0,neh
P2,tue,462,49643.0,96200000.0,neh
P2,tue,463,49747.0,96400000.0,neh
P2,tue,464,49855.0,96600000.0,neh
P2,tue,465,49959.0,96800000.0,neh
P2,tue,466,50065.0,97000000.0,neh
P2,tue,467,50171.0,97200000.0,neh
P2,tue,468,50274.0,97400000.0,neh
P2,tue,469,50382.0,97600000.0,neh
P2,tue,470,50484.0,97800000.0,neh
P2,tue,471,50591.0,98000000.0,neh
P2,tue,472,50695.0,98200000.0,neh
P2,tue,473,50796.0,98400000.0,neh
P2,tue,474,50905.0,98800000.0,neh
P2,tue,475,51015.0,99000000.0,neh
P2,tue,476,51116.0,99200000.0,neh
P2,tue,477,51217.0,99400000.0,neh
P2,tue,478,51323.0,99600000.0,neh
P2,tue,479,51425.0,99800000.0,neh
P2,tue,480,51532.0,100000000.0,neh
P2,tue,481,51634.0,100200000.0,neh
P2,tue,482,51737.0,100400000.0,neh
P2,tue,483,51840.0,100600000.0,neh
P2,tue,484,51942.0,100800000.0,neh
P2,tue,485,52045.0,101000000.0,neh
P2,tue,486,52152.0,101200000.0,neh
P2,tue,487,52257.0,101400000.0,neh
P2,tue,488,52362.0,101600000.0,neh
P2,tue,489,52463.0,101800000.0,neh
P2,tue,490,52565.0,102000000.0,neh
P2,tue,491,52666.0,102200000.0,neh
P2,tue,492,52774.0,102400000.0,neh
P2,tue,493,52883.0,102600000.0,neh
P2,tue,494,52990.0,102800000.0,neh
P2,tue,495,53093.0,103000000.0,neh
P2,tue,496,53200.0,103400000.0,neh
P2,tue,497,53308.0,103600000.0,neh
P2,tue,498,53417.0,103800000.0,neh
P2,tue,499,53519.0,104000000.0,neh
P2,tue,500,53620.0,104200000.0,neh
P2,wed,1,1278.0,5200000.0,neh
P2,wed,2,1427.0,5400000.0,neh
P2,wed,3,1498.0,5400000.0,neh
P2,wed,4,1574.0,5500000.0,neh
P2,wed,5,1654.0,5600000.0,neh
P2,wed,6,1756.0,5700000.0,neh
P2,wed,7,1839.0,5800000.0,neh
P2,wed,8,1926.0,5900000.0,neh
P2,wed,9,2022.0,6000000.0,neh
P2,wed,10,2116.0,6100000.0,neh
P2,wed,11,2207.0,6200000.0,neh
P2,wed,12,2297.0,6200000.0,neh
P2,wed,13,2389.0,6300000.0,neh
P2,wed,14,2477.0,6400000.0,neh
P2,wed,15,2568.0,6500000.0,neh
P2,wed,16,2662.0,6600000.0,neh
P2,wed,17,2753.0,6700000.0,neh
P2,wed,18,2845.0,6800000.0,neh
P2,wed,19,2940.0,6900000.0,neh
P2,wed,20,3032.0,7000000.0,neh
P2,wed,21,3122.0,7100000.0,neh
P2,wed,22,3213.0,7200000.0,neh
P2,wed,23,3306.0,7300000.0,neh
P2,wed,24,3402.0,7400000.0,neh
P2,wed,25,3495.0,7400000.0,neh
P2,wed,26,3587.0,7500000.0,neh
P2,wed,27,3682.0,7600000.0,neh
P2,wed,28,3775.0,7700000.0,neh
P2,wed,29,3869.0,7800000.0,neh
P2,wed,30,3960.0,7900000.0,neh
P2,wed,31,4052.0,8000000.0,neh
P2,wed,32,4148.0,8100000.0,neh
P2,wed,33,4242.0,8200000.0,neh
P2,wed,34,4334.0,8300000.0,neh
P2,wed,35,4420.0,8400000.0,neh
P2,wed,36,4516.0,8500000.0,neh
P2,wed,37,4612.0,8600000.0,neh
P2,wed,38,4705.0,8700000.0,neh
P2,wed,39,4794.0,8700000.0,neh
P2,wed,40,4882.0,8800000.0,neh
P2,wed,41,4977.0,8900000.0,neh
P2,wed,42,5063.0,9000000.0,neh
P2,wed,43,5155.0,9100000.0,neh
P2,wed,44,5245.0,9200000.0,neh
P2,wed,45,5339.0,9300000.0,neh
P2,wed,46,5435.0,9400000.0,neh
P2,wed,47,5527.0,9500000.0,neh
P2,wed,48,5621.0,9600000.0,neh
P2,wed,49,5715.0,9700000.0,neh
P2,wed,50,5809.0,9800000.0,neh
P2,wed,51,5900.0,9900000.0,neh
P2,wed,52,5990.0,9900000.0,neh
P2,wed,53,6085.0,10000000.0,neh
P2,wed,54,6175.0,10100000.0,neh
P2,wed,55,6265.0,10200000.0,neh
P2,wed,56,6360.0,10300000.0,neh
P2,wed,57,6454.0,10400000.0,neh
P2,wed,58,6547.0,10500000.0,neh
P2,wed,59,6637.0,10600000.0,neh
P2,wed,60,6733.0,10700000.0,neh
P2,wed,61,6826.0,10800000.0,neh
P2,wed,62,6922.0,10900000.0,neh
P2,wed,63,7013.0,11000000.0,neh
P2,wed,64,7105.0,11200000.0,neh
P2,wed,65,7199.0,11200000.0,neh
P2,wed,66,7295.0,11400000.0,neh
P2,wed,67,7386.0,11600000.0,neh
P2,wed,68,7478.0,11800000.0,neh
P2,wed,69,7570.0,12000000.0,neh
P2,wed,70,7664.0,12200000.0,neh
P2,wed,71,7756.0,12400000.0,neh
P2,wed,72,7852.0,12600000.0,neh
P2,wed,73,7945.0,12800000.0,neh
P2,wed,74,8036.0,13000000.0,neh
P2,wed,75,8128.0,13200000.0,neh
P2,wed,76,8219.0,13400000.0,neh
P2,wed,77,8309.0,13600000.0,neh
P2,wed,78,8398.0,13600000.0,neh
P2,wed,79,8492.0,13800000.0,neh
P2,wed,80,8576.0,14000000.0,neh
P2,wed,81,8672.0,14200000.0,neh
P2,wed,82,8764.0,14400000.0,neh
P2,wed,83,8859.0,14600000.0,neh
P2,wed,84,8950.0,14800000.0,neh
P2,wed,85,9034.0,15000000.0,neh
P2,wed,86,9125.0,15200000.0,neh
P2,wed,87,9217.0,15400000.0,neh
P2,wed,88,9312.0,15600000.0,neh
P2,wed,89,9402.0,15800000.0,neh
P2,wed,90,9496.0,15800000.0,neh
P2,wed,91,9584.0,16000000.0,neh
P2,wed,92,9680.0,16200000.0,neh
P2,wed,93,9768.0,16400000.0,neh
P2,wed,94,9864.0,16600000.0,neh
P2,wed,95,9958.0,16800000.0,neh
P2,wed,96,10048.0,17000000.0,neh
P2,wed,97,10136.0,17200000.0,neh
P2,wed,98,10231.0,17400000.0,neh
P2,wed,99,10326.0,17600000.0,neh
P2,wed,100,10418.0,17800000.0,neh
P2,wed,101,10506.0,18000000.0,neh
P2,wed,102,10601.0,18200000.0,neh
P2,wed,103,10692.0,18200000.0,neh
P2,wed,104,10788.0,18400000.0,neh
P2,wed,105,10880.0,18600000.0,neh
P2,wed,106,10974.0,18800000.0,neh
P2,wed,107,11067.0,19000000.0,neh
P2,wed,108,11159.0,19200000.0,neh
P2,wed,109,11248.0,19400000.0,neh
P2,wed,110,11337.0,19600000.0,neh
P2,wed,111,11431.0,19800000.0,neh
P2,wed,112,11522.0,20000000.0,neh
P2,wed,113,11615.0,20200000.0,neh
P2,wed,114,11703.0,20400000.0,neh
P2,wed,115,11795.0,20400000.0,neh
P2,wed,116,11891.0,20600000.0,neh
P2,wed,117,11982.0,20800000.0,neh
P2,wed,118,12074.0,21000000.0,neh
P2,wed,119,12165.0,21200000.0,neh
P2,wed,120,12257.0,21400000.0,neh
P2,wed,121,12349.0,21600000.0,neh
P2,wed,122,12444.0,21800000.0,neh
P2,wed,123,12535.0,22000000.0,neh
P2,wed,124,12630.0,22200000.0,neh
P2,wed,125,12723.0,22400000.0,neh
P2,wed,126,12817.0,22600000.0,neh
P2,wed,127,12910.0,22800000.0,neh
P2,wed,128,13002.0,23000000.0,neh
P2,wed,129,13097.0,23000000.0,neh
P2,wed,130,13192.0,23200000.0,neh
P2,wed,131,13288.0,23400000.0,neh
P2,wed,132,13383.0,23600000.0,neh
P2,wed,133,13478.0,23800000.0,neh
P2,wed,134,13571.0,24000000.0,neh
P2,wed,135,13663.0,24200000.0,neh
P2,wed,136,13758.0,24400000.0,neh
P2,wed,137,13851.0,24600000.0,neh
P2,wed,138,13942.0,24800000.0,neh
P2,wed,139,14037.0,25000000.0,neh
P2,wed,140,14128.0,25200000.0,neh
P2,wed,141,14219.0,25400000.0,neh
P2,wed,142,14313.0,25600000.0,neh
P2,wed,143,14404.0,25800000.0,neh
P2,wed,144,14499.0,25800000.0,neh
P2,wed,145,14589.0,26000000.0,neh
P2,wed,146,14678.0,26200000.0,neh
P2,wed,147,14771.0,26400000.0,neh
P2,wed,148,14860.0,26600000.0,neh
P2,wed,149,14951.0,26800000.0,neh
P2,wed,150,15047.0,27000000.0,neh
P2,wed,151,15137.0,27200000.0,neh
P2,wed,152,15232.0,27400000.0,neh
P2,wed,153,15323.0,27600000.0,neh
P2,wed,154,15414.0,27800000.0,neh
P2,wed,155,15506.0,28000000.0,neh
P2,wed,156,15598.0,28000000.0,neh
P2,wed,157,15690.0,28200000.0,neh
P2,wed,158,15778.0,28400000.0,neh
P2,wed,159,15871.0,28600000.0,neh
P2,wed,160,15965.0,28800000.0,neh
P2,wed,161,16054.0,29000000.0,neh
P2,wed,162,16146.0,29200000.0,neh
P2,wed,163,16239.0,29400000.0,neh
P2,wed,164,16333.0,29600000.0,neh
P2,wed,165,16424.0,29800000.0,neh
P2,wed,166,16515.0,30000000.0,neh
P2,wed,167,16605.0,30200000.0,neh
P2,wed,168,16695.0,30200000.0,neh
P2,wed,169,16788.0,30400000.0,neh
P2,wed,170,16883.0,30600000.0,neh
P2,wed,171,16972.0,30800000.0,neh
P2,wed,172,17062.0,31000000.0,neh
P2,wed,173,17154.0,31200000.0,neh
P2,wed,174,17244.0,31400000.0,neh
P2,wed,175,17333.0,31600000.0,neh
P2,wed,176,17422.0,31800000.0,neh
P2,wed,177,17512.0,32000000.0,neh
P2,wed,178,17600.0,32200000.0,neh
P2,wed,179,17690.0,32200000.0,neh
P2,wed,180,17785.0,32400000.0,neh
P2,wed,181,17876.0,32600000.0,neh
P2,wed,182,17967.0,32800000.0,neh
P2,wed,183,18063.0,33000000.0,neh
P2,wed,184,18159.0,33200000.0,neh
P2,wed,185,18250.0,33400000.0,neh
P2,wed,186,18343.0,33600000.0,neh
P2,wed,187,18432.0,33800000.0,neh
P2,wed,188,18526.0,34000000.0,neh
P2,wed,189,18615.0,34200000.0,neh
P2,wed,190,18705.0,34400000.0,neh
P2,wed,191,18800.0,34600000.0,neh
P2,wed,192,18895.0,34600000.0,neh
P2,wed,193,18987.0,34800000.0,neh
P2,wed,194,19078.0,35000000.0,neh
P2,wed,195,19167.0,35200000.0,neh
P2,wed,196,19257.0,35400000.0,neh
P2,wed,197,19346.0,35600000.0,neh
P2,wed,198,19439.0,35800000.0,neh
P2,wed,199,19533.0,36000000.0,neh
P2,wed,200,19628.0,36200000.0,neh
P2,wed,201,19721.0,36400000.0,neh
P2,wed,202,19809.0,36600000.0,neh
P2,wed,203,19900.0,36800000.0,neh
P2,wed,204,19989.0,36800000.0,neh
P2,wed,205,20078.0,37000000.0,neh
P2,wed,206,20168.0,37200000.0,neh
P2,wed,207,20258.0,37400000.0,neh
P2,wed,208,20347.0,37600000.0,neh
P2,wed,209,20440.0,37800000.0,neh
P2,wed,210,20535.0,38000000.0,neh
P2,wed,211,20629.0,38200000.0,neh
P2,wed,212,20724.0,38400000.0,neh
P2,wed,213,20816.0,38600000.0,neh
P2,wed,214,20911.0,38800000.0,neh
P2,wed,215,21000.0,39000000.0,neh
P2,wed,216,21090.0,39000000.0,neh
P2,wed,217,21185.0,39200000.0,neh
P2,wed,218,21279.0,39400000.0,neh
P2,wed,219,21371.0,39600000.0,neh
P2,wed,220,21459.0,39800000.0,neh
P2,wed,221,21550.0,40000000.0,neh
P2,wed,222,21643.0,40200000.0,neh
P2,wed,223,21735.0,40400000.0,neh
P2,wed,224,21826.0,40600000.0,neh
P2,wed,225,21917.0,40800000.0,neh
P2,wed,226,22006.0,41000000.0,neh
P2,wed,227,22101.0,41200000.0,neh
P2,wed,228,22189.0,41200000.0,neh
P2,wed,229,22279.0,41400000.0,neh
P2,wed,230,22372.0,41600000.0,neh
P2,wed,231,22461.0,41800000.0,neh
P2,wed,232,22554.0,42000000.0,neh
P2,wed,233,22648.0,42200000.0,neh
P2,wed,234,22740.0,42400000.0,neh
P2,wed,235,22830.0,42600000.0,neh
P2,wed,236,22920.0,42800000.0,neh
P2,wed,237,23013.0,43000000.0,neh
P2,wed,238,23106.0,43200000.0,neh
P2,wed,239,23199.0,43200000.0,neh
P2,wed,240,23289.0,43400000.0,neh
P2,wed,241,23381.0,43600000.0,neh
P2,wed,242,23471.0,43800000.0,neh
P2,wed,243,23564.0,44000000.0,neh
P2,wed,244,23653.0,44200000.0,neh
P2,wed,245,23742.0,44400000.0,neh
P2,wed,246,23833.0,44600000.0,neh
P2,wed,247,23927.0,44800000.0,neh
P2,wed,248,24019.0,45000000.0,neh
P2,wed,249,24113.0,45200000.0,neh
P2,wed,250,24204.0,45400000.0,neh
P2,wed,251,24300.0,45600000.0,neh
P2,wed,252,24393.0,45600000.0,neh
P2,wed,253,24482.0,45800000.0,neh
P2,wed,254,24573.0,46000000.0,neh
P2,wed,255,24669.0,46200000.0,neh
P2,wed,256,24761.0,46400000.0,neh
P2,wed,257,24854.0,46600000.0,neh
P2,wed,258,24943.0,46800000.0,neh
P2,wed,259,25038.0,47000000.0,neh
P2,wed,260,25129.0,47200000.0,neh
P2,wed,261,25218.0,47400000.0,neh
P2,wed,262,25307.0,47600000.0,neh
P2,wed,263,25398.0,47600000.0,neh
P2,wed,264,25486.0,47800000.0,neh
P2,wed,265,25578.0,48000000.0,neh
P2,wed,266,25667.0,48200000.0,neh
P2,wed,267,25758.0,48400000.0,neh
P2,wed,268,25848.0,48600000.0,neh
P2,wed,269,25936.0,48800000.0,neh
P2,wed,270,26025.0,49000000.0,neh
P2,wed,271,26119.0,49200000.0,neh
P2,wed,272,26214.0,49400000.0,neh
P2,wed,273,26302.0,49600000.0,neh
P2,wed,274,26395.0,49600000.0,neh
P2,wed,275,26489.0,49800000.0,neh
P2,wed,276,26580.0,50000000.0,neh
P2,wed,277,26671.0,50200000.0,neh
P2,wed,278,26763.0,50400000.0,neh
P2,wed,279,26856.0,50600000.0,neh
P2,wed,280,26950.0,50800000.0,neh
P2,wed,281,27042.0,51000000.0,neh
P2,wed,282,27133.0,51200000.0,neh
P2,wed,283,27221.0,51400000.0,neh
P2,wed,284,27313.0,51600000.0,neh
P2,wed,285,27402.0,51800000.0,neh
P2,wed,286,27498.0,51800000.0,neh
P2,wed,287,27586.0,52000000.0,neh
P2,wed,288,27682.0,52200000.0,neh
P2,wed,289,27773.0,52400000.0,neh
P2,wed,290,27865.0,52600000.0,neh
P2,wed,291,27955.0,52800000.0,neh
P2,wed,292,28051.0,53000000.0,neh
P2,wed,293,28147.0,53200000.0,neh
P2,wed,294,28235.0,53400000.0,neh
P2,wed,295,28329.0,53600000.0,neh
P2,wed,296,28418.0,53800000.0,neh
P2,wed,297,28506.0,54000000.0,neh
P2,wed,298,28597.0,54000000.0,neh
P2,wed,299,28689.0,54200000.0,neh
P2,wed,300,28784.0,54400000.0,neh
P2,wed,301,28879.0,54600000.0,neh
P2,wed,302,28968.0,54800000.0,neh
P2,wed,303,29059.0,55000000.0,neh
P2,wed,304,29154.0,55200000.0,neh
P2,wed,305,29248.0,55400000.0,neh
P2,wed,306,29338.0,55600000.0,neh
P2,wed,307,29433.0,55800000.0,neh
P2,wed,308,29525.0,56000000.0,neh
P2,wed,309,29614.0,56200000.0,neh
P2,wed,310,29702.0,56400000.0,neh
P2,wed,311,29790.0,56400000.0,neh
P2,wed,312,29881.0,56600000.0,neh
P2,wed,313,29973.0,56800000.0,neh
P2,wed,314,30062.0,57000000.0,neh
P2,wed,315,30156.0,57200000.0,neh
P2,wed,316,30245.0,57400000.0,neh
P2,wed,317,30338.0,57600000.0,neh
P2,wed,318,30432.0,57800000.0,neh
P2,wed,319,30525.0,58000000.0,neh
P2,wed,320,30620.0,58200000.0,neh
P2,wed,321,30713.0,58400000.0,neh
P2,wed,322,30807.0,58600000.0,neh
P2,wed,323,30895.0,58600000.0,neh
P2,wed,324,30983.0,58800000.0,neh
P2,wed,325,31072.0,59000000.0,neh
P2,wed,326,31161.0,59200000.0,neh
P2,wed,327,31251.0,59400000.0,neh
P2,wed,328,31341.0,59600000.0,neh
P2,wed,329,31434.0,59800000.0,neh
P2,wed,330,31529.0,60000000.0,neh
P2,wed,331,31621.0,60200000.0,neh
P2,wed,332,31709.0,60400000.0,neh
P2,wed,333,31800.0,60600000.0,neh
P2,wed,334,31892.0,60600000.0,neh
P2,wed,335,31983.0,60800000.0,neh
P2,wed,336,32077.0,61000000.0,neh
P2,wed,337,32167.0,61200000.0,neh
P2,wed,338,32257.0,61400000.0,neh
P2,wed,339,32349.0,61600000.0,neh
P2,wed,340,32439.0,61800000.0,neh
P2,wed,341,32535.0,62000000.0,neh
P2,wed,342,32626.0,62200000.0,neh
P2,wed,343,32721.0,62400000.0,neh
P2,wed,344,32811.0,62600000.0,neh
P2,wed,345,32905.0,62800000.0,neh
P2,wed,346,32999.0,62800000.0,neh
P2,wed,347,33093.0,63000000.0,neh
P2,wed,348,33185.0,63200000.0,neh
P2,wed,349,33276.0,63400000.0,neh
P2,wed,350,33365.0,63600000.0,neh
P2,wed,351,33457.0,63800000.0,neh
P2,wed,352,33548.0,64000000.0,neh
P2,wed,353,33641.0,64200000.0,neh
P2,wed,354,33733.0,64400000.0,neh
P2,wed,355,33827.0,64600000.0,neh
P2,wed,356,33922.0,64800000.0,neh
P2,wed,357,34018.0,65000000.0,neh
P2,wed,358,34109.0,65200000.0,neh
P2,wed,359,34205.0,65400000.0,neh
P2,wed,360,34298.0,65400000.0,neh
P2,wed,361,34392.0,65600000.0,neh
P2,wed,362,34487.0,65800000.0,neh
P2,wed,363,34580.0,66000000.0,neh
P2,wed,364,34674.0,66200000.0,neh
P2,wed,365,34764.0,66400000.0,neh
P2,wed,366,34853.0,66600000.0,neh
P2,wed,367,34947.0,66800000.0,neh
P2,wed,368,35039.0,67000000.0,neh
P2,wed,369,35130.0,67200000.0,neh
P2,wed,370,35223.0,67400000.0,neh
P2,wed,371,35318.0,67600000.0,neh
P2,wed,372,35409.0,67800000.0,neh
P2,wed,373,35499.0,67800000.0,neh
P2,wed,374,35588.0,68000000.0,neh
P2,wed,375,35680.0,68200000.0,neh
P2,wed,376,35776.0,68400000.0,neh
P2,wed,377,35867.0,68600000.0,neh
P2,wed,378,35958.0,68800000.0,neh
P2,wed,379,36050.0,69000000.0,neh
P2,wed,380,36145.0,69200000.0,neh
P2,wed,381,36235.0,69400000.0,neh
P2,wed,382,36331.0,69600000.0,neh
P2,wed,383,36424.0,69800000.0,neh
P2,wed,384,36512.0,70000000.0,neh
P2,wed,385,36603.0,70200000.0,neh
P2,wed,386,36691.0,70200000.0,neh
P2,wed,387,36781.0,70400000.0,neh
P2,wed,388,36874.0,70600000.0,neh
P2,wed,389,36968.0,70800000.0,neh
P2,wed,390,37060.0,71000000.0,neh
P2,wed,391,37151.0,71200000.0,neh
P2,wed,392,37246.0,71400000.0,neh
P2,wed,393,37336.0,71600000.0,neh
P2,wed,394,37429.0,71800000.0,neh
P2,wed,395,37521.0,72000000.0,neh
P2,wed,396,37611.0,72200000.0,neh
P2,wed,397,37705.0,72400000.0,neh
P2,wed,398,37798.0,72400000.0,neh
P2,wed,399,37886.0,72600000.0,neh
P2,wed,400,37978.0,72800000.0,neh
P2,wed,401,38074.0,73000000.0,neh
P2,wed,402,38164.0,73200000.0,neh
P2,wed,403,38256.0,73400000.0,neh
P2,wed,404,38346.0,73600000.0,neh
P2,wed,405,38437.0,73800000.0,neh
P2,wed,406,38532.0,74000000.0,neh
P2,wed,407,38625.0,74200000.0,neh
P2,wed,408,38720.0,74400000.0,neh
P2,wed,409,38811.0,74600000.0,neh
P2,wed,410,38904.0,74800000.0,neh
P2,wed,411,38998.0,74800000.0,neh
P2,wed,412,39087.0,75000000.0,neh
P2,wed,413,39177.0,75200000.0,neh
P2,wed,414,39268.0,75400000.0,neh
P2,wed,415,39358.0,75600000.0,neh
P2,wed,416,39450.0,75800000.0,neh
P2,wed,417,39538.0,76000000.0,neh
P2,wed,418,39630.0,76200000.0,neh
P2,wed,419,39721.0,76400000.0,neh
P2,wed,420,39810.0,76600000.0,neh
P2,wed,421,39899.0,76600000.0,neh
P2,wed,422,39988.0,76800000.0,neh
P2,wed,423,40080.0,77000000.0,neh
P2,wed,424,40176.0,77200000.0,neh
P2,wed,425,40265.0,77400000.0,neh
P2,wed,426,40354.0,77600000.0,neh
P2,wed,427,40445.0,77800000.0,neh
P2,wed,428,40534.0,78000000.0,neh
P2,wed,429,40626.0,78200000.0,neh
P2,wed,430,40721.0,78400000.0,neh
P2,wed,431,40810.0,78600000.0,neh
P2,wed,432,40903.0,78800000.0,neh
P2,wed,433,40992.0,78800000.0,neh
P2,wed,434,41080.0,79000000.0,neh
P2,wed,435,41171.0,79200000.0,neh
P2,wed,436,41259.0,79400000.0,neh
P2,wed,437,41351.0,79600000.0,neh
P2,wed,438,41443.0,79800000.0,neh
P2,wed,439,41534.0,80000000.0,neh
P2,wed,440,41625.0,80200000.0,neh
P2,wed,441,41718.0,80400000.0,neh
P2,wed,442,41808.0,80600000.0,neh
P2,wed,443,41898.0,80600000.0,neh
P2,wed,444,41993.0,80800000.0,neh
P2,wed,445,42082.0,81000000.0,neh
P2,wed,446,42175.0,81200000.0,neh
P2,wed,447,42271.0,81400000.0,neh
P2,wed,448,42364.0,81600000.0,neh
P2,wed,449,42460.0,81800000.0,neh
P2,wed,450,42554.0,82000000.0,neh
P2,wed,451,42646.0,82200000.0,neh
P2,wed,452,42736.0,82400000.0,neh
P2,wed,453,42826.0,82600000.0,neh
P2,wed,454,42916.0,82800000.0,neh
P2,wed,455,43005.0,83000000.0,neh
P2,wed,456,43095.0,83000000.0,neh
P2,wed,457,43187.0,83200000.0,neh
P2,wed,458,43278.0,83400000.0,neh
P2,wed,459,43369.0,83600000.0,neh
P2,wed,460,43463.0,83800000.0,neh
P2,wed,461,43554.0,84000000.0,neh
P2,wed,462,43644.0,84200000.0,neh
P2,wed,463,43738.0,84400000.0,neh
P2,wed,464,43831.0,84600000.0,neh
P2,wed,465,43924.0,84800000.0,neh
P2,wed,466,44016.0,85000000.0,neh
P2,wed,467,44108.0,85200000.0,neh
P2,wed,468,44201.0,85400000.0,neh
P2,wed,469,44295.0,85400000.0,neh
P2,wed,470,44385.0,85600000.0,neh
P2,wed,471,44475.0,85800000.0,neh
P2,wed,472,44569.0,86000000.0,neh
P2,wed,473,44659.0,86200000.0,neh
P2,wed,474,44754.0,86400000.0,neh
P2,wed,475,44845.0,86600000.0,neh
P2,wed,476,44936.0,86800000.0,neh
P2,wed,477,45029.0,87000000.0,neh
P2,wed,478,45122.0,87200000.0,neh
P2,wed,479,45216.0,87400000.0,neh
P2,wed,480,45305.0,87600000.0,neh
P2,wed,481,45396.0,87600000.0,neh
P2,wed,482,45486.0,87800000.0,neh
P2,wed,483,45581.0,88000000.0,neh
P2,wed,484,45671.0,88200000.0,neh
P2,wed,485,45765.0,88400000.0,neh
P2,wed,486,45856.0,88600000.0,neh
P2,wed,487,45944.0,88800000.0,neh
P2,wed,488,46038.0,89000000.0,neh
P2,wed,489,46133.0,89200000.0,neh
P2,wed,490,46221.0,89400000.0,neh
P2,wed,491,46315.0,89600000.0,neh
P2,wed,492,46410.0,89800000.0,neh
P2,wed,493,46505.0,90000000.0,neh
P2,wed,494,46597.0,90000000.0,neh
P2,wed,495,46687.0,90200000.0,neh
P2,wed,496,46780.0,90400000.0,neh
P2,wed,497,46870.0,90600000.0,neh
P2,wed,498,46964.0,90800000.0,neh
P2,wed,499,47057.0,91000000.0,neh
P2,wed,500,47153.0,91200000.0,neh
P2,thu,1,900.0,4900000.0,neh
P2,thu,2,961.0,4900000.0,neh
P2,thu,3,1043.0,5000000.0,neh
P2,thu,4,1119.0,5100000.0,neh
P2,thu,5,1199.0,5100000.0,neh
P2,thu,6,1259.0,5200000.0,neh
P2,thu,7,1344.0,5300000.0,neh
P2,thu,8,1407.0,5400000.0,neh
P2,thu,9,1480.0,5400000.0,neh
P2,thu,10,1557.0,5500000.0,neh
P2,thu,11,1629.0,5600000.0,neh
P2,thu,12,1704.0,5700000.0,neh
P2,thu,13,1779.0,5700000.0,neh
P2,thu,14,1853.0,5800000.0,neh
P2,thu,15,1927.0,5900000.0,neh
P2,thu,16,2009.0,6000000.0,neh
P2,thu,17,2086.0,6000000.0,neh
P2,thu,18,2164.0,6100000.0,neh
P2,thu,19,2246.0,6200000.0,neh
P2,thu,20,2320.0,6300000.0,neh
P2,thu,21,2400.0,6400000.0,neh
P2,thu,22,2475.0,6400000.0,neh
P2,thu,23,2553.0,6500000.0,neh
P2,thu,24,2631.0,6600000.0,neh
P2,thu,25,2706.0,6700000.0,neh
P2,thu,26,2784.0,6700000.0,neh
P2,thu,27,2865.0,6800000.0,neh
P2,thu,28,2943.0,6900000.0,neh
P2,thu,29,3019.0,7000000.0,neh
P2,thu,30,3101.0,7100000.0,neh
P2,thu,31,3178.0,7100000.0,neh
P2,thu,32,3253.0,7200000.0,neh
P2,thu,33,3329.0,7300000.0,neh
P2,thu,34,3403.0,7400000.0,neh
P2,thu,35,3478.0,7400000.0,neh
P2,thu,36,3559.0,7500000.0,neh
P2,thu,37,3635.0,7600000.0,neh
P2,thu,38,3716.0,7700000.0,neh
P2,thu,39,3793.0,7700000.0,neh
P2,thu,40,3875.0,7800000.0,neh
P2,thu,41,3956.0,7900000.0,neh
P2,thu,42,4033.0,8000000.0,neh
P2,thu,43,4112.0,8100000.0,neh
P2,thu,44,4191.0,8100000.0,neh
P2,thu,45,4265.0,8200000.0,neh
P2,thu,46,4341.0,8300000.0,neh
P2,thu,47,4419.0,8400000.0,neh
P2,thu,48,4500.0,8500000.0,neh
P2,thu,49,4578.0,8500000.0,neh
P2,thu,50,4655.0,8600000.0,neh
P2,thu,51,4737.0,8700000.0,neh
P2,thu,52,4817.0,8800000.0,neh
P2,thu,53,4894.0,8800000.0,neh
P2,thu,54,4971.0,8900000.0,neh
P2,thu,55,5052.0,9000000.0,neh
P2,thu,56,5134.0,9100000.0,neh
P2,thu,57,5212.0,9200000.0,neh
P2,thu,58,5288.0,9200000.0,neh
P2,thu,59,5368.0,9300000.0,neh
P2,thu,60,5446.0,9400000.0,neh
P2,thu,61,5523.0,9500000.0,neh
P2,thu,62,5603.0,9600000.0,neh
P2,thu,63,5679.0,9600000.0,neh
P2,thu,64,5761.0,9700000.0,neh
P2,thu,65,5843.0,9800000.0,neh
P2,thu,66,5925.0,9900000.0,neh
P2,thu,67,6006.0,10000000.0,neh
P2,thu,68,6088.0,10000000.0,neh
P2,thu,69,6166.0,10100000.0,neh
P2,thu,70,6240.0,10200000.0,neh
P2,thu,71,6321.0,10300000.0,neh
P2,thu,72,6396.0,10300000.0,neh
P2,thu,73,6478.0,10400000.0,neh
P2,thu,74,6556.0,10500000.0,neh
P2,thu,75,6632.0,10600000.0,neh
P2,thu,76,6707.0,10700000.0,neh
P2,thu,77,6786.0,10700000.0,neh
P2,thu,78,6860.0,10800000.0,neh
P2,thu,79,6940.0,10900000.0,neh
P2,thu,80,7020.0,11000000.0,neh
P2,thu,81,7102.0,11200000.0,neh
P2,thu,82,7176.0,11200000.0,neh
P2,thu,83,7256.0,11400000.0,neh
P2,thu,84,7336.0,11600000.0,neh
P2,thu,85,7411.0,11800000.0,neh
P2,thu,86,7487.0,11800000.0,neh
P2,thu,87,7564.0,12000000.0,neh
P2,thu,88,7643.0,12200000.0,neh
P2,thu,89,7720.0,12400000.0,neh
P2,thu,90,7795.0,12400000.0,neh
P2,thu,91,7876.0,12600000.0,neh
P2,thu,92,7952.0,12800000.0,neh
P2,thu,93,8031.0,13000000.0,neh
P2,thu,94,8109.0,13200000.0,neh
P2,thu,95,8185.0,13200000.0,neh
P2,thu,96,8260.0,13400000.0,neh
P2,thu,97,8337.0,13600000.0,neh
P2,thu,98,8411.0,13800000.0,neh
P2,thu,99,8488.0,13800000.0,neh
P2,thu,100,8566.0,14000000.0,neh
P2,thu,101,8644.0,14200000.0,neh
P2,thu,102,8724.0,14400000.0,neh
P2,thu,103,8801.0,14600000.0,neh
P2,thu,104,8879.0,14600000.0,neh
P2,thu,105,8956.0,14800000.0,neh
P2,thu,106,9032.0,15000000.0,neh
P2,thu,107,9109.0,15200000.0,neh
P2,thu,108,9183.0,15200000.0,neh
P2,thu,109,9262.0,15400000.0,neh
P2,thu,110,9338.0,15600000.0,neh
P2,thu,111,9417.0,15800000.0,neh
P2,thu,112,9492.0,15800000.0,neh
P2,thu,113,9568.0,16000000.0,neh
P2,thu,114,9645.0,16200000.0,neh
P2,thu,115,9722.0,16400000.0,neh
P2,thu,116,9798.0,16400000.0,neh
P2,thu,117,9878.0,16600000.0,neh
P2,thu,118,9957.0,16800000.0,neh
P2,thu,119,10032.0,17000000.0,neh
P2,thu,120,10106.0,17200000.0,neh
P2,thu,121,10181.0,17200000.0,neh
P2,thu,122,10260.0,17400000.0,neh
P2,thu,123,10336.0,17600000.0,neh
P2,thu,124,10418.0,17800000.0,neh
P2,thu,125,10494.0,17800000.0,neh
P2,thu,126,10573.0,18000000.0,neh
P2,thu,127,10652.0,18200000.0,neh
P2,thu,128,10727.0,18400000.0,neh
P2,thu,129,10807.0,18600000.0,neh
P2,thu,130,10889.0,18600000.0,neh
P2,thu,131,10970.0,18800000.0,neh
P2,thu,132,11050.0,19000000.0,neh
P2,thu,133,11131.0,19200000.0,neh
P2,thu,134,11207.0,19400000.0,neh
P2,thu,135,11283.0,19400000.0,neh
P2,thu,136,11363.0,19600000.0,neh
P2,thu,137,11443.0,19800000.0,neh
P2,thu,138,11525.0,20000000.0,neh
P2,thu,139,11603.0,20200000.0,neh
P2,thu,140,11685.0,20200000.0,neh
P2,thu,141,11763.0,20400000.0,neh
P2,thu,142,11844.0,20600000.0,neh
P2,thu,143,11924.0,20800000.0,neh
P2,thu,144,12003.0,21000000.0,neh
P2,thu,145,12081.0,21000000.0,neh
P2,thu,146,12157.0,21200000.0,neh
P2,thu,147,12234.0,21400000.0,neh
P2,thu,148,12310.0,21600000.0,neh
P2,thu,149,12391.0,21600000.0,neh
P2,thu,150,12469.0,21800000.0,neh
P2,thu,151,12548.0,22000000.0,neh
P2,thu,152,12623.0,22200000.0,neh
P2,thu,153,12702.0,22400000.0,neh
P2,thu,154,12783.0,22400000.0,neh
P2,thu,155,12861.0,22600000.0,neh
P2,thu,156,12942.0,22800000.0,neh
P2,thu,157,13016.0,23000000.0,neh
P2,thu,158,13092.0,23000000.0,neh
P2,thu,159,13173.0,23200000.0,neh
P2,thu,160,13248.0,23400000.0,neh
P2,thu,161,13323.0,23600000.0,neh
P2,thu,162,13401.0,23800000.0,neh
P2,thu,163,13481.0,23800000.0,neh
P2,thu,164,13559.0,24000000.0,neh
P2,thu,165,13640.0,24200000.0,neh
P2,thu,166,13721.0,24400000.0,neh
P2,thu,167,13796.0,24400000.0,neh
P2,thu,168,13876.0,24600000.0,neh
P2,thu,169,13958.0,24800000.0,neh
P2,thu,170,14039.0,25000000.0,neh
P2,thu,171,14119.0,25200000.0,neh
P2,thu,172,14197.0,25200000.0,neh
P2,thu,173,14276.0,25400000.0,neh
P2,thu,174,14354.0,25600000.0,neh
P2,thu,175,14431.0,25800000.0,neh
P2,thu,176,14508.0,26000000.0,neh
P2,thu,177,14586.0,26000000.0,neh
P2,thu,178,14660.0,26200000.0,neh
P2,thu,179,14737.0,26400000.0,neh
P2,thu,180,14814.0,26600000.0,neh
P2,thu,181,14895.0,26600000.0,neh
P2,thu,182,14977.0,26800000.0,neh
P2,thu,183,15053.0,27000000.0,neh
P2,thu,184,15131.0,27200000.0,neh
P2,thu,185,15210.0,27400000.0,neh
P2,thu,186,15284.0,27400000.0,neh
P2,thu,187,15366.0,27600000.0,neh
P2,thu,188,15447.0,27800000.0,neh
P2,thu,189,15523.0,28000000.0,neh
P2,thu,190,15600.0,28200000.0,neh
P2,thu,191,15677.0,28200000.0,neh
P2,thu,192,15757.0,28400000.0,neh
P2,thu,193,15839.0,28600000.0,neh
P2,thu,194,15916.0,28800000.0,neh
P2,thu,195,15997.0,28800000.0,neh
P2,thu,196,16076.0,29000000.0,neh
P2,thu,197,16156.0,29200000.0,neh
P2,thu,198,16231.0,29400000.0,neh
P2,thu,199,16312.0,29600000.0,neh
P2,thu,200,16389.0,29600000.0,neh
P2,thu,201,16464.0,29800000.0,neh
P2,thu,202,16540.0,30000000.0,neh
P2,thu,203,16615.0,30200000.0,neh
P2,thu,204,16696.0,30200000.0,neh
P2,thu,205,16771.0,30400000.0,neh
P2,thu,206,16846.0,30600000.0,neh
P2,thu,207,16925.0,30800000.0,neh
P2,thu,208,17003.0,31000000.0,neh
P2,thu,209,17082.0,31000000.0,neh
P2,thu,210,17163.0,31200000.0,neh
P2,thu,211,17237.0,31400000.0,neh
P2,thu,212,17312.0,31600000.0,neh
P2,thu,213,17388.0,31600000.0,neh
P2,thu,214,17466.0,31800000.0,neh
P2,thu,215,17544.0,32000000.0,neh
P2,thu,216,17622.0,32200000.0,neh
P2,thu,217,17701.0,32400000.0,neh
P2,thu,218,17782.0,32400000.0,neh
P2,thu,219,17862.0,32600000.0,neh
P2,thu,220,17938.0,32800000.0,neh
P2,thu,221,18014.0,33000000.0,neh
P2,thu,222,18092.0,33000000.0,neh
P2,thu,223,18172.0,33200000.0,neh
P2,thu,224,18251.0,33400000.0,neh
P2,thu,225,18327.0,33600000.0,neh
P2,thu,226,18408.0,33800000.0,neh
P2,thu,227,18489.0,33800000.0,neh
P2,thu,228,18568.0,34000000.0,neh
P2,thu,229,18644.0,34200000.0,neh
P2,thu,230,18724.0,34400000.0,neh
P2,thu,231,18803.0,34600000.0,neh
P2,thu,232,18880.0,34600000.0,neh
P2,thu,233,18955.0,34800000.0,neh
P2,thu,234,19030.0,35000000.0,neh
P2,thu,235,19108.0,35200000.0,neh
P2,thu,236,19186.0,35200000.0,neh
P2,thu,237,19262.0,35400000.0,neh
P2,thu,238,19338.0,35600000.0,neh
P2,thu,239,19415.0,35800000.0,neh
P2,thu,240,19491.0,35800000.0,neh
P2,thu,241,19567.0,36000000.0,neh
P2,thu,242,19643.0,36200000.0,neh
P2,thu,243,19720.0,36400000.0,neh
P2,thu,244,19796.0,36400000.0,neh
P2,thu,245,19870.0,36600000.0,neh
P2,thu,246,19952.0,36800000.0,neh
P2,thu,247,20028.0,37000000.0,neh
P2,thu,248,20105.0,37200000.0,neh
P2,thu,249,20186.0,37200000.0,neh
P2,thu,250,20262.0,37400000.0,neh
P2,thu,251,20344.0,37600000.0,neh
P2,thu,252,20421.0,37800000.0,neh
P2,thu,253,20502.0,38000000.0,neh
P2,thu,254,20579.0,38000000.0,neh
P2,thu,255,20659.0,38200000.0,neh
P2,thu,256,20740.0,38400000.0,neh
P2,thu,257,20821.0,38600000.0,neh
P2,thu,258,20898.0,38600000.0,neh
P2,thu,259,20973.0,38800000.0,neh
P2,thu,260,21052.0,39000000.0,neh
P2,thu,261,21130.0,39200000.0,neh
P2,thu,262,21208.0,39400000.0,neh
P2,thu,263,21284.0,39400000.0,neh
P2,thu,264,21361.0,39600000.0,neh
P2,thu,265,21438.0,39800000.0,neh
P2,thu,266,21519.0,40000000.0,neh
P2,thu,267,21599.0,40000000.0,neh
P2,thu,268,21674.0,40200000.0,neh
P2,thu,269,21750.0,40400000.0,neh
P2,thu,270,21828.0,40600000.0,neh
P2,thu,271,21904.0,40800000.0,neh
P2,thu,272,21980.0,40800000.0,neh
P2,thu,273,22059.0,41000000.0,neh
P2,thu,274,22140.0,41200000.0,neh
P2,thu,275,22219.0,41400000.0,neh
P2,thu,276,22295.0,41400000.0,neh
P2,thu,277,22376.0,41600000.0,neh
P2,thu,278,22455.0,41800000.0,neh
P2,thu,279,22536.0,42000000.0,neh
P2,thu,280,22611.0,42200000.0,neh
P2,thu,281,22691.0,42200000.0,neh
P2,thu,282,22765.0,42400000.0,neh
P2,thu,283,22846.0,42600000.0,neh
P2,thu,284,22928.0,42800000.0,neh
P2,thu,285,23008.0,43000000.0,neh
P2,thu,286,23085.0,43000000.0,neh
P2,thu,287,23163.0,43200000.0,neh
P2,thu,288,23241.0,43400000.0,neh
P2,thu,289,23316.0,43600000.0,neh
P2,thu,290,23391.0,43600000.0,neh
P2,thu,291,23472.0,43800000.0,neh
P2,thu,292,23550.0,44000000.0,neh
P2,thu,293,23628.0,44200000.0,neh
P2,thu,294,23707.0,44400000.0,neh
P2,thu,295,23785.0,44400000.0,neh
P2,thu,296,23859.0,44600000.0,neh
P2,thu,297,23938.0,44800000.0,neh
P2,thu,298,24013.0,45000000.0,neh
P2,thu,299,24093.0,45000000.0,neh
P2,thu,300,24169.0,45200000.0,neh
P2,thu,301,24246.0,45400000.0,neh
P2,thu,302,24323.0,45600000.0,neh
P2,thu,303,24402.0,45800000.0,neh
P2,thu,304,24483.0,45800000.0,neh
P2,thu,305,24560.0,46000000.0,neh
P2,thu,306,24637.0,46200000.0,neh
P2,thu,307,24716.0,46400000.0,neh
P2,thu,308,24790.0,46400000.0,neh
P2,thu,309,24869.0,46600000.0,neh
P2,thu,310,24946.0,46800000.0,neh
P2,thu,311,25025.0,47000000.0,neh
P2,thu,312,25106.0,47200000.0,neh
P2,thu,313,25184.0,47200000.0,neh
P2,thu,314,25266.0,47400000.0,neh
P2,thu,315,25341.0,47600000.0,neh
P2,thu,316,25421.0,47800000.0,neh
P2,thu,317,25496.0,47800000.0,neh
P2,thu,318,25572.0,48000000.0,neh
P2,thu,319,25652.0,48200000.0,neh
P2,thu,320,25733.0,48400000.0,neh
P2,thu,321,25810.0,48600000.0,neh
P2,thu,322,25884.0,48600000.0,neh
P2,thu,323,25962.0,48800000.0,neh
P2,thu,324,26037.0,49000000.0,neh
P2,thu,325,26118.0,49200000.0,neh
P2,thu,326,26193.0,49200000.0,neh
P2,thu,327,26275.0,49400000.0,neh
P2,thu,328,26353.0,49600000.0,neh
P2,thu,329,26435.0,49800000.0,neh
P2,thu,330,26512.0,50000000.0,neh
P2,thu,331,26591.0,50000000.0,neh
P2,thu,332,26665.0,50200000.0,neh
P2,thu,333,26741.0,50400000.0,neh
P2,thu,334,26822.0,50600000.0,neh
P2,thu,335,26902.0,50800000.0,neh
P2,thu,336,26979.0,50800000.0,neh
P2,thu,337,27058.0,51000000.0,neh
P2,thu,338,27136.0,51200000.0,neh
P2,thu,339,27214.0,51400000.0,neh
P2,thu,340,27293.0,51400000.0,neh
P2,thu,341,27372.0,51600000.0,neh
P2,thu,342,27451.0,51800000.0,neh
P2,thu,343,27530.0,52000000.0,neh
P2,thu,344,27606.0,52200000.0,neh
P2,thu,345,27682.0,52200000.0,neh
P2,thu,346,27761.0,52400000.0,neh
P2,thu,347,27840.0,52600000.0,neh
P2,thu,348,27919.0,52800000.0,neh
P2,thu,349,27998.0,52800000.0,neh
P2,thu,350,28076.0,53000000.0,neh
P2,thu,351,28151.0,53200000.0,neh
P2,thu,352,28228.0,53400000.0,neh
P2,thu,353,28302.0,53600000.0,neh
P2,thu,354,28383.0,53600000.0,neh
P2,thu,355,28462.0,53800000.0,neh
P2,thu,356,28539.0,54000000.0,neh
P2,thu,357,28617.0,54200000.0,neh
P2,thu,358,28692.0,54200000.0,neh
P2,thu,359,28771.0,54400000.0,neh
P2,thu,360,28853.0,54600000.0,neh
P2,thu,361,28928.0,54800000.0,neh
P2,thu,362,29004.0,55000000.0,neh
P2,thu,363,29078.0,55000000.0,neh
P2,thu,364,29156.0,55200000.0,neh
P2,thu,365,29234.0,55400000.0,neh
P2,thu,366,29314.0,55600000.0,neh
P2,thu,367,29388.0,55600000.0,neh
P2,thu,368,29464.0,55800000.0,neh
P2,thu,369,29541.0,56000000.0,neh
P2,thu,370,29619.0,56200000.0,neh
P2,thu,371,29696.0,56200000.0,neh
P2,thu,372,29774.0,56400000.0,neh
P2,thu,373,29848.0,56600000.0,neh
P2,thu,374,29923.0,56800000.0,neh
P2,thu,375,30000.0,57000000.0,neh
P2,thu,376,30080.0,57000000.0,neh
P2,thu,377,30159.0,57200000.0,neh
P2,thu,378,30234.0,57400000.0,neh
P2,thu,379,30312.0,57600000.0,neh
P2,thu,380,30389.0,57600000.0,neh
P2,thu,381,30469.0,57800000.0,neh
P2,thu,382,30546.0,58000000.0,neh
P2,thu,383,30621.0,58200000.0,neh
P2,thu,384,30702.0,58400000.0,neh
P2,thu,385,30777.0,58400000.0,neh
P2,thu,386,30852.0,58600000.0,neh
P2,thu,387,30930.0,58800000.0,neh
P2,thu,388,31004.0,59000000.0,neh
P2,thu,389,31079.0,59000000.0,neh
P2,thu,390,31154.0,59200000.0,neh
P2,thu,391,31230.0,59400000.0,neh
P2,thu,392,31311.0,59600000.0,neh
P2,thu,393,31391.0,59600000.0,neh
P2,thu,394,31470.0,59800000.0,neh
P2,thu,395,31549.0,60000000.0,neh
P2,thu,396,31625.0,60200000.0,neh
P2,thu,397,31702.0,60400000.0,neh
P2,thu,398,31777.0,60400000.0,neh
P2,thu,399,31855.0,60600000.0,neh
P2,thu,400,31935.0,60800000.0,neh
P2,thu,401,32011.0,61000000.0,neh
P2,thu,402,32090.0,61000000.0,neh
P2,thu,403,32168.0,61200000.0,neh
P2,thu,404,32243.0,61400000.0,neh
P2,thu,405,32320.0,61600000.0,neh
P2,thu,406,32400.0,61800000.0,neh
P2,thu,407,32476.0,61800000.0,neh
P2,thu,408,32552.0,62000000.0,neh
P2,thu,409,32632.0,62200000.0,neh
P2,thu,410,32710.0,62400000.0,neh
P2,thu,411,32786.0,62400000.0,neh
P2,thu,412,32861.0,62600000.0,neh
P2,thu,413,32942.0,62800000.0,neh
P2,thu,414,33021.0,63000000.0,neh
P2,thu,415,33098.0,63000000.0,neh
P2,thu,416,33174.0,63200000.0,neh
P2,thu,417,33254.0,63400000.0,neh
P2,thu,418,33329.0,63600000.0,neh
P2,thu,419,33408.0,63800000.0,neh
P2,thu,420,33484.0,63800000.0,neh
P2,thu,421,33565.0,64000000.0,neh
P2,thu,422,33642.0,64200000.0,neh
P2,thu,423,33722.0,64400000.0,neh
P2,thu,424,33800.0,64600000.0,neh
P2,thu,425,33881.0,64600000.0,neh
P2,thu,426,33959.0,64800000.0,neh
P2,thu,427,34035.0,65000000.0,neh
P2,thu,428,34116.0,65200000.0,neh
P2,thu,429,34193.0,65200000.0,neh
P2,thu,430,34270.0,65400000.0,neh
P2,thu,431,34344.0,65600000.0,neh
P2,thu,432,34422.0,65800000.0,neh
P2,thu,433,34500.0,66000000.0,neh
P2,thu,434,34579.0,66000000.0,neh
P2,thu,435,34655.0,66200000.0,neh
P2,thu,436,34732.0,66400000.0,neh
P2,thu,437,34807.0,66600000.0,neh
P2,thu,438,34887.0,66600000.0,neh
P2,thu,439,34963.0,66800000.0,neh
P2,thu,440,35040.0,67000000.0,neh
P2,thu,441,35118.0,67200000.0,neh
P2,thu,442,35193.0,67200000.0,neh
P2,thu,443,35273.0,67400000.0,neh
P2,thu,444,35348.0,67600000.0,neh
P2,thu,445,35424.0,67800000.0,neh
P2,thu,446,35501.0,68000000.0,neh
P2,thu,447,35580.0,68000000.0,neh
P2,thu,448,35660.0,68200000.0,neh
P2,thu,449,35738.0,68400000.0,neh
P2,thu,450,35812.0,68600000.0,neh
P2,thu,451,35893.0,68600000.0,neh
P2,thu,452,35972.0,68800000.0,neh
P2,thu,453,36050.0,69000000.0,neh
P2,thu,454,36126.0,69200000.0,neh
P2,thu,455,36207.0,69400000.0,neh
P2,thu,456,36281.0,69400000.0,neh
P2,thu,457,36362.0,69600000.0,neh
P2,thu,458,36441.0,69800000.0,neh
P2,thu,459,36521.0,70000000.0,neh
P2,thu,460,36598.0,70000000.0,neh
P2,thu,461,36673.0,70200000.0,neh
P2,thu,462,36755.0,70400000.0,neh
P2,thu,463,36829.0,70600000.0,neh
P2,thu,464,36906.0,70800000.0,neh
P2,thu,465,36987.0,70800000.0,neh
P2,thu,466,37063.0,71000000.0,neh
P2,thu,467,37141.0,71200000.0,neh
P2,thu,468,37215.0,71400000.0,neh
P2,thu,469,37294.0,71400000.0,neh
P2,thu,470,37370.0,71600000.0,neh
P2,thu,471,37450.0,71800000.0,neh
P2,thu,472,37525.0,72000000.0,neh
P2,thu,473,37601.0,72200000.0,neh
P2,thu,474,37682.0,72200000.0,neh
P2,thu,475,37762.0,72400000.0,neh
P2,thu,476,37842.0,72600000.0,neh
P2,thu,477,37917.0,72800000.0,neh
P2,thu,478,37995.0,72800000.0,neh
P2,thu,479,38071.0,73000000.0,neh
P2,thu,480,38150.0,73200000.0,neh
P2,thu,481,38229.0,73400000.0,neh
P2,thu,482,38304.0,73600000.0,neh
P2,thu,483,38382.0,73600000.0,neh
P2,thu,484,38458.0,73800000.0,neh
P2,thu,485,38535.0,74000000.0,neh
P2,thu,486,38610.0,74200000.0,neh
P2,thu,487,38689.0,74200000.0,neh
P2,thu,488,38763.0,74400000.0,neh
P2,thu,489,38843.0,74600000.0,neh
P2,thu,490,38924.0,74800000.0,neh
P2,thu,491,39001.0,75000000.0,neh
P2,thu,492,39082.0,75000000.0,neh
P2,thu,493,39164.0,75200000.0,neh
P2,thu,494,39240.0,75400000.0,neh
P2,thu,495,39315.0,75600000.0,neh
P2,thu,496,39393.0,75600000.0,neh
P2,thu,497,39473.0,75800000.0,neh
P2,thu,498,39552.0,76000000.0,neh
P2,thu,499,39627.0,76200000.0,neh
P2,thu,500,39708.0,76400000.0,neh
P2,fri,1,892.0,4800000.0,neh
P2,fri,2,950.0,4900000.0,neh
P2,fri,3,1031.0,5000000.0,neh
P2,fri,4,1089.0,5000000.0,neh
P2,fri,5,1146.0,5100000.0,neh
P2,fri,6,1207.0,5200000.0,neh
P2,fri,7,1274.0,5200000.0,neh
P2,fri,8,1346.0,5300000.0,neh
P2,fri,9,1413.0,5400000.0,neh
P2,fri,10,1487.0,5400000.0,neh
P2,fri,11,1563.0,5500000.0,neh
P2,fri,12,1638.0,5600000.0,neh
P2,fri,13,1714.0,5700000.0,neh
P2,fri,14,1790.0,5700000.0,neh
P2,fri,15,1866.0,5800000.0,neh
P2,fri,16,1932.0,5900000.0,neh
P2,fri,17,2006.0,6000000.0,neh
P2,fri,18,2075.0,6000000.0,neh
P2,fri,19,2140.0,6100000.0,neh
P2,fri,20,2213.0,6200000.0,neh
P2,fri,21,2280.0,6200000.0,neh
P2,fri,22,2355.0,6300000.0,neh
P2,fri,23,2430.0,6400000.0,neh
P2,fri,24,2496.0,6400000.0,neh
P2,fri,25,2566.0,6500000.0,neh
P2,fri,26,2638.0,6600000.0,neh
P2,fri,27,2715.0,6700000.0,neh
P2,fri,28,2788.0,6700000.0,neh
P2,fri,29,2863.0,6800000.0,neh
P2,fri,30,2937.0,6900000.0,neh
P2,fri,31,3014.0,7000000.0,neh
P2,fri,32,3084.0,7000000.0,neh
P2,fri,33,3158.0,7100000.0,neh
P2,fri,34,3232.0,7200000.0,neh
P2,fri,35,3303.0,7300000.0,neh
P2,fri,36,3379.0,7300000.0,neh
P2,fri,37,3452.0,7400000.0,neh
P2,fri,38,3522.0,7500000.0,neh
P2,fri,39,3595.0,7500000.0,neh
P2,fri,40,3671.0,7600000.0,neh
P2,fri,41,3746.0,7700000.0,neh
P2,fri,42,3821.0,7800000.0,neh
P2,fri,43,3896.0,7800000.0,neh
P2,fri,44,3965.0,7900000.0,neh
P2,fri,45,4036.0,8000000.0,neh
P2,fri,46,4109.0,8100000.0,neh
P2,fri,47,4182.0,8100000.0,neh
P2,fri,48,4251.0,8200000.0,neh
P2,fri,49,4322.0,8300000.0,neh
P2,fri,50,4392.0,8300000.0,neh
P2,fri,51,4466.0,8400000.0,neh
P2,fri,52,4537.0,8500000.0,neh
P2,fri,53,4612.0,8600000.0,neh
P2,fri,54,4686.0,8600000.0,neh
P2,fri,55,4758.0,8700000.0,neh
P2,fri,56,4828.0,8800000.0,neh
P2,fri,57,4899.0,8800000.0,neh
P2,fri,58,4974.0,8900000.0,neh
P2,fri,59,5044.0,9000000.0,neh
P2,fri,60,5113.0,9100000.0,neh
P2,fri,61,5183.0,9100000.0,neh
P2,fri,62,5257.0,9200000.0,neh
P2,fri,63,5327.0,9300000.0,neh
P2,fri,64,5399.0,9300000.0,neh
P2,fri,65,5470.0,9400000.0,neh
P2,fri,66,5546.0,9500000.0,neh
P2,fri,67,5617.0,9600000.0,neh
P2,fri,68,5690.0,9600000.0,neh
P2,fri,69,5763.0,9700000.0,neh
P2,fri,70,5834.0,9800000.0,neh
P2,fri,71,5906.0,9900000.0,neh
P2,fri,72,5976.0,9900000.0,neh
P2,fri,73,6048.0,10000000.0,neh
P2,fri,74,6122.0,10100000.0,neh
P2,fri,75,6193.0,10100000.0,neh
P2,fri,76,6269.0,10200000.0,neh
P2,fri,77,6345.0,10300000.0,neh
P2,fri,78,6421.0,10400000.0,neh
P2,fri,79,6495.0,10400000.0,neh
P2,fri,80,6568.0,10500000.0,neh
P2,fri,81,6645.0,10600000.0,neh
P2,fri,82,6719.0,10700000.0,neh
P2,fri,83,6794.0,10700000.0,neh
P2,fri,84,6871.0,10800000.0,neh
P2,fri,85,6941.0,10900000.0,neh
P2,fri,86,7018.0,11000000.0,neh
P2,fri,87,7088.0,11000000.0,neh
P2,fri,88,7159.0,11200000.0,neh
P2,fri,89,7232.0,11400000.0,neh
P2,fri,90,7305.0,11600000.0,neh
P2,fri,91,7380.0,11600000.0,neh
P2,fri,92,7454.0,11800000.0,neh
P2,fri,93,7525.0,12000000.0,neh
P2,fri,94,7595.0,12000000.0,neh
P2,fri,95,7670.0,12200000.0,neh
P2,fri,96,7747.0,12400000.0,neh
P2,fri,97,7823.0,12600000.0,neh
P2,fri,98,7894.0,12600000.0,neh
P2,fri,99,7969.0,12800000.0,neh
P2,fri,100,8043.0,13000000.0,neh
P2,fri,101,8119.0,13200000.0,neh
P2,fri,102,8192.0,13200000.0,neh
P2,fri,103,8264.0,13400000.0,neh
P2,fri,104,8334.0,13600000.0,neh
P2,fri,105,8405.0,13800000.0,neh
P2,fri,106,8479.0,13800000.0,neh
P2,fri,107,8549.0,14000000.0,neh
P2,fri,108,8622.0,14200000.0,neh
P2,fri,109,8692.0,14200000.0,neh
P2,fri,110,8763.0,14400000.0,neh
P2,fri,111,8836.0,14600000.0,neh
P2,fri,112,8913.0,14800000.0,neh
P2,fri,113,8990.0,14800000.0,neh
P2,fri,114,9065.0,15000000.0,neh
P2,fri,115,9136.0,15200000.0,neh
P2,fri,116,9210.0,15400000.0,neh
P2,fri,117,9280.0,15400000.0,neh
P2,fri,118,9356.0,15600000.0,neh
P2,fri,119,9432.0,15800000.0,neh
P2,fri,120,9505.0,16000000.0,neh
P2,fri,121,9580.0,16000000.0,neh
P2,fri,122,9652.0,16200000.0,neh
P2,fri,123,9723.0,16400000.0,neh
P2,fri,124,9793.0,16400000.0,neh
P2,fri,125,9868.0,16600000.0,neh
P2,fri,126,9941.0,16800000.0,neh
P2,fri,127,10016.0,17000000.0,neh
P2,fri,128,10090.0,17000000.0,neh
P2,fri,129,10164.0,17200000.0,neh
P2,fri,130,10234.0,17400000.0,neh
P2,fri,131,10309.0,17600000.0,neh
P2,fri,132,10382.0,17600000.0,neh
P2,fri,133,10457.0,17800000.0,neh
P2,fri,134,10533.0,18000000.0,neh
P2,fri,135,10602.0,18200000.0,neh
P2,fri,136,10676.0,18200000.0,neh
P2,fri,137,10745.0,18400000.0,neh
P2,fri,138,10818.0,18600000.0,neh
P2,fri,139,10888.0,18600000.0,neh
P2,fri,140,10961.0,18800000.0,neh
P2,fri,141,11036.0,19000000.0,neh
P2,fri,142,11113.0,19200000.0,neh
P2,fri,143,11182.0,19200000.0,neh
P2,fri,144,11254.0,19400000.0,neh
P2,fri,145,11330.0,19600000.0,neh
P2,fri,146,11401.0,19800000.0,neh
P2,fri,147,11471.0,19800000.0,neh
P2,fri,148,11543.0,20000000.0,neh
P2,fri,149,11615.0,20200000.0,neh
P2,fri,150,11691.0,20200000.0,neh
P2,fri,151,11768.0,20400000.0,neh
P2,fri,152,11839.0,20600000.0,neh
P2,fri,153,11915.0,20800000.0,neh
P2,fri,154,11987.0,20800000.0,neh
P2,fri,155,12060.0,21000000.0,neh
P2,fri,156,12131.0,21200000.0,neh
P2,fri,157,12205.0,21400000.0,neh
P2,fri,158,12277.0,21400000.0,neh
P2,fri,159,12348.0,21600000.0,neh
P2,fri,160,12420.0,21800000.0,neh
P2,fri,161,12491.0,21800000.0,neh
P2,fri,162,12565.0,22000000.0,neh
P2,fri,163,12641.0,22200000.0,neh
P2,fri,164,12711.0,22400000.0,neh
P2,fri,165,12782.0,22400000.0,neh
P2,fri,166,12854.0,22600000.0,neh
P2,fri,167,12923.0,22800000.0,neh
P2,fri,168,12995.0,22800000.0,neh
P2,fri,169,13067.0,23000000.0,neh
P2,fri,170,13137.0,23200000.0,neh
P2,fri,171,13208.0,23400000.0,neh
P2,fri,172,13284.0,23400000.0,neh
P2,fri,173,13359.0,23600000.0,neh
P2,fri,174,13434.0,23800000.0,neh
P2,fri,175,13507.0,24000000.0,neh
P2,fri,176,13582.0,24000000.0,neh
P2,fri,177,13657.0,24200000.0,neh
P2,fri,178,13726.0,24400000.0,neh
P2,fri,179,13799.0,24400000.0,neh
P2,fri,180,13875.0,24600000.0,neh
P2,fri,181,13948.0,24800000.0,neh
P2,fri,182,14024.0,25000000.0,neh
P2,fri,183,14098.0,25000000.0,neh
P2,fri,184,14175.0,25200000.0,neh
P2,fri,185,14244.0,25400000.0,neh
P2,fri,186,14316.0,25600000.0,neh
P2,fri,187,14391.0,25600000.0,neh
P2,fri,188,14468.0,25800000.0,neh
P2,fri,189,14540.0,26000000.0,neh
P2,fri,190,14613.0,26200000.0,neh
P2,fri,191,14688.0,26200000.0,neh
P2,fri,192,14762.0,26400000.0,neh
P2,fri,193,14835.0,26600000.0,neh
P2,fri,194,14907.0,26800000.0,neh
P2,fri,195,14981.0,26800000.0,neh
P2,fri,196,15052.0,27000000.0,neh
P2,fri,197,15125.0,27200000.0,neh
P2,fri,198,15199.0,27200000.0,neh
P2,fri,199,15276.0,27400000.0,neh
P2,fri,200,15353.0,27600000.0,neh
P2,fri,201,15427.0,27800000.0,neh
P2,fri,202,15499.0,27800000.0,neh
P2,fri,203,15574.0,28000000.0,neh
P2,fri,204,15648.0,28200000.0,neh
P2,fri,205,15718.0,28400000.0,neh
P2,fri,206,15795.0,28400000.0,neh
P2,fri,207,15872.0,28600000.0,neh
P2,fri,208,15948.0,28800000.0,neh
P2,fri,209,16022.0,29000000.0,neh
P2,fri,210,16098.0,29000000.0,neh
P2,fri,211,16169.0,29200000.0,neh
P2,fri,212,16241.0,29400000.0,neh
P2,fri,213,16317.0,29600000.0,neh
P2,fri,214,16386.0,29600000.0,neh
P2,fri,215,16461.0,29800000.0,neh
P2,fri,216,16537.0,30000000.0,neh
P2,fri,217,16610.0,30200000.0,neh
P2,fri,218,16680.0,30200000.0,neh
P2,fri,219,16750.0,30400000.0,neh
P2,fri,220,16822.0,30600000.0,neh
P2,fri,221,16892.0,30600000.0,neh
P2,fri,222,16964.0,30800000.0,neh
P2,fri,223,17041.0,31000000.0,neh
P2,fri,224,17110.0,31200000.0,neh
P2,fri,225,17187.0,31200000.0,neh
P2,fri,226,17262.0,31400000.0,neh
P2,fri,227,17337.0,31600000.0,neh
P2,fri,228,17408.0,31800000.0,neh
P2,fri,229,17480.0,31800000.0,neh
P2,fri,230,17555.0,32000000.0,neh
P2,fri,231,17626.0,32200000.0,neh
P2,fri,232,17696.0,32200000.0,neh
P2,fri,233,17768.0,32400000.0,neh
P2,fri,234,17844.0,32600000.0,neh
P2,fri,235,17919.0,32800000.0,neh
P2,fri,236,17994.0,32800000.0,neh
P2,fri,237,18069.0,33000000.0,neh
P2,fri,238,18138.0,33200000.0,neh
P2,fri,239,18209.0,33400000.0,neh
P2,fri,240,18280.0,33400000.0,neh
P2,fri,241,18349.0,33600000.0,neh
P2,fri,242,18420.0,33800000.0,neh
P2,fri,243,18490.0,33800000.0,neh
P2,fri,244,18563.0,34000000.0,neh
P2,fri,245,18639.0,34200000.0,neh
P2,fri,246,18712.0,34400000.0,neh
P2,fri,247,18786.0,34400000.0,neh
P2,fri,248,18856.0,34600000.0,neh
P2,fri,249,18925.0,34800000.0,neh
P2,fri,250,18995.0,34800000.0,neh
P2,fri,251,19072.0,35000000.0,neh
P2,fri,252,19142.0,35200000.0,neh
P2,fri,253,19216.0,35400000.0,neh
P2,fri,254,19287.0,35400000.0,neh
P2,fri,255,19360.0,35600000.0,neh
P2,fri,256,19430.0,35800000.0,neh
P2,fri,257,19501.0,36000000.0,neh
P2,fri,258,19575.0,36000000.0,neh
P2,fri,259,19648.0,36200000.0,neh
P2,fri,260,19724.0,36400000.0,neh
P2,fri,261,19800.0,36600000.0,neh
P2,fri,262,19876.0,36600000.0,neh
P2,fri,263,19947.0,36800000.0,neh
P2,fri,264,20023.0,37000000.0,neh
P2,fri,265,20093.0,37000000.0,neh
P2,fri,266,20166.0,37200000.0,neh
P2,fri,267,20235.0,37400000.0,neh
P2,fri,268,20312.0,37600000.0,neh
P2,fri,269,20385.0,37600000.0,neh
P2,fri,270,20454.0,37800000.0,neh
P2,fri,271,20529.0,38000000.0,neh
P2,fri,272,20603.0,38200000.0,neh
P2,fri,273,20675.0,38200000.0,neh
P2,fri,274,20745.0,38400000.0,neh
P2,fri,275,20818.0,38600000.0,neh
P2,fri,276,20887.0,38600000.0,neh
P2,fri,277,20959.0,38800000.0,neh
P2,fri,278,21034.0,39000000.0,neh
P2,fri,279,21103.0,39200000.0,neh
P2,fri,280,21177.0,39200000.0,neh
P2,fri,281,21246.0,39400000.0,neh
P2,fri,282,21321.0,39600000.0,neh
P2,fri,283,21396.0,39600000.0,neh
P2,fri,284,21468.0,39800000.0,neh
P2,fri,285,21541.0,40000000.0,neh
P2,fri,286,21616.0,40200000.0,neh
P2,fri,287,21685.0,40200000.0,neh
P2,fri,288,21755.0,40400000.0,neh
P2,fri,289,21830.0,40600000.0,neh
P2,fri,290,21905.0,40800000.0,neh
P2,fri,291,21978.0,40800000.0,neh
P2,fri,292,22048.0,41000000.0,neh
P2,fri,293,22125.0,41200000.0,neh
P2,fri,294,22196.0,41200000.0,neh
P2,fri,295,22266.0,41400000.0,neh
P2,fri,296,22343.0,41600000.0,neh
P2,fri,297,22414.0,41800000.0,neh
P2,fri,298,22490.0,41800000.0,neh
P2,fri,299,22560.0,42000000.0,neh
P2,fri,300,22633.0,42200000.0,neh
P2,fri,301,22709.0,42400000.0,neh
P2,fri,302,22784.0,42400000.0,neh
P2,fri,303,22860.0,42600000.0,neh
P2,fri,304,22937.0,42800000.0,neh
P2,fri,305,23013.0,43000000.0,neh
P2,fri,306,23085.0,43000000.0,neh
P2,fri,307,23156.0,43200000.0,neh
P2,fri,308,23230.0,43400000.0,neh
P2,fri,309,23300.0,43600000.0,neh
P2,fri,310,23375.0,43600000.0,neh
P2,fri,311,23446.0,43800000.0,neh
P2,fri,312,23517.0,44000000.0,neh
P2,fri,313,23590.0,44000000.0,neh
P2,fri,314,23665.0,44200000.0,neh
P2,fri,315,23737.0,44400000.0,neh
P2,fri,316,23810.0,44600000.0,neh
P2,fri,317,23883.0,44600000.0,neh
P2,fri,318,23958.0,44800000.0,neh
P2,fri,319,24034.0,45000000.0,neh
P2,fri,320,24110.0,45200000.0,neh
P2,fri,321,24180.0,45200000.0,neh
P2,fri,322,24252.0,45400000.0,neh
P2,fri,323,24329.0,45600000.0,neh
P2,fri,324,24399.0,45600000.0,neh
P2,fri,325,24472.0,45800000.0,neh
P2,fri,326,24543.0,46000000.0,neh
P2,fri,327,24618.0,46200000.0,neh
P2,fri,328,24692.0,46200000.0,neh
P2,fri,329,24763.0,46400000.0,neh
P2,fri,330,24839.0,46600000.0,neh
P2,fri,331,24915.0,46800000.0,neh
P2,fri,332,24992.0,46800000.0,neh
P2,fri,333,25062.0,47000000.0,neh
P2,fri,334,25132.0,47200000.0,neh
P2,fri,335,25209.0,47400000.0,neh
P2,fri,336,25285.0,47400000.0,neh
P2,fri,337,25355.0,47600000.0,neh
P2,fri,338,25430.0,47800000.0,neh
P2,fri,339,25504.0,48000000.0,neh
P2,fri,340,25580.0,48000000.0,neh
P2,fri,341,25652.0,48200000.0,neh
P2,fri,342,25728.0,48400000.0,neh
P2,fri,343,25801.0,48600000.0,neh
P2,fri,344,25872.0,48600000.0,neh
P2,fri,345,25947.0,48800000.0,neh
P2,fri,346,26021.0,49000000.0,neh
P2,fri,347,26093.0,49000000.0,neh
P2,fri,348,26168.0,49200000.0,neh
P2,fri,349,26244.0,49400000.0,neh
P2,fri,350,26319.0,49600000.0,neh
P2,fri,351,26393.0,49600000.0,neh
P2,fri,352,26465.0,49800000.0,neh
P2,fri,353,26538.0,50000000.0,neh
P2,fri,354,26610.0,50200000.0,neh
P2,fri,355,26684.0,50200000.0,neh
P2,fri,356,26760.0,50400000.0,neh
P2,fri,357,26830.0,50600000.0,neh
P2,fri,358,26907.0,50800000.0,neh
P2,fri,359,26978.0,50800000.0,neh
P2,fri,360,27050.0,51000000.0,neh
P2,fri,361,27122.0,51200000.0,neh
P2,fri,362,27195.0,51200000.0,neh
P2,fri,363,27268.0,51400000.0,neh
P2,fri,364,27338.0,51600000.0,neh
P2,fri,365,27412.0,51800000.0,neh
P2,fri,366,27484.0,51800000.0,neh
P2,fri,367,27556.0,52000000.0,neh
P2,fri,368,27632.0,52200000.0,neh
P2,fri,369,27703.0,52400000.0,neh
P2,fri,370,27775.0,52400000.0,neh
P2,fri,371,27851.0,52600000.0,neh
P2,fri,372,27926.0,52800000.0,neh
P2,fri,373,28001.0,53000000.0,neh
P2,fri,374,28070.0,53000000.0,neh
P2,fri,375,28142.0,53200000.0,neh
P2,fri,376,28216.0,53400000.0,neh
P2,fri,377,28292.0,53400000.0,neh
P2,fri,378,28368.0,53600000.0,neh
P2,fri,379,28440.0,53800000.0,neh
P2,fri,380,28516.0,54000000.0,neh
P2,fri,381,28588.0,54000000.0,neh
P2,fri,382,28664.0,54200000.0,neh
P2,fri,383,28739.0,54400000.0,neh
P2,fri,384,28814.0,54600000.0,neh
P2,fri,385,28889.0,54600000.0,neh
P2,fri,386,28961.0,54800000.0,neh
P2,fri,387,29037.0,55000000.0,neh
P2,fri,388,29110.0,55200000.0,neh
P2,fri,389,29183.0,55200000.0,neh
P2,fri,390,29259.0,55400000.0,neh
P2,fri,391,29330.0,55600000.0,neh
P2,fri,392,29406.0,55800000.0,neh
P2,fri,393,29477.0,55800000.0,neh
P2,fri,394,29551.0,56000000.0,neh
P2,fri,395,29626.0,56200000.0,neh
P2,fri,396,29697.0,56200000.0,neh
P2,fri,397,29766.0,56400000.0,neh
P2,fri,398,29841.0,56600000.0,neh
P2,fri,399,29917.0,56800000.0,neh
P2,fri,400,29986.0,56800000.0,neh
P2,fri,401,30060.0,57000000.0,neh
P2,fri,402,30130.0,57200000.0,neh
P2,fri,403,30203.0,57400000.0,neh
P2,fri,404,30272.0,57400000.0,neh
P2,fri,405,30345.0,57600000.0,neh
P2,fri,406,30418.0,57800000.0,neh
P2,fri,407,30494.0,57800000.0,neh
P2,fri,408,30568.0,58000000.0,neh
P2,fri,409,30638.0,58200000.0,neh
P2,fri,410,30710.0,58400000.0,neh
P2,fri,411,30784.0,58400000.0,neh
P2,fri,412,30855.0,58600000.0,neh
P2,fri,413,30928.0,58800000.0,neh
P2,fri,414,31003.0,59000000.0,neh
P2,fri,415,31075.0,59000000.0,neh
P2,fri,416,31152.0,59200000.0,neh
P2,fri,417,31225.0,59400000.0,neh
P2,fri,418,31299.0,59400000.0,neh
P2,fri,419,31374.0,59600000.0,neh
P2,fri,420,31446.0,59800000.0,neh
P2,fri,421,31520.0,60000000.0,neh
P2,fri,422,31594.0,60000000.0,neh
P2,fri,423,31664.0,60200000.0,neh
P2,fri,424,31733.0,60400000.0,neh
P2,fri,425,31807.0,60600000.0,neh
P2,fri,426,31883.0,60600000.0,neh
P2,fri,427,31953.0,60800000.0,neh
P2,fri,428,32028.0,61000000.0,neh
P2,fri,429,32099.0,61000000.0,neh
P2,fri,430,32174.0,61200000.0,neh
P2,fri,431,32243.0,61400000.0,neh
P2,fri,432,32314.0,61600000.0,neh
P2,fri,433,32391.0,61600000.0,neh
P2,fri,434,32461.0,61800000.0,neh
P2,fri,435,32531.0,62000000.0,neh
P2,fri,436,32605.0,62200000.0,neh
P2,fri,437,32680.0,62200000.0,neh
P2,fri,438,32756.0,62400000.0,neh
P2,fri,439,32826.0,62600000.0,neh
P2,fri,440,32899.0,62600000.0,neh
P2,fri,441,32972.0,62800000.0,neh
P2,fri,442,33041.0,63000000.0,neh
P2,fri,443,33112.0,63200000.0,neh
P2,fri,444,33184.0,63200000.0,neh
P2,fri,445,33255.0,63400000.0,neh
P2,fri,446,33325.0,63600000.0,neh
P2,fri,447,33396.0,63600000.0,neh
P2,fri,448,33465.0,63800000.0,neh
P2,fri,449,33542.0,64000000.0,neh
P2,fri,450,33613.0,64200000.0,neh
P2,fri,451,33684.0,64200000.0,neh
P2,fri,452,33761.0,64400000.0,neh
P2,fri,453,33836.0,64600000.0,neh
P2,fri,454,33907.0,64800000.0,neh
P2,fri,455,33981.0,64800000.0,neh
P2,fri,456,34056.0,65000000.0,neh
P2,fri,457,34128.0,65200000.0,neh
P2,fri,458,34197.0,65200000.0,neh
P2,fri,459,34267.0,65400000.0,neh
P2,fri,460,34344.0,65600000.0,neh
P2,fri,461,34420.0,65800000.0,neh
P2,fri,462,34495.0,65800000.0,neh
P2,fri,463,34567.0,66000000.0,neh
P2,fri,464,34638.0,66200000.0,neh
P2,fri,465,34708.0,66400000.0,neh
P2,fri,466,34778.0,66400000.0,neh
P2,fri,467,34851.0,66600000.0,neh
P2,fri,468,34923.0,66800000.0,neh
P2,fri,469,34996.0,66800000.0,neh
P2,fri,470,35068.0,67000000.0,neh
P2,fri,471,35139.0,67200000.0,neh
P2,fri,472,35212.0,67400000.0,neh
P2,fri,473,35284.0,67400000.0,neh
P2,fri,474,35360.0,67600000.0,neh
P2,fri,475,35430.0,67800000.0,neh
P2,fri,476,35507.0,68000000.0,neh
P2,fri,477,35581.0,68000000.0,neh
P2,fri,478,35654.0,68200000.0,neh
P2,fri,479,35730.0,68400000.0,neh
P2,fri,480,35800.0,68600000.0,neh
P2,fri,481,35876.0,68600000.0,neh
P2,fri,482,35946.0,68800000.0,neh
P2,fri,483,36015.0,69000000.0,neh
P2,fri,484,36086.0,69000000.0,neh
P2,fri,485,36162.0,69200000.0,neh
P2,fri,486,36237.0,69400000.0,neh
P2,fri,487,36307.0,69600000.0,neh
P2,fri,488,36378.0,69600000.0,neh
P2,fri,489,36451.0,69800000.0,neh
P2,fri,490,36526.0,70000000.0,neh
P2,fri,491,36595.0,70000000.0,neh
P2,fri,492,36672.0,70200000.0,neh
P2,fri,493,36749.0,70400000.0,neh
P2,fri,494,36826.0,70600000.0,neh
P2,fri,495,36895.0,70600000.0,neh
P2,fri,496,36967.0,70800000.0,neh
P2,fri,497,37038.0,71000000.0,neh
P2,fri,498,37111.0,71200000.0,neh
P2,fri,499,37185.0,71200000.0,neh
P2,fri,500,37260.0,71400000.0,neh
P2,sat,1,2046.0,6000000.0,neh
P2,sat,2,2225.0,6200000.0,neh
P2,sat,3,2350.0,6300000.0,neh
P2,sat,4,2475.0,6400000.0,neh
P2,sat,5,2609.0,6600000.0,neh
P2,sat,6,2738.0,6700000.0,neh
P2,sat,7,2867.0,6800000.0,neh
P2,sat,8,2994.0,6900000.0,neh
P2,sat,9,3132.0,7100000.0,neh
P2,sat,10,3261.0,7200000.0,neh
P2,sat,11,3394.0,7300000.0,neh
P2,sat,12,3525.0,7500000.0,neh
P2,sat,13,3659.0,7600000.0,neh
P2,sat,14,3795.0,7700000.0,neh
P2,sat,15,3922.0,7900000.0,neh
P2,sat,16,4053.0,8000000.0,neh
P2,sat,17,4189.0,8100000.0,neh
P2,sat,18,4321.0,8300000.0,neh
P2,sat,19,4449.0,8400000.0,neh
P2,sat,20,4577.0,8500000.0,neh
P2,sat,21,4713.0,8700000.0,neh
P2,sat,22,4846.0,8800000.0,neh
P2,sat,23,4982.0,8900000.0,neh
P2,sat,24,5116.0,9100000.0,neh
P2,sat,25,5253.0,9200000.0,neh
P2,sat,26,5385.0,9300000.0,neh
P2,sat,27,5513.0,9500000.0,neh
P2,sat,28,5646.0,9600000.0,neh
P2,sat,29,5774.0,9700000.0,neh
P2,sat,30,5905.0,9900000.0,neh
P2,sat,31,6041.0,10000000.0,neh
P2,sat,32,6172.0,10100000.0,neh
P2,sat,33,6301.0,10300000.0,neh
P2,sat,34,6430.0,10400000.0,neh
P2,sat,35,6562.0,10500000.0,neh
P2,sat,36,6699.0,10600000.0,neh
P2,sat,37,6835.0,10800000.0,neh
P2,sat,38,6968.0,10900000.0,neh
P2,sat,39,7104.0,11200000.0,neh
P2,sat,40,7240.0,11400000.0,neh
P2,sat,41,7377.0,11600000.0,neh
P2,sat,42,7506.0,12000000.0,neh
P2,sat,43,7644.0,12200000.0,neh
P2,sat,44,7777.0,12400000.0,neh
P2,sat,45,7911.0,12800000.0,neh
P2,sat,46,8048.0,13000000.0,neh
P2,sat,47,8182.0,13200000.0,neh
P2,sat,48,8312.0,13600000.0,neh
P2,sat,49,8441.0,13800000.0,neh
P2,sat,50,8578.0,14000000.0,neh
P2,sat,51,8710.0,14400000.0,neh
P2,sat,52,8846.0,14600000.0,neh
P2,sat,53,8977.0,14800000.0,neh
P2,sat,54,9114.0,15200000.0,neh
P2,sat,55,9243.0,15400000.0,neh
P2,sat,56,9375.0,15600000.0,neh
P2,sat,57,9514.0,16000000.0,neh
P2,sat,58,9646.0,16200000.0,neh
P2,sat,59,9781.0,16400000.0,neh
P2,sat,60,9916.0,16800000.0,neh
P2,sat,61,10053.0,17000000.0,neh
P2,sat,62,10186.0,17200000.0,neh
P2,sat,63,10325.0,17600000.0,neh
P2,sat,64,10462.0,17800000.0,neh
P2,sat,65,10595.0,18000000.0,neh
P2,sat,66,10733.0,18400000.0,neh
P2,sat,67,10870.0,18600000.0,neh
P2,sat,68,11009.0,19000000.0,neh
P2,sat,69,11144.0,19200000.0,neh
P2,sat,70,11279.0,19400000.0,neh
P2,sat,71,11416.0,19800000.0,neh
P2,sat,72,11548.0,20000000.0,neh
P2,sat,73,11684.0,20200000.0,neh
P2,sat,74,11821.0,20600000.0,neh
P2,sat,75,11960.0,20800000.0,neh
P2,sat,76,12096.0,21000000.0,neh
P2,sat,77,12226.0,21400000.0,neh
P2,sat,78,12363.0,21600000.0,neh
P2,sat,79,12497.0,21800000.0,neh
P2,sat,80,12628.0,22200000.0,neh
P2,sat,81,12767.0,22400000.0,neh
P2,sat,82,12898.0,22600000.0,neh
P2,sat,83,13034.0,23000000.0,neh
P2,sat,84,13166.0,23200000.0,neh
P2,sat,85,13297.0,23400000.0,neh
P2,sat,86,13433.0,23800000.0,neh
P2,sat,87,13572.0,24000000.0,neh
P2,sat,88,13711.0,24400000.0,neh
P2,sat,89,13846.0,24600000.0,neh
P2,sat,90,13983.0,24800000.0,neh
P2,sat,91,14118.0,25200000.0,neh
P2,sat,92,14256.0,25400000.0,neh
P2,sat,93,14394.0,25600000.0,neh
P2,sat,94,14531.0,26000000.0,neh
P2,sat,95,14662.0,26200000.0,neh
P2,sat,96,14799.0,26400000.0,neh
P2,sat,97,14931.0,26800000.0,neh
P2,sat,98,15063.0,27000000.0,neh
P2,sat,99,15194.0,27200000.0,neh
P2,sat,100,15329.0,27600000.0,neh
P2,sat,101,15462.0,27800000.0,neh
P2,sat,102,15595.0,28000000.0,neh
P2,sat,103,15728.0,28400000.0,neh
P2,sat,104,15864.0,28600000.0,neh
P2,sat,105,15994.0,28800000.0,neh
P2,sat,106,16124.0,29200000.0,neh
P2,sat,107,16262.0,29400000.0,neh
P2,sat,108,16391.0,29600000.0,neh
P2,sat,109,16527.0,30000000.0,neh
P2,sat,110,16659.0,30200000.0,neh
P2,sat,111,16792.0,30400000.0,neh
P2,sat,112,16929.0,30800000.0,neh
P2,sat,113,17065.0,31000000.0,neh
P2,sat,114,17195.0,31200000.0,neh
P2,sat,115,17325.0,31600000.0,neh
P2,sat,116,17464.0,31800000.0,neh
P2,sat,117,17598.0,32000000.0,neh
P2,sat,118,17728.0,32400000.0,neh
P2,sat,119,17863.0,32600000.0,neh
P2,sat,120,17992.0,32800000.0,neh
P2,sat,121,18125.0,33200000.0,neh
P2,sat,122,18256.0,33400000.0,neh
P2,sat,123,18387.0,33600000.0,neh
P2,sat,124,18518.0,34000000.0,neh
P2,sat,125,18651.0,34200000.0,neh
P2,sat,126,18783.0,34400000.0,neh
P2,sat,127,18919.0,34800000.0,neh
P2,sat,128,19051.0,35000000.0,neh
P2,sat,129,19185.0,35200000.0,neh
P2,sat,130,19316.0,35600000.0,neh
P2,sat,131,19452.0,35800000.0,neh
P2,sat,132,19585.0,36000000.0,neh
P2,sat,133,19721.0,36400000.0,neh
P2,sat,134,19855.0,36600000.0,neh
P2,sat,135,19992.0,36800000.0,neh
P2,sat,136,20125.0,37200000.0,neh
P2,sat,137,20256.0,37400000.0,neh
P2,sat,138,20385.0,37600000.0,neh
P2,sat,139,20522.0,38000000.0,neh
P2,sat,140,20651.0,38200000.0,neh
P2,sat,141,20789.0,38400000.0,neh
P2,sat,142,20918.0,38800000.0,neh
P2,sat,143,21051.0,39000000.0,neh
P2,sat,144,21182.0,39200000.0,neh
P2,sat,145,21313.0,39600000.0,neh
P2,sat,146,21446.0,39800000.0,neh
P2,sat,147,21584.0,40000000.0,neh
P2,sat,148,21719.0,40400000.0,neh
P2,sat,149,21857.0,40600000.0,neh
P2,sat,150,21990.0,40800000.0,neh
P2,sat,151,22123.0,41200000.0,neh
P2,sat,152,22257.0,41400000.0,neh
P2,sat,153,22387.0,41600000.0,neh
P2,sat,154,22525.0,42000000.0,neh
P2,sat,155,22660.0,42200000.0,neh
P2,sat,156,22795.0,42400000.0,neh
P2,sat,157,22925.0,42800000.0,neh
P2,sat,158,23060.0,43000000.0,neh
P2,sat,159,23194.0,43200000.0,neh
P2,sat,160,23330.0,43600000.0,neh
P2,sat,161,23461.0,43800000.0,neh
P2,sat,162,23596.0,44000000.0,neh
P2,sat,163,23725.0,44400000.0,neh
P2,sat,164,23863.0,44600000.0,neh
P2,sat,165,23999.0,44800000.0,neh
P2,sat,166,24137.0,45200000.0,neh
P2,sat,167,24275.0,45400000.0,neh
P2,sat,168,24414.0,45800000.0,neh
P2,sat,169,24551.0,46000000.0,neh
P2,sat,170,24682.0,46200000.0,neh
P2,sat,171,24819.0,46600000.0,neh
P2,sat,172,24949.0,46800000.0,neh
P2,sat,173,25087.0,47000000.0,neh
P2,sat,174,25217.0,47400000.0,neh
P2,sat,175,25353.0,47600000.0,neh
P2,sat,176,25482.0,47800000.0,neh
P2,sat,177,25611.0,48200000.0,neh
P2,sat,178,25750.0,48400000.0,neh
P2,sat,179,25885.0,48600000.0,neh
P2,sat,180,26018.0,49000000.0,neh
P2,sat,181,26147.0,49200000.0,neh
P2,sat,182,26285.0,49400000.0,neh
P2,sat,183,26423.0,49800000.0,neh
P2,sat,184,26557.0,50000000.0,neh
P2,sat,185,26689.0,50200000.0,neh
P2,sat,186,26824.0,50600000.0,neh
P2,sat,187,26959.0,50800000.0,neh
P2,sat,188,27088.0,51000000.0,neh
P2,sat,189,27223.0,51400000.0,neh
P2,sat,190,27358.0,51600000.0,neh
P2,sat,191,27489.0,51800000.0,neh
P2,sat,192,27623.0,52200000.0,neh
P2,sat,193,27753.0,52400000.0,neh
P2,sat,194,27886.0,52600000.0,neh
P2,sat,195,28020.0,53000000.0,neh
P2,sat,196,28157.0,53200000.0,neh
P2,sat,197,28288.0,53400000.0,neh
P2,sat,198,28418.0,53800000.0,neh
P2,sat,199,28548.0,54000000.0,neh
P2,sat,200,28682.0,54200000.0,neh
P2,sat,201,28813.0,54600000.0,neh
P2,sat,202,28948.0,54800000.0,neh
P2,sat,203,29080.0,55000000.0,neh
P2,sat,204,29214.0,55400000.0,neh
P2,sat,205,29344.0,55600000.0,neh
P2,sat,206,29481.0,55800000.0,neh
P2,sat,207,29613.0,56200000.0,neh
P2,sat,208,29745.0,56400000.0,neh
P2,sat,209,29880.0,56600000.0,neh
P2,sat,210,30018.0,57000000.0,neh
P2,sat,211,30152.0,57200000.0,neh
P2,sat,212,30288.0,57400000.0,neh
P2,sat,213,30423.0,57800000.0,neh
P2,sat,214,30558.0,58000000.0,neh
P2,sat,215,30688.0,58200000.0,neh
P2,sat,216,30819.0,58600000.0,neh
P2,sat,217,30950.0,58800000.0,neh
P2,sat,218,31081.0,59000000.0,neh
P2,sat,219,31214.0,59400000.0,neh
P2,sat,220,31349.0,59600000.0,neh
P2,sat,221,31479.0,59800000.0,neh
P2,sat,222,31611.0,60200000.0,neh
P2,sat,223,31742.0,60400000.0,neh
P2,sat,224,31875.0,60600000.0,neh
P2,sat,225,32012.0,61000000.0,neh
P2,sat,226,32146.0,61200000.0,neh
P2,sat,227,32282.0,61400000.0,neh
P2,sat,228,32420.0,61800000.0,neh
P2,sat,229,32553.0,62000000.0,neh
P2,sat,230,32690.0,62200000.0,neh
P2,sat,231,32828.0,62600000.0,neh
P2,sat,232,32966.0,62800000.0,neh
P2,sat,233,33102.0,63200000.0,neh
P2,sat,234,33237.0,63400000.0,neh
P2,sat,235,33376.0,63600000.0,neh
P2,sat,236,33514.0,64000000.0,neh
P2,sat,237,33646.0,64200000.0,neh
P2,sat,238,33782.0,64400000.0,neh
P2,sat,239,33921.0,64800000.0,neh
P2,sat,240,34053.0,65000000.0,neh
P2,sat,241,34191.0,65200000.0,neh
P2,sat,242,34323.0,65600000.0,neh
P2,sat,243,34460.0,65800000.0,neh
P2,sat,244,34595.0,66000000.0,neh
P2,sat,245,34732.0,66400000.0,neh
P2,sat,246,34863.0,66600000.0,neh
P2,sat,247,34992.0,66800000.0,neh
P2,sat,248,35131.0,67200000.0,neh
P2,sat,249,35262.0,67400000.0,neh
P2,sat,250,35400.0,67800000.0,neh
P2,sat,251,35539.0,68000000.0,neh
P2,sat,252,35677.0,68200000.0,neh
P2,sat,253,35810.0,68600000.0,neh
P2,sat,254,35940.0,68800000.0,neh
P2,sat,255,36072.0,69000000.0,neh
P2,sat,256,36206.0,69400000.0,neh
P2,sat,257,36340.0,69600000.0,neh
P2,sat,258,36477.0,69800000.0,neh
P2,sat,259,36614.0,70200000.0,neh
P2,sat,260,36745.0,70400000.0,neh
P2,sat,261,36876.0,70600000.0,neh
P2,sat,262,37008.0,71000000.0,neh
P2,sat,263,37139.0,71200000.0,neh
P2,sat,264,37270.0,71400000.0,neh
P2,sat,265,37408.0,71800000.0,neh
P2,sat,266,37539.0,72000000.0,neh
P2,sat,267,37671.0,72200000.0,neh
P2,sat,268,37808.0,72600000.0,neh
P2,sat,269,37945.0,72800000.0,neh
P2,sat,270,38079.0,73000000.0,neh
P2,sat,271,38209.0,73400000.0,neh
P2,sat,272,38338.0,73600000.0,neh
P2,sat,273,38467.0,73800000.0,neh
P2,sat,274,38601.0,74200000.0,neh
P2,sat,275,38733.0,74400000.0,neh
P2,sat,276,38871.0,74600000.0,neh
P2,sat,277,39009.0,75000000.0,neh
P2,sat,278,39147.0,75200000.0,neh
P2,sat,279,39278.0,75400000.0,neh
P2,sat,280,39408.0,75800000.0,neh
P2,sat,281,39540.0,76000000.0,neh
P2,sat,282,39673.0,76200000.0,neh
P2,sat,283,39809.0,76600000.0,neh
P2,sat,284,39947.0,76800000.0,neh
P2,sat,285,40078.0,77000000.0,neh
P2,sat,286,40209.0,77400000.0,neh
P2,sat,287,40343.0,77600000.0,neh
P2,sat,288,40479.0,77800000.0,neh
P2,sat,289,40613.0,78200000.0,neh
P2,sat,290,40746.0,78400000.0,neh
P2,sat,291,40876.0,78600000.0,neh
P2,sat,292,41011.0,79000000.0,neh
P2,sat,293,41145.0,79200000.0,neh
P2,sat,294,41283.0,79400000.0,neh
P2,sat,295,41421.0,79800000.0,neh
P2,sat,296,41559.0,80000000.0,neh
P2,sat,297,41697.0,80200000.0,neh
P2,sat,298,41833.0,80600000.0,neh
P2,sat,299,41966.0,80800000.0,neh
P2,sat,300,42104.0,81200000.0,neh
P2,sat,301,42237.0,81400000.0,neh
P2,sat,302,42376.0,81600000.0,neh
P2,sat,303,42507.0,82000000.0,neh
P2,sat,304,42636.0,82200000.0,neh
P2,sat,305,42769.0,82400000.0,neh
P2,sat,306,42903.0,82800000.0,neh
P2,sat,307,43042.0,83000000.0,neh
P2,sat,308,43172.0,83200000.0,neh
P2,sat,309,43307.0,83600000.0,neh
P2,sat,310,43436.0,83800000.0,neh
P2,sat,311,43573.0,84000000.0,neh
P2,sat,312,43708.0,84400000.0,neh
P2,sat,313,43843.0,84600000.0,neh
P2,sat,314,43978.0,84800000.0,neh
P2,sat,315,44114.0,85200000.0,neh
P2,sat,316,44244.0,85400000.0,neh
P2,sat,317,44373.0,85600000.0,neh
P2,sat,318,44504.0,86000000.0,neh
P2,sat,319,44634.0,86200000.0,neh
P2,sat,320,44772.0,86400000.0,neh
P2,sat,321,44909.0,86800000.0,neh
P2,sat,322,45046.0,87000000.0,neh
P2,sat,323,45179.0,87200000.0,neh
P2,sat,324,45311.0,87600000.0,neh
P2,sat,325,45443.0,87800000.0,neh
P2,sat,326,45574.0,88000000.0,neh
P2,sat,327,45708.0,88400000.0,neh
P2,sat,328,45845.0,88600000.0,neh
P2,sat,329,45980.0,88800000.0,neh
P2,sat,330,46114.0,89200000.0,neh
P2,sat,331,46243.0,89400000.0,neh
P2,sat,332,46382.0,89600000.0,neh
P2,sat,333,46520.0,90000000.0,neh
P2,sat,334,46653.0,90200000.0,neh
P2,sat,335,46785.0,90400000.0,neh
P2,sat,336,46919.0,90800000.0,neh
P2,sat,337,47053.0,91000000.0,neh
P2,sat,338,47192.0,91200000.0,neh
P2,sat,339,47327.0,91600000.0,neh
P2,sat,340,47458.0,91800000.0,neh
P2,sat,341,47588.0,92000000.0,neh
P2,sat,342,47718.0,92400000.0,neh
P2,sat,343,47850.0,92600000.0,neh
P2,sat,344,47981.0,92800000.0,neh
P2,sat,345,48112.0,93200000.0,neh
P2,sat,346,48246.0,93400000.0,neh
P2,sat,347,48378.0,93600000.0,neh
P2,sat,348,48515.0,94000000.0,neh
P2,sat,349,48645.0,94200000.0,neh
P2,sat,350,48783.0,94400000.0,neh
P2,sat,351,48914.0,94800000.0,neh
P2,sat,352,49046.0,95000000.0,neh
P2,sat,353,49184.0,95200000.0,neh
P2,sat,354,49322.0,95600000.0,neh
P2,sat,355,49456.0,95800000.0,neh
P2,sat,356,49588.0,96000000.0,neh
P2,sat,357,49725.0,96400000.0,neh
P2,sat,358,49861.0,96600000.0,neh
P2,sat,359,49998.0,96800000.0,neh
P2,sat,360,50134.0,97200000.0,neh
P2,sat,361,50271.0,97400000.0,neh
P2,sat,362,50408.0,97800000.0,neh
P2,sat,363,50547.0,98000000.0,neh
P2,sat,364,50685.0,98200000.0,neh
P2,sat,365,50823.0,98600000.0,neh
P2,sat,366,50953.0,98800000.0,neh
P2,sat,367,51089.0,99000000.0,neh
P2,sat,368,51224.0,99400000.0,neh
P2,sat,369,51356.0,99600000.0,neh
P2,sat,370,51488.0,99800000.0,neh
P2,sat,371,51621.0,100200000.0,neh
P2,sat,372,51750.0,100400000.0,neh
P2,sat,373,51885.0,100600000.0,neh
P2,sat,374,52014.0,101000000.0,neh
P2,sat,375,52146.0,101200000.0,neh
P2,sat,376,52280.0,101400000.0,neh
P2,sat,377,52410.0,101800000.0,neh
P2,sat,378,52544.0,102000000.0,neh
P2,sat,379,52676.0,102200000.0,neh
P2,sat,380,52809.0,102600000.0,neh
P2,sat,381,52947.0,102800000.0,neh
P2,sat,382,53080.0,103000000.0,neh
P2,sat,383,53212.0,103400000.0,neh
P2,sat,384,53347.0,103600000.0,neh
P2,sat,385,53481.0,103800000.0,neh
P2,sat,386,53615.0,104200000.0,neh
P2,sat,387,53746.0,104400000.0,neh
P2,sat,388,53884.0,104600000.0,neh
P2,sat,389,54021.0,105000000.0,neh
P2,sat,390,54155.0,105200000.0,neh
P2,sat,391,54286.0,105400000.0,neh
P2,sat,392,54424.0,105800000.0,neh
P2,sat,393,54560.0,106000000.0,neh
P2,sat,394,54695.0,106200000.0,neh
P2,sat,395,54833.0,106600000.0,neh
P2,sat,396,54964.0,106800000.0,neh
P2,sat,397,55100.0,107200000.0,neh
P2,sat,398,55231.0,107400000.0,neh
P2,sat,399,55363.0,107600000.0,neh
P2,sat,400,55495.0,107800000.0,neh
P2,sat,401,55633.0,108200000.0,neh
P2,sat,402,55768.0,108400000.0,neh
P2,sat,403,55901.0,108800000.0,neh
P2,sat,404,56039.0,109000000.0,neh
P2,sat,405,56173.0,109200000.0,neh
P2,sat,406,56305.0,109600000.0,neh
P2,sat,407,56440.0,109800000.0,neh
P2,sat,408,56570.0,110000000.0,neh
P2,sat,409,56705.0,110400000.0,neh
P2,sat,410,56837.0,110600000.0,neh
P2,sat,411,56967.0,110800000.0,neh
P2,sat,412,57099.0,111000000.0,neh
P2,sat,413,57229.0,111400000.0,neh
P2,sat,414,57367.0,111600000.0,neh
P2,sat,415,57500.0,112000000.0,neh
P2,sat,416,57636.0,112200000.0,neh
P2,sat,417,57768.0,112400000.0,neh
P2,sat,418,57899.0,112600000.0,neh
P2,sat,419,58038.0,113000000.0,neh
P2,sat,420,58171.0,113200000.0,neh
P2,sat,421,58304.0,113600000.0,neh
P2,sat,422,58441.0,113800000.0,neh
P2,sat,423,58574.0,114000000.0,neh
P2,sat,424,58709.0,114400000.0,neh
P2,sat,425,58841.0,114600000.0,neh
P2,sat,426,58972.0,114800000.0,neh
P2,sat,427,59111.0,115200000.0,neh
P2,sat,428,59245.0,115400000.0,neh
P2,sat,429,59375.0,115600000.0,neh
P2,sat,430,59506.0,116000000.0,neh
P2,sat,431,59635.0,116200000.0,neh
P2,sat,432,59765.0,116400000.0,neh
P2,sat,433,59898.0,116600000.0,neh
P2,sat,434,60034.0,117000000.0,neh
P2,sat,435,60164.0,117200000.0,neh
P2,sat,436,60303.0,117600000.0,neh
P2,sat,437,60436.0,117800000.0,neh
P2,sat,438,60565.0,118000000.0,neh
P2,sat,439,60694.0,118200000.0,neh
P2,sat,440,60828.0,118600000.0,neh
P2,sat,441,60962.0,118800000.0,neh
P2,sat,442,61101.0,119200000.0,neh
P2,sat,443,61238.0,119400000.0,neh
P2,sat,444,61373.0,119600000.0,neh
P2,sat,445,61506.0,120000000.0,neh
P2,sat,446,61644.0,120200000.0,neh
P2,sat,447,61782.0,120400000.0,neh
P2,sat,448,61914.0,120800000.0,neh
P2,sat,449,62048.0,121000000.0,neh
P2,sat,450,62182.0,121200000.0,neh
P2,sat,451,62316.0,121600000.0,neh
P2,sat,452,62448.0,121800000.0,neh
P2,sat,453,62587.0,122000000.0,neh
P2,sat,454,62718.0,122400000.0,neh
P2,sat,455,62851.0,122600000.0,neh
P2,sat,456,62986.0,122800000.0,neh
P2,sat,457,63123.0,123200000.0,neh
P2,sat,458,63256.0,123400000.0,neh
P2,sat,459,63390.0,123600000.0,neh
P2,sat,460,63525.0,124000000.0,neh
P2,sat,461,63661.0,124200000.0,neh
P2,sat,462,63795.0,124400000.0,neh
P2,sat,463,63931.0,124800000.0,neh
P2,sat,464,64061.0,125000000.0,neh
P2,sat,465,64194.0,125200000.0,neh
P2,sat,466,64333.0,125600000.0,neh
P2,sat,467,64466.0,125800000.0,neh
P2,sat,468,64602.0,126200000.0,neh
P2,sat,469,64734.0,126400000.0,neh
P2,sat,470,64867.0,126600000.0,neh
P2,sat,471,65004.0,127000000.0,neh
P2,sat,472,65142.0,127200000.0,neh
P2,sat,473,65276.0,127400000.0,neh
P2,sat,474,65414.0,127800000.0,neh
P2,sat,475,65549.0,128000000.0,neh
P2,sat,476,65681.0,128200000.0,neh
P2,sat,477,65811.0,128600000.0,neh
P2,sat,478,65944.0,128800000.0,neh
P2,sat,479,66077.0,129000000.0,neh
P2,sat,480,66212.0,129400000.0,neh
P2,sat,481,66342.0,129600000.0,neh
P2,sat,482,66471.0,129800000.0,neh
P2,sat,483,66606.0,130200000.0,neh
P2,sat,484,66738.0,130400000.0,neh
P2,sat,485,66871.0,130600000.0,neh
P2,sat,486,67004.0,131000000.0,neh
P2,sat,487,67140.0,131200000.0,neh
P2,sat,488,67275.0,131400000.0,neh
P2,sat,489,67407.0,131800000.0,neh
P2,sat,490,67541.0,132000000.0,neh
P2,sat,491,67677.0,132200000.0,neh
P2,sat,492,67806.0,132600000.0,neh
P2,sat,493,67935.0,132800000.0,neh
P2,sat,494,68071.0,133000000.0,neh
P2,sat,495,68210.0,133400000.0,neh
P2,sat,496,68341.0,133600000.0,neh
P2,sat,497,68477.0,133800000.0,neh
P2,sat,498,68609.0,134200000.0,neh
P2,sat,499,68739.0,134400000.0,neh
P2,sat,500,68875.0,134600000.0,neh
P2,sun,1,1822.0,5800000.0,neh
P2,sun,2,2010.0,6000000.0,neh
P2,sun,3,2135.0,6100000.0,neh
P2,sun,4,2255.0,6200000.0,neh
P2,sun,5,2388.0,6300000.0,neh
P2,sun,6,2511.0,6500000.0,neh
P2,sun,7,2630.0,6600000.0,neh
P2,sun,8,2761.0,6700000.0,neh
P2,sun,9,2897.0,6800000.0,neh
P2,sun,10,3030.0,7000000.0,neh
P2,sun,11,3152.0,7100000.0,neh
P2,sun,12,3274.0,7200000.0,neh
P2,sun,13,3394.0,7300000.0,neh
P2,sun,14,3521.0,7500000.0,neh
P2,sun,15,3649.0,7600000.0,neh
P2,sun,16,3777.0,7700000.0,neh
P2,sun,17,3909.0,7900000.0,neh
P2,sun,18,4036.0,8000000.0,neh
P2,sun,19,4163.0,8100000.0,neh
P2,sun,20,4294.0,8200000.0,neh
P2,sun,21,4421.0,8400000.0,neh
P2,sun,22,4547.0,8500000.0,neh
P2,sun,23,4679.0,8600000.0,neh
P2,sun,24,4798.0,8700000.0,neh
P2,sun,25,4927.0,8900000.0,neh
P2,sun,26,5054.0,9000000.0,neh
P2,sun,27,5180.0,9100000.0,neh
P2,sun,28,5308.0,9300000.0,neh
P2,sun,29,5440.0,9400000.0,neh
P2,sun,30,5572.0,9500000.0,neh
P2,sun,31,5701.0,9700000.0,neh
P2,sun,32,5829.0,9800000.0,neh
P2,sun,33,5960.0,9900000.0,neh
P2,sun,34,6092.0,10000000.0,neh
P2,sun,35,6220.0,10200000.0,neh
P2,sun,36,6353.0,10300000.0,neh
P2,sun,37,6487.0,10400000.0,neh
P2,sun,38,6617.0,10600000.0,neh
P2,sun,39,6751.0,10700000.0,neh
P2,sun,40,6882.0,10800000.0,neh
P2,sun,41,7015.0,11000000.0,neh
P2,sun,42,7143.0,11200000.0,neh
P2,sun,43,7268.0,11400000.0,neh
P2,sun,44,7401.0,11800000.0,neh
P2,sun,45,7534.0,12000000.0,neh
P2,sun,46,7660.0,12200000.0,neh
P2,sun,47,7790.0,12400000.0,neh
P2,sun,48,7917.0,12800000.0,neh
P2,sun,49,8050.0,13000000.0,neh
P2,sun,50,8180.0,13200000.0,neh
P2,sun,51,8314.0,13600000.0,neh
P2,sun,52,8441.0,13800000.0,neh
P2,sun,53,8571.0,14000000.0,neh
P2,sun,54,8705.0,14400000.0,neh
P2,sun,55,8836.0,14600000.0,neh
P2,sun,56,8966.0,14800000.0,neh
P2,sun,57,9097.0,15000000.0,neh
P2,sun,58,9231.0,15400000.0,neh
P2,sun,59,9357.0,15600000.0,neh
P2,sun,60,9483.0,15800000.0,neh
P2,sun,61,9613.0,16200000.0,neh
P2,sun,62,9741.0,16400000.0,neh
P2,sun,63,9874.0,16600000.0,neh
P2,sun,64,10001.0,17000000.0,neh
P2,sun,65,10132.0,17200000.0,neh
P2,sun,66,10266.0,17400000.0,neh
P2,sun,67,10393.0,17600000.0,neh
P2,sun,68,10523.0,18000000.0,neh
P2,sun,69,10654.0,18200000.0,neh
P2,sun,70,10787.0,18400000.0,neh
P2,sun,71,10915.0,18800000.0,neh
P2,sun,72,11043.0,19000000.0,neh
P2,sun,73,11169.0,19200000.0,neh
P2,sun,74,11304.0,19600000.0,neh
P2,sun,75,11437.0,19800000.0,neh
P2,sun,76,11567.0,20000000.0,neh
P2,sun,77,11696.0,20200000.0,neh
P2,sun,78,11827.0,20600000.0,neh
P2,sun,79,11956.0,20800000.0,neh
P2,sun,80,12090.0,21000000.0,neh
P2,sun,81,12225.0,21400000.0,neh
P2,sun,82,12358.0,21600000.0,neh
P2,sun,83,12489.0,21800000.0,neh
P2,sun,84,12620.0,22200000.0,neh
P2,sun,85,12748.0,22400000.0,neh
P2,sun,86,12878.0,22600000.0,neh
P2,sun,87,13011.0,23000000.0,neh
P2,sun,88,13142.0,23200000.0,neh
P2,sun,89,13273.0,23400000.0,neh
P2,sun,90,13399.0,23600000.0,neh
P2,sun,91,13528.0,24000000.0,neh
P2,sun,92,13656.0,24200000.0,neh
P2,sun,93,13786.0,24400000.0,neh
P2,sun,94,13915.0,24800000.0,neh
P2,sun,95,14046.0,25000000.0,neh
P2,sun,96,14177.0,25200000.0,neh
P2,sun,97,14308.0,25600000.0,neh
P2,sun,98,14438.0,25800000.0,neh
P2,sun,99,14568.0,26000000.0,neh
P2,sun,100,14699.0,26200000.0,neh
P2,sun,101,14832.0,26600000.0,neh
P2,sun,102,14960.0,26800000.0,neh
P2,sun,103,15089.0,27000000.0,neh
P2,sun,104,15217.0,27400000.0,neh
P2,sun,105,15352.0,27600000.0,neh
P2,sun,106,15482.0,27800000.0,neh
P2,sun,107,15613.0,28200000.0,neh
P2,sun,108,15744.0,28400000.0,neh
P2,sun,109,15871.0,28600000.0,neh
P2,sun,110,15999.0,28800000.0,neh
P2,sun,111,16127.0,29200000.0,neh
P2,sun,112,16257.0,29400000.0,neh
P2,sun,113,16385.0,29600000.0,neh
P2,sun,114,16515.0,30000000.0,neh
P2,sun,115,16650.0,30200000.0,neh
P2,sun,116,16778.0,30400000.0,neh
P2,sun,117,16912.0,30800000.0,neh
P2,sun,118,17040.0,31000000.0,neh
P2,sun,119,17169.0,31200000.0,neh
P2,sun,120,17299.0,31400000.0,neh
P2,sun,121,17434.0,31800000.0,neh
P2,sun,122,17559.0,32000000.0,neh
P2,sun,123,17686.0,32200000.0,neh
P2,sun,124,17814.0,32600000.0,neh
P2,sun,125,17948.0,32800000.0,neh
P2,sun,126,18075.0,33000000.0,neh
P2,sun,127,18208.0,33400000.0,neh
P2,sun,128,18342.0,33600000.0,neh
P2,sun,129,18471.0,33800000.0,neh
P2,sun,130,18599.0,34000000.0,neh
P2,sun,131,18730.0,34400000.0,neh
P2,sun,132,18857.0,34600000.0,neh
P2,sun,133,18988.0,34800000.0,neh
P2,sun,134,19114.0,35200000.0,neh
P2,sun,135,19244.0,35400000.0,neh
P2,sun,136,19372.0,35600000.0,neh
P2,sun,137,19502.0,36000000.0,neh
P2,sun,138,19632.0,36200000.0,neh
P2,sun,139,19761.0,36400000.0,neh
P2,sun,140,19892.0,36600000.0,neh
P2,sun,141,20018.0,37000000.0,neh
P2,sun,142,20144.0,37200000.0,neh
P2,sun,143,20276.0,37400000.0,neh
P2,sun,144,20411.0,37800000.0,neh
P2,sun,145,20541.0,38000000.0,neh
P2,sun,146,20671.0,38200000.0,neh
P2,sun,147,20802.0,38600000.0,neh
P2,sun,148,20934.0,38800000.0,neh
P2,sun,149,21063.0,39000000.0,neh
P2,sun,150,21197.0,39200000.0,neh
P2,sun,151,21330.0,39600000.0,neh
P2,sun,152,21462.0,39800000.0,neh
P2,sun,153,21590.0,40000000.0,neh
P2,sun,154,21720.0,40400000.0,neh
P2,sun,155,21852.0,40600000.0,neh
P2,sun,156,21986.0,40800000.0,neh
P2,sun,157,22118.0,41200000.0,neh
P2,sun,158,22250.0,41400000.0,neh
P2,sun,159,22383.0,41600000.0,neh
P2,sun,160,22518.0,42000000.0,neh
P2,sun,161,22645.0,42200000.0,neh
P2,sun,162,22777.0,42400000.0,neh
P2,sun,163,22904.0,42800000.0,neh
P2,sun,164,23035.0,43000000.0,neh
P2,sun,165,23162.0,43200000.0,neh
P2,sun,166,23290.0,43400000.0,neh
P2,sun,167,23423.0,43800000.0,neh
P2,sun,168,23553.0,44000000.0,neh
P2,sun,169,23681.0,44200000.0,neh
P2,sun,170,23809.0,44600000.0,neh
P2,sun,171,23938.0,44800000.0,neh
P2,sun,172,24067.0,45000000.0,neh
P2,sun,173,24192.0,45200000.0,neh
P2,sun,174,24320.0,45600000.0,neh
P2,sun,175,24454.0,45800000.0,neh
P2,sun,176,24582.0,46000000.0,neh
P2,sun,177,24710.0,46400000.0,neh
P2,sun,178,24845.0,46600000.0,neh
P2,sun,179,24977.0,46800000.0,neh
P2,sun,180,25110.0,47200000.0,neh
P2,sun,181,25240.0,47400000.0,neh
P2,sun,182,25373.0,47600000.0,neh
P2,sun,183,25499.0,47800000.0,neh
P2,sun,184,25624.0,48200000.0,neh
P2,sun,185,25756.0,48400000.0,neh
P2,sun,186,25891.0,48600000.0,neh
P2,sun,187,26020.0,49000000.0,neh
P2,sun,188,26146.0,49200000.0,neh
P2,sun,189,26278.0,49400000.0,neh
P2,sun,190,26410.0,49800000.0,neh
P2,sun,191,26542.0,50000000.0,neh
P2,sun,192,26671.0,50200000.0,neh
P2,sun,193,26802.0,50600000.0,neh
P2,sun,194,26931.0,50800000.0,neh
P2,sun,195,27058.0,51000000.0,neh
P2,sun,196,27186.0,51200000.0,neh
P2,sun,197,27319.0,51600000.0,neh
P2,sun,198,27450.0,51800000.0,neh
P2,sun,199,27577.0,52000000.0,neh
P2,sun,200,27703.0,52400000.0,neh
P2,sun,201,27835.0,52600000.0,neh
P2,sun,202,27968.0,52800000.0,neh
P2,sun,203,28103.0,53200000.0,neh
P2,sun,204,28230.0,53400000.0,neh
P2,sun,205,28356.0,53600000.0,neh
P2,sun,206,28488.0,53800000.0,neh
P2,sun,207,28620.0,54200000.0,neh
P2,sun,208,28752.0,54400000.0,neh
P2,sun,209,28883.0,54600000.0,neh
P2,sun,210,29017.0,55000000.0,neh
P2,sun,211,29149.0,55200000.0,neh
P2,sun,212,29284.0,55400000.0,neh
P2,sun,213,29412.0,55800000.0,neh
P2,sun,214,29539.0,56000000.0,neh
P2,sun,215,29668.0,56200000.0,neh
P2,sun,216,29798.0,56400000.0,neh
P2,sun,217,29923.0,56800000.0,neh
P2,sun,218,30052.0,57000000.0,neh
P2,sun,219,30184.0,57200000.0,neh
P2,sun,220,30316.0,57600000.0,neh
P2,sun,221,30451.0,57800000.0,neh
P2,sun,222,30578.0,58000000.0,neh
P2,sun,223,30707.0,58400000.0,neh
P2,sun,224,30840.0,58600000.0,neh
P2,sun,225,30971.0,58800000.0,neh
P2,sun,226,31099.0,59000000.0,neh
P2,sun,227,31230.0,59400000.0,neh
P2,sun,228,31360.0,59600000.0,neh
P2,sun,229,31489.0,59800000.0,neh
P2,sun,230,31623.0,60200000.0,neh
P2,sun,231,31753.0,60400000.0,neh
P2,sun,232,31884.0,60600000.0,neh
P2,sun,233,32009.0,61000000.0,neh
P2,sun,234,32137.0,61200000.0,neh
P2,sun,235,32264.0,61400000.0,neh
P2,sun,236,32391.0,61600000.0,neh
P2,sun,237,32525.0,62000000.0,neh
P2,sun,238,32655.0,62200000.0,neh
P2,sun,239,32788.0,62400000.0,neh
P2,sun,240,32915.0,62800000.0,neh
P2,sun,241,33047.0,63000000.0,neh
P2,sun,242,33175.0,63200000.0,neh
P2,sun,243,33306.0,63600000.0,neh
P2,sun,244,33439.0,63800000.0,neh
P2,sun,245,33570.0,64000000.0,neh
P2,sun,246,33703.0,64400000.0,neh
P2,sun,247,33832.0,64600000.0,neh
P2,sun,248,33965.0,64800000.0,neh
P2,sun,249,34094.0,65000000.0,neh
P2,sun,250,34227.0,65400000.0,neh
P2,sun,251,34352.0,65600000.0,neh
P2,sun,252,34483.0,65800000.0,neh
P2,sun,253,34610.0,66200000.0,neh
P2,sun,254,34735.0,66400000.0,neh
P2,sun,255,34861.0,66600000.0,neh
P2,sun,256,34995.0,66800000.0,neh
P2,sun,257,35128.0,67200000.0,neh
P2,sun,258,35253.0,67400000.0,neh
P2,sun,259,35379.0,67600000.0,neh
P2,sun,260,35508.0,68000000.0,neh
P2,sun,261,35638.0,68200000.0,neh
P2,sun,262,35769.0,68400000.0,neh
P2,sun,263,35895.0,68600000.0,neh
P2,sun,264,36026.0,69000000.0,neh
P2,sun,265,36157.0,69200000.0,neh
P2,sun,266,36291.0,69400000.0,neh
P2,sun,267,36422.0,69800000.0,neh
P2,sun,268,36554.0,70000000.0,neh
P2,sun,269,36689.0,70200000.0,neh
P2,sun,270,36824.0,70600000.0,neh
P2,sun,271,36955.0,70800000.0,neh
P2,sun,272,37085.0,71000000.0,neh
P2,sun,273,37217.0,71400000.0,neh
P2,sun,274,37350.0,71600000.0,neh
P2,sun,275,37477.0,71800000.0,neh
P2,sun,276,37609.0,72200000.0,neh
P2,sun,277,37738.0,72400000.0,neh
P2,sun,278,37864.0,72600000.0,neh
P2,sun,279,37993.0,72800000.0,neh
P2,sun,280,38123.0,73200000.0,neh
P2,sun,281,38254.0,73400000.0,neh
P2,sun,282,38380.0,73600000.0,neh
P2,sun,283,38510.0,74000000.0,neh
P2,sun,284,38639.0,74200000.0,neh
P2,sun,285,38773.0,74400000.0,neh
P2,sun,286,38904.0,74800000.0,neh
P2,sun,287,39039.0,75000000.0,neh
P2,sun,288,39167.0,75200000.0,neh
P2,sun,289,39295.0,75400000.0,neh
P2,sun,290,39420.0,75800000.0,neh
P2,sun,291,39552.0,76000000.0,neh
P2,sun,292,39679.0,76200000.0,neh
P2,sun,293,39804.0,76600000.0,neh
P2,sun,294,39934.0,76800000.0,neh
P2,sun,295,40065.0,77000000.0,neh
P2,sun,296,40198.0,77200000.0,neh
P2,sun,297,40328.0,77600000.0,neh
P2,sun,298,40457.0,77800000.0,neh
P2,sun,299,40590.0,78000000.0,neh
P2,sun,300,40717.0,78400000.0,neh
P2,sun,301,40851.0,78600000.0,neh
P2,sun,302,40978.0,78800000.0,neh
P2,sun,303,41107.0,79200000.0,neh
P2,sun,304,41233.0,79400000.0,neh
P2,sun,305,41367.0,79600000.0,neh
P2,sun,306,41497.0,79800000.0,neh
P2,sun,307,41628.0,80200000.0,neh
P2,sun,308,41760.0,80400000.0,neh
P2,sun,309,41885.0,80600000.0,neh
P2,sun,310,42014.0,81000000.0,neh
P2,sun,311,42143.0,81200000.0,neh
P2,sun,312,42268.0,81400000.0,neh
P2,sun,313,42399.0,81600000.0,neh
P2,sun,314,42529.0,82000000.0,neh
P2,sun,315,42655.0,82200000.0,neh
P2,sun,316,42788.0,82400000.0,neh
P2,sun,317,42918.0,82800000.0,neh
P2,sun,318,43050.0,83000000.0,neh
P2,sun,319,43178.0,83200000.0,neh
P2,sun,320,43312.0,83600000.0,neh
P2,sun,321,43443.0,83800000.0,neh
P2,sun,322,43569.0,84000000.0,neh
P2,sun,323,43703.0,84400000.0,neh
P2,sun,324,43831.0,84600000.0,neh
P2,sun,325,43956.0,84800000.0,neh
P2,sun,326,44084.0,85000000.0,neh
P2,sun,327,44212.0,85400000.0,neh
P2,sun,328,44346.0,85600000.0,neh
P2,sun,329,44480.0,85800000.0,neh
P2,sun,330,44605.0,86200000.0,neh
P2,sun,331,44732.0,86400000.0,neh
P2,sun,332,44867.0,86600000.0,neh
P2,sun,333,45000.0,87000000.0,neh
P2,sun,334,45132.0,87200000.0,neh
P2,sun,335,45263.0,87400000.0,neh
P2,sun,336,45388.0,87600000.0,neh
P2,sun,337,45522.0,88000000.0,neh
P2,sun,338,45649.0,88200000.0,neh
P2,sun,339,45780.0,88400000.0,neh
P2,sun,340,45910.0,88800000.0,neh
P2,sun,341,46043.0,89000000.0,neh
P2,sun,342,46171.0,89200000.0,neh
P2,sun,343,46298.0,89400000.0,neh
P2,sun,344,46425.0,89800000.0,neh
P2,sun,345,46557.0,90000000.0,neh
P2,sun,346,46686.0,90200000.0,neh
P2,sun,347,46812.0,90600000.0,neh
P2,sun,348,46946.0,90800000.0,neh
P2,sun,349,47074.0,91000000.0,neh
P2,sun,350,47201.0,91400000.0,neh
P2,sun,351,47334.0,91600000.0,neh
P2,sun,352,47462.0,91800000.0,neh
P2,sun,353,47590.0,92000000.0,neh
P2,sun,354,47719.0,92400000.0,neh
P2,sun,355,47848.0,92600000.0,neh
P2,sun,356,47981.0,92800000.0,neh
P2,sun,357,48110.0,93200000.0,neh
P2,sun,358,48240.0,93400000.0,neh
P2,sun,359,48370.0,93600000.0,neh
P2,sun,360,48496.0,93800000.0,neh
P2,sun,361,48622.0,94200000.0,neh
P2,sun,362,48748.0,94400000.0,neh
P2,sun,363,48877.0,94600000.0,neh
P2,sun,364,49008.0,95000000.0,neh
P2,sun,365,49133.0,95200000.0,neh
P2,sun,366,49265.0,95400000.0,neh
P2,sun,367,49400.0,95800000.0,neh
P2,sun,368,49528.0,96000000.0,neh
P2,sun,369,49656.0,96200000.0,neh
P2,sun,370,49783.0,96400000.0,neh
P2,sun,371,49916.0,96800000.0,neh
P2,sun,372,50043.0,97000000.0,neh
P2,sun,373,50172.0,97200000.0,neh
P2,sun,374,50306.0,97600000.0,neh
P2,sun,375,50433.0,97800000.0,neh
P2,sun,376,50561.0,98000000.0,neh
P2,sun,377,50690.0,98200000.0,neh
P2,sun,378,50817.0,98600000.0,neh
P2,sun,379,50945.0,98800000.0,neh
P2,sun,380,51079.0,99000000.0,neh
P2,sun,381,51208.0,99400000.0,neh
P2,sun,382,51342.0,99600000.0,neh
P2,sun,383,51475.0,99800000.0,neh
P2,sun,384,51604.0,100200000.0,neh
P2,sun,385,51731.0,100400000.0,neh
P2,sun,386,51863.0,100600000.0,neh
P2,sun,387,51993.0,100800000.0,neh
P2,sun,388,52121.0,101200000.0,neh
P2,sun,389,52247.0,101400000.0,neh
P2,sun,390,52374.0,101600000.0,neh
P2,sun,391,52500.0,102000000.0,neh
P2,sun,392,52635.0,102200000.0,neh
P2,sun,393,52761.0,102400000.0,neh
P2,sun,394,52892.0,102600000.0,neh
P2,sun,395,53018.0,103000000.0,neh
P2,sun,396,53145.0,103200000.0,neh
P2,sun,397,53273.0,103400000.0,neh
P2,sun,398,53405.0,103800000.0,neh
P2,sun,399,53537.0,104000000.0,neh
P2,sun,400,53667.0,104200000.0,neh
P2,sun,401,53795.0,104400000.0,neh
P2,sun,402,53920.0,104800000.0,neh
P2,sun,403,54049.0,105000000.0,neh
P2,sun,404,54182.0,105200000.0,neh
P2,sun,405,54312.0,105600000.0,neh
P2,sun,406,54438.0,105800000.0,neh
P2,sun,407,54565.0,106000000.0,neh
P2,sun,408,54694.0,106200000.0,neh
P2,sun,409,54829.0,106600000.0,neh
P2,sun,410,54956.0,106800000.0,neh
P2,sun,411,55086.0,107000000.0,neh
P2,sun,412,55214.0,107400000.0,neh
P2,sun,413,55347.0,107600000.0,neh
P2,sun,414,55473.0,107800000.0,neh
P2,sun,415,55602.0,108200000.0,neh
P2,sun,416,55732.0,108400000.0,neh
P2,sun,417,55857.0,108600000.0,neh
P2,sun,418,55990.0,108800000.0,neh
P2,sun,419,56117.0,109200000.0,neh
P2,sun,420,56247.0,109400000.0,neh
P2,sun,421,56373.0,109600000.0,neh
P2,sun,422,56499.0,109800000.0,neh
P2,sun,423,56631.0,110200000.0,neh
P2,sun,424,56757.0,110400000.0,neh
P2,sun,425,56882.0,110600000.0,neh
P2,sun,426,57012.0,111000000.0,neh
P2,sun,427,57146.0,111200000.0,neh
P2,sun,428,57274.0,111400000.0,neh
P2,sun,429,57409.0,111800000.0,neh
P2,sun,430,57541.0,112000000.0,neh
P2,sun,431,57666.0,112200000.0,neh
P2,sun,432,57800.0,112600000.0,neh
P2,sun,433,57933.0,112800000.0,neh
P2,sun,434,58061.0,113000000.0,neh
P2,sun,435,58186.0,113200000.0,neh
P2,sun,436,58314.0,113600000.0,neh
P2,sun,437,58440.0,113800000.0,neh
P2,sun,438,58567.0,114000000.0,neh
P2,sun,439,58701.0,114400000.0,neh
P2,sun,440,58831.0,114600000.0,neh
P2,sun,441,58961.0,114800000.0,neh
P2,sun,442,59095.0,115000000.0,neh
P2,sun,443,59223.0,115400000.0,neh
P2,sun,444,59356.0,115600000.0,neh
P2,sun,445,59485.0,115800000.0,neh
P2,sun,446,59617.0,116200000.0,neh
P2,sun,447,59747.0,116400000.0,neh
P2,sun,448,59877.0,116600000.0,neh
P2,sun,449,60012.0,117000000.0,neh
P2,sun,450,60145.0,117200000.0,neh
P2,sun,451,60279.0,117400000.0,neh
P2,sun,452,60410.0,117800000.0,neh
P2,sun,453,60537.0,118000000.0,neh
P2,sun,454,60663.0,118200000.0,neh
P2,sun,455,60790.0,118400000.0,neh
P2,sun,456,60918.0,118800000.0,neh
P2,sun,457,61045.0,119000000.0,neh
P2,sun,458,61177.0,119200000.0,neh
P2,sun,459,61311.0,119600000.0,neh
P2,sun,460,61438.0,119800000.0,neh
P2,sun,461,61568.0,120000000.0,neh
P2,sun,462,61696.0,120200000.0,neh
P2,sun,463,61822.0,120600000.0,neh
P2,sun,464,61956.0,120800000.0,neh
P2,sun,465,62087.0,121000000.0,neh
P2,sun,466,62220.0,121400000.0,neh
P2,sun,467,62349.0,121600000.0,neh
P2,sun,468,62474.0,121800000.0,neh
P2,sun,469,62601.0,122200000.0,neh
P2,sun,470,62731.0,122400000.0,neh
P2,sun,471,62859.0,122600000.0,neh
P2,sun,472,62987.0,122800000.0,neh
P2,sun,473,63117.0,123200000.0,neh
P2,sun,474,63250.0,123400000.0,neh
P2,sun,475,63385.0,123600000.0,neh
P2,sun,476,63515.0,124000000.0,neh
P2,sun,477,63646.0,124200000.0,neh
P2,sun,478,63775.0,124400000.0,neh
P2,sun,479,63910.0,124800000.0,neh
P2,sun,480,64036.0,125000000.0,neh
P2,sun,481,64164.0,125200000.0,neh
P2,sun,482,64299.0,125400000.0,neh
P2,sun,483,64425.0,125800000.0,neh
P2,sun,484,64553.0,126000000.0,neh
P2,sun,485,64687.0,126200000.0,neh
P2,sun,486,64813.0,126600000.0,neh
P2,sun,487,64941.0,126800000.0,neh
P2,sun,488,65074.0,127000000.0,neh
P2,sun,489,65200.0,127400000.0,neh
P2,sun,490,65329.0,127600000.0,neh
P2,sun,491,65458.0,127800000.0,neh
P2,sun,492,65585.0,128000000.0,neh
P2,sun,493,65712.0,128400000.0,neh
P2,sun,494,65842.0,128600000.0,neh
P2,sun,495,65974.0,128800000.0,neh
P2,sun,496,66102.0,129200000.0,neh
P2,sun,497,66230.0,129400000.0,neh
P2,sun,498,66358.0,129600000.0,neh
P2,sun,499,66489.0,129800000.0,neh
P2,sun,500,66619.0,130200000.0,neh
